mcvopt : rwll : avg,mcvopt : rwll : std,random : rwll : avg,random : rwll : std,unc : laplace : avg,unc : laplace : std,unc : rwll : avg,unc : rwll : std,unc : rwll0010 : avg,unc : rwll0010 : std,uncnorm : rwll : avg,uncnorm : rwll : std,uncnorm : rwll0010 : avg,uncnorm : rwll0010 : std,uncnormdecaytau : rwll0010 : avg,uncnormdecaytau : rwll0010 : std,uncnormdecaytaukde : rwll0010 : avg,uncnormdecaytaukde : rwll0010 : std,uncnormkde : rwll0010 : avg,uncnormkde : rwll0010 : std,uncnormprop : rwll0010 : avg,uncnormprop : rwll0010 : std,uncnormprop++ : rwll0010 : avg,uncnormprop++ : rwll0010 : std,uncnormprop++decaytau : rwll0010 : avg,uncnormprop++decaytau : rwll0010 : std,uncnormprop++decaytaukde : rwll0010 : avg,uncnormprop++decaytaukde : rwll0010 : std,uncnormprop++kde : rwll0010 : avg,uncnormprop++kde : rwll0010 : std,uncnormprop++switchK : rwll0010 : avg,uncnormprop++switchK : rwll0010 : std,uncnormprop++switchKkde : rwll0010 : avg,uncnormprop++switchKkde : rwll0010 : std,uncnormpropdecaytau : rwll0010 : avg,uncnormpropdecaytau : rwll0010 : std,uncnormpropswitchK : rwll0010 : avg,uncnormpropswitchK : rwll0010 : std,uncnormswitchK : rwll0010 : avg,uncnormswitchK : rwll0010 : std,vopt : rwll0100 : avg,vopt : rwll0100 : std,voptfull : laplace : avg,voptfull : laplace : std
3.8340174448435094,0.0038481272447407735,3.8340174448435094,0.0038481272447407735,3.8314520266803482,0.008213345609841896,3.8340174448435094,0.0038481272447407735,3.8340174448435094,0.0038481272447407735,3.8340174448435094,0.0038481272447407735,3.8340174448435094,0.0038481272447407735,3.8340174448435094,0.0038481272447407735,3.8340174448435094,0.0038481272447407735,3.8340174448435094,0.0038481272447407735,3.8340174448435094,0.0038481272447407735,3.8340174448435094,0.0038481272447407735,3.8340174448435094,0.0038481272447407735,3.8340174448435094,0.0038481272447407735,3.8340174448435094,0.0038481272447407735,3.8340174448435094,0.0038481272447407735,3.8340174448435094,0.0038481272447407735,3.8340174448435094,0.0038481272447407735,3.8340174448435094,0.0038481272447407735,3.8340174448435094,0.0038481272447407735,3.8340174448435094,0.0038481272447407735,3.8340174448435094,0.0038481272447407735
7.098139833226428,1.1914028886951389,5.095574085952533,1.3224156153849993,5.989737010904426,1.5077171288243862,6.248877485567672,1.6488539848479682,7.302116741500962,0.9766502758892536,6.248877485567672,1.6488539848479682,6.481077613855035,1.4686051413464145,6.481077613855035,1.4686051413464145,6.481077613855035,1.4686051413464145,6.481077613855035,1.4686051413464145,6.574727389352148,1.409752051892715,7.042976266837717,1.218405817602584,7.458627325208468,0.5539934991182405,7.198203976908275,0.7813205998614345,7.599743425272611,0.052015740686884554,7.16484926234766,0.9007974745870851,7.223861449647208,0.9510836156070024,6.826170622193715,1.4707176927133891,7.5869146889031445,0.15481898490361087,6.481077613855035,1.4686051413464145,6.219371391917896,1.7514659901344016,6.150096215522771,1.146148341696837
10.165511932255582,1.679938066132315,7.341544778034385,1.5869559632609855,6.399794713882473,2.3040723310495914,8.605337439055685,1.3389541372312,11.046959199384142,0.7569055677369072,8.45008981267642,2.3614471199882785,10.42468565563254,0.9986167729478532,10.42468565563254,0.9986167729478532,10.42468565563254,0.9986167729478532,10.42468565563254,0.9986167729478532,10.520913523222992,1.4267938986782946,10.808314087759817,1.1765145793425127,11.354888375673596,0.21121475023292693,11.227867590454197,0.572023571126219,10.823710546574288,1.227368082642644,10.999486784706184,1.0972797726125196,11.231716705157814,0.4622215356857089,10.449063382088784,1.5966502263464173,11.267641775724917,0.5886559285168963,10.42468565563254,0.9986167729478532,8.521939953810625,2.667434946751924,6.1957916345907105,1.0914493377605132
13.246503272167327,1.8928616896634445,10.982933401770818,1.067088703762737,8.325420248941358,1.3872343006541201,10.533812395739767,3.2048461264193593,14.785063518542282,0.5947420377299008,9.906326190170665,2.8638201953970204,14.592583087386117,0.7064098838704027,14.592583087386117,0.7064098838704027,14.592583087386117,0.7064098838704027,14.592583087386117,0.7064098838704027,13.59681765687155,1.3297994278490606,14.089567560631338,1.1902009298162504,14.871038111125369,0.9911353008942717,14.511741306300525,0.9068613601331529,13.985628127807004,1.53411666596215,14.256383934300013,1.3281738646251093,14.854356473758504,0.6051277823923462,14.291030411908121,1.3957101015870115,13.732837161555242,1.5396915960882855,14.592583087386117,0.7064098838704027,10.538945207237264,2.893217291284642,6.29667650455537,1.6055739778320528
15.793121149897331,2.3489146514154546,13.218685831622178,2.336194303441801,10.46329568788501,1.7476436468362697,13.153234086242302,3.188854363380403,16.7055954825462,1.6323209414083484,11.0805954825462,4.171667920215227,16.65682751540041,1.6570899338401563,16.65682751540041,1.6570899338401563,16.65682751540041,1.6570899338401563,16.65682751540041,1.6570899338401563,16.83521560574949,1.439899507906152,16.61575975359343,1.5596696797825274,17.620636550308014,1.6492446566164722,17.256160164271048,1.052740078108854,17.227926078028748,1.674085954672306,15.943275154004104,2.475509565818563,17.79774127310062,1.0040790876031902,17.420431211498975,1.5292357072414526,16.803131416837783,1.9356658935678723,16.65682751540041,1.6570899338401563,13.286704312114988,3.2589352175677266,10.197638603696099,1.4088570315764546
17.27506096778334,2.727072379387184,14.716981132075471,3.030023647976223,11.583878834552689,2.7224094869633517,15.284302400205368,3.64425443503705,18.615068668977024,1.2914663010869385,11.736619175972276,4.673302785743065,18.597099217045308,1.291101414497272,18.597099217045308,1.291101414497272,18.597099217045308,1.291101414497272,18.597099217045308,1.291101414497272,19.789500705942757,1.2657580773754458,19.18624053394943,1.792950801871964,20.903606725709157,2.172639152331984,19.71762289821589,1.8619873263511388,19.620074444872287,1.42449185892248,18.978308304453854,2.628272976709669,20.79964061096137,0.8962190047672388,20.61352843024002,1.9849070408189848,19.830573738929534,2.0543574708012198,18.597099217045308,1.291101414497272,17.576691053780003,3.1030926586126846,13.790270825311257,1.5779639577847513
20.057766367137354,2.33163524404511,15.664955070603337,3.9688834124266075,12.774069319640565,3.2693142876223873,17.525032092426187,3.8574948897469103,21.351732991014124,1.1634722170791063,11.912708600770218,5.177642099209343,21.33889602053915,1.167586506651104,21.33889602053915,1.167586506651104,21.33889602053915,1.167586506651104,21.33889602053915,1.167586506651104,22.365853658536587,1.937081830720569,22.4403080872914,1.5725728950378683,23.62387676508344,1.840814852201463,23.37227214377407,2.132529911847157,22.617458279845952,1.2800776961247187,21.930680359435172,3.0108276181051368,24.52374839537869,0.9965359278888907,23.34017971758665,2.166573358841205,22.62259306803594,2.23017785700063,21.33889602053915,1.167586506651104,20.73555840821566,3.106271272216168,15.732991014120667,1.528529074987123
23.309795865964823,2.1485051291521255,17.51957889331108,4.358835605475245,14.024906920015406,3.555236723624497,19.229682886121456,3.8748507766457285,23.52291693413789,1.8856762264250142,13.298241109256642,5.293475623335059,23.602516369238668,1.8900278034803597,23.602516369238668,1.8900278034803597,23.602516369238668,1.8900278034803597,23.602516369238668,1.8900278034803597,23.393246886634998,2.5053895544723317,24.859417126717165,1.6063677290650729,25.620747207600466,2.31447357148996,25.303633329053792,3.6299406643817695,24.43189112851457,2.949251732768009,23.83361150340223,3.2033225509652867,26.344845294646298,1.8490285251830845,25.362690974451148,2.230716902908044,26.036718449094884,2.3800458114181215,23.602516369238668,1.8900278034803597,23.47027859802285,3.6985448597029698,18.47092052895108,1.703264740252898
26.105546995377505,2.5726361908615383,19.69054956343092,3.8718685784555946,15.345403184386234,4.244571451343527,20.12198253723678,3.5817231668531964,26.863122752953263,1.793077439806753,15.048793014894713,5.874836850824181,27.212378017462765,1.7756195258217609,27.212378017462765,1.7756195258217609,27.212378017462765,1.7756195258217609,27.212378017462765,1.7756195258217609,26.04134565998973,2.4983903265941447,27.59116589625064,1.3815888706713646,26.732152028762197,2.094549847702611,27.6874678993323,2.9265898290051515,26.991525423728813,1.2858416808005275,26.53184386235234,2.343016630116221,28.324345146379038,1.1597746895233623,27.298407806882388,2.7916996736916775,27.214946070878277,1.490934163456244,27.212378017462765,1.7756195258217609,27.09809964047252,3.78153255600394,22.42039034411916,1.6853304222621315
28.58353666367022,3.982157023441536,19.56979581353538,3.3051881184771847,16.59946063952742,3.749290575903824,22.288429433671507,3.6679093018120326,28.403749839476053,3.408220316483328,15.596506998844225,5.178564532964924,28.808270193912932,3.5167068235517513,28.808270193912932,3.5167068235517513,28.808270193912932,3.5167068235517513,28.808270193912932,3.5167068235517513,27.852831642481057,2.0859197352370304,28.525748041607805,2.155078983293199,28.76974444587132,1.3341514693091023,28.39604468986773,2.978913767003418,28.943110312058558,1.9498477835171115,28.66700911776037,2.5887726061442753,29.730319763708746,1.950309949142978,27.963272120200333,3.537234609108125,29.316810068062146,1.7644479496794743,28.808270193912932,3.5167068235517513,26.05496340053936,4.073489159779903,22.469500449467056,1.6649191240322336
30.75777035705112,3.4951624668019052,21.709478551245827,4.446942580042893,18.901875160544567,4.1396947089579905,23.606473156948372,3.543688415613834,30.92473670690984,2.5703424064538796,17.744669920369894,4.928952110124139,31.584895967120474,2.635872627524242,31.584895967120474,2.635872627524242,31.584895967120474,2.635872627524242,31.584895967120474,2.635872627524242,29.03159517081941,3.5521419753162298,32.00488055484202,1.6397511245063285,31.77369637811456,1.6154167624983942,30.942717698433086,2.937712837887785,32.43513999486258,1.8831154785795479,31.902132031852044,3.4909153273749447,33.4472129463139,1.6406698381585652,28.693809401489858,3.7850728040297725,31.379398921140506,1.318675821003833,31.584895967120474,2.635872627524242,27.83714359106088,4.3037260187058415,22.521191882866685,1.6579271962783975
32.41104688503532,3.4435470426772095,21.727681438664096,3.870594994657284,20.40847784200385,5.180610157111579,24.038535645472063,2.575055264194862,31.624919717405266,2.785031052029857,18.75529865125241,5.199737542549982,32.328837508028265,2.9460427454056384,32.328837508028265,2.9460427454056384,32.328837508028265,2.9460427454056384,32.328837508028265,2.9460427454056384,31.486191393705848,4.174571610253194,34.50610147719974,2.2746627475912127,33.6223506743738,1.4578866501760945,33.017341040462426,3.3011163325285096,34.6820809248555,2.1557317538427405,32.1849710982659,3.1171936486075,33.646756583172774,2.557031651067411,30.30186255619781,2.9854170268592357,33.202312138728324,1.4366877883539064,32.328837508028265,2.9460427454056384,29.10982658959537,4.9425403526058656,23.179190751445084,1.133006958474139
34.072456320657764,3.5002453474785726,22.649023638232272,4.027753523493936,21.775436793422408,4.70898165507186,25.23766700924974,2.927491689328027,34.252312435765674,2.575428373403182,20.561408016443988,5.166594153468762,34.926772867420354,2.4586299251040504,34.926772867420354,2.4586299251040504,34.926772867420354,2.4586299251040504,34.926772867420354,2.4586299251040504,33.00488180883865,4.214321908109592,36.626413155190136,2.205982980929637,35.70400822199383,2.5600215225350627,35.471479958890036,3.2320091186045334,37.1724049331963,1.9289408988776444,35.39825282631038,3.619963999506817,35.96736896197327,2.3402112441831253,31.03931140801644,3.146330567325624,33.93756423432683,2.6836179266118396,34.926772867420354,2.4586299251040504,31.799845837615624,4.3755074981379725,23.188591983556012,1.1356948696396754
35.98740845432353,2.9251443512125577,24.04085828086856,2.381835217376356,23.61685725298728,5.367492585517494,26.723628420917386,3.259101240247342,33.64769369137865,3.703631482870582,19.226519337016576,4.9912811852727526,32.93588590517795,3.675197565015034,32.93588590517795,3.675197565015034,32.93588590517795,3.675197565015034,32.93588590517795,3.675197565015034,34.056276500064236,4.0194881478296365,38.9271489143004,1.999726535564914,34.66915071309264,4.139480199999091,34.747526660670694,2.5612426570351343,38.07914685853784,2.5679426707242916,36.5103430553771,4.251927854811464,36.95875626365155,3.06060847671853,32.32558139534884,2.326485939526266,34.7192599254786,2.2199454596667914,32.93588590517795,3.675197565015034,33.79930618013619,3.3546990552716016,27.10137479121161,1.1704010768603053
38.27293754818813,3.8089169733021797,24.556669236700078,1.9954203482195443,24.569519403752253,5.232016172585649,28.73554356206631,4.301639437310022,35.390645078386015,2.421501040756248,20.66306861989206,5.225320992039804,35.141351837573886,2.280338450181429,35.141351837573886,2.280338450181429,35.141351837573886,2.280338450181429,35.141351837573886,2.280338450181429,36.04985864816242,4.0815828454615755,40.00642508352608,2.6966071731793817,36.94680030840401,3.7333253987465893,36.53687997943973,2.3896823100320304,39.6183500385505,2.622916782775623,38.62888717553328,3.714313834546328,37.99280390645079,2.4855970208105287,33.47083012079157,2.9517874245152695,36.982780776150086,2.371090873505287,35.141351837573886,2.280338450181429,35.43305062965818,3.845555857765821,30.260858391159083,0.4751243919330306
39.17748361393137,4.063590567553074,25.262819688985992,2.886817406182067,25.92211797969413,5.342768535943166,30.557768924302792,4.3199206305451305,36.95411900783961,2.719161755166993,21.33530394550829,4.617379391668956,36.66238272715589,2.5707559782922043,36.66238272715589,2.5707559782922043,36.66238272715589,2.5707559782922043,36.66238272715589,2.5707559782922043,36.817889731396996,2.8056953359433656,41.84937668680119,1.9393308997303849,38.67112196375787,3.3887055514815727,38.11206785760185,2.7711706702862138,40.2274771880221,2.319412878326781,38.91016578845907,2.73754112536059,38.59401105256394,3.112507741900065,35.17285695925973,3.438464599186172,37.53630638735381,2.9532407982979523,36.66238272715589,2.5707559782922043,37.402647474617666,2.888847824418324,30.268603007325538,0.48237311073652217
40.01028277634961,4.255049320144267,26.071979434447297,1.8718748669032133,27.746786632390744,5.754592308516857,31.85218508997429,4.016471766742987,38.375321336760926,2.7224257247132715,22.192802056555273,5.01167410818557,38.62724935732648,2.5899459068274173,38.62724935732648,2.5899459068274173,38.62724935732648,2.5899459068274173,38.62724935732648,2.5899459068274173,37.19794344473008,2.743395541505288,42.290488431876604,1.8024287357379145,40.095115681233935,3.2070745576455693,40.29691516709512,3.1338988324245953,40.80976863753213,2.121866222942882,39.967866323907465,2.873860370075234,39.965295629820055,2.767976579585501,36.30077120822622,2.6329530247814117,38.48457583547558,2.528388719962567,38.62724935732648,2.5899459068274173,38.904884318766065,3.5281397325563355,30.311053984575835,0.47355227398925587
39.6349145134336,4.376627692141311,27.29913870677465,2.4609567142842,28.683635428718343,5.798874636296856,31.771435917213005,2.818787240085944,41.52590307237434,3.1481933197305163,23.27291425633115,4.797979589198135,41.7804345031495,3.0184882160130226,41.7804345031495,3.0184882160130226,41.7804345031495,3.0184882160130226,41.7804345031495,3.0184882160130226,37.961177529245404,3.34560343020199,44.66383853965805,1.718102427030304,40.210824013369326,4.196251552197086,41.461627458542225,3.752449970836923,42.487466255302735,2.8180379003832274,41.22123666281013,2.869015733841443,41.613317907186016,2.797780661446137,37.67836482838411,2.9715972524432117,39.53464455585551,2.9498750797517546,41.7804345031495,3.0184882160130226,38.031880704460725,3.7004593484317208,32.84612418048592,0.3154328613871352
40.35484700437131,3.815265411682065,27.87091797377218,2.682983262646185,29.205451272820778,5.62259353471241,33.823605039856,2.3742590331913127,42.94677294934431,3.2414284592836564,24.57829776292106,4.340863451159184,42.88248907174081,2.896595858882948,42.88248907174081,2.896595858882948,42.88248907174081,2.896595858882948,42.88248907174081,2.896595858882948,39.15145281563384,2.7748055161272918,46.009256878374906,1.4597304590324764,41.33581897660066,4.179861897957361,42.537927487786064,3.7980281494402646,44.105168423759324,2.262852756975821,43.85188994600154,3.4632144226599118,42.5237850347133,2.2517588029551043,37.189508871175114,2.557110195574737,40.1157109796863,2.4487132248077565,42.88248907174081,2.896595858882948,37.51349961429674,3.2417221772339837,32.82463358189766,0.3061127784090153
41.071107110711075,3.548700126780188,29.97685482833998,3.152607983272442,30.45261669024045,5.836811882025186,35.06364922206506,3.0625335639982474,44.198276970554204,2.5045964820660367,26.02803137456603,4.548721812815407,44.31400282885431,2.208515516339513,44.31400282885431,2.208515516339513,44.31400282885431,2.208515516339513,44.31400282885431,2.208515516339513,39.50366465217951,3.4560232020782338,48.023659508808024,1.7785842535225036,41.735887874501735,3.8727520961068422,43.15545840298316,3.3693391964445536,45.82229651536583,2.774187441857144,45.08293686511508,4.37743841525466,43.761090394753765,2.2315731696527767,37.160858943037155,3.5412075287807867,40.58505850585059,2.077056579528645,44.31400282885431,2.208515516339513,38.31040246881831,2.937677943539563,36.148900604346146,0.30309092133641374
41.505915637860085,3.292222513322608,30.560699588477366,3.0434204650604286,31.46090534979424,5.943735272543355,36.1496913580247,4.27729121341863,46.05324074074074,1.7466761486640565,27.680041152263374,5.222885224292366,46.476337448559676,1.4776228971693788,46.476337448559676,1.4776228971693788,46.476337448559676,1.4776228971693788,46.476337448559676,1.4776228971693788,40.77289094650206,3.1949126848632825,48.777006172839506,2.954739014204845,43.49922839506173,4.297855090624935,44.93055555555556,3.2941838204832568,46.77854938271605,2.67837727915024,46.168981481481474,4.580671959729956,45.06687242798355,3.2102856079036064,37.240226337448554,3.4137053959327917,40.25077160493827,2.4183893392946456,46.476337448559676,1.4776228971693788,39.61033950617284,2.6309757824788402,37.5514403292181,0.397832003556018
42.335691318327974,3.7011876086935316,32.78456591639871,3.264718123407559,32.30096463022509,5.2688655083814835,36.62122186495177,4.155841963468588,48.26495176848874,2.1781129283630225,28.335691318327974,5.273548579113253,48.73440514469453,1.8417130698252144,48.73440514469453,1.8417130698252144,48.73440514469453,1.8417130698252144,48.73440514469453,1.8417130698252144,41.32090032154341,2.9690284106017026,50.046302250803855,1.7406681655250869,43.562700964630224,3.8004026017354744,45.14083601286173,3.915413579445062,46.32540192926045,2.750293983615019,46.479742765273315,3.8817129375916397,46.32797427652733,2.5392012391233147,38.48102893890676,3.387984719973568,40.19935691318328,3.0667528538932536,48.73440514469453,1.8417130698252144,41.84951768488746,3.077358500032775,37.74790996784566,0.40763588712238413
43.35348597890404,4.814587088661164,33.31360946745562,3.6985673379742314,33.32647285824544,5.29407784186426,38.02804219192179,3.9617324518587123,49.0892719320813,1.8004042165359389,27.68330331875482,4.90059889460832,49.585798816568044,1.4473435513338693,49.585798816568044,1.4473435513338693,49.585798816568044,1.4473435513338693,49.585798816568044,1.4473435513338693,41.60277849241059,3.0597126430051174,50.627733470542836,2.2109006946165026,44.9858502701312,3.0399314220418048,45.46694108567018,4.115863755131844,47.30254695137638,2.3470457671196407,47.890403910470795,4.428889920316858,48.06791870337021,3.077388748057255,38.883457679444305,3.575447905204007,41.78157962438899,2.982007277988206,49.585798816568044,1.4473435513338693,43.23257010547981,3.023326223410687,37.76820169796759,0.4064281908834069
44.215875466357915,3.8644012536732135,33.667824520777046,3.6034760976028775,33.42853467129809,5.263423985312928,40.1608130708864,4.010738804963174,49.9704103949569,1.9656745735397456,29.315579570307484,5.443216026657303,50.40653544320082,1.7335709905763506,50.40653544320082,1.7335709905763506,50.40653544320082,1.7335709905763506,50.40653544320082,1.7335709905763506,41.69432651485913,3.681356815571438,50.06689823748874,2.7197269464301255,46.06844204296926,3.981965235909291,46.6319310433552,3.0319779461042073,48.78168017496462,2.4052667745744363,48.96822333719285,4.391991872530807,48.95535829152193,2.4987684515415522,39.422359449376046,3.3525334005554726,42.647626399073715,3.173919145135631,50.40653544320082,1.7335709905763506,44.67773060594366,3.955091681716159,37.7743470989322,0.4069423612487612
45.09264024704066,3.6894385015042706,34.93437982501287,4.185549694085572,33.99511065362841,5.061860408842215,40.39243437982502,4.1502443027935225,50.781008749356666,2.0986693703696115,31.276376737004625,5.451002735525698,51.20046320123521,1.9229589165418748,51.20046320123521,1.9229589165418748,51.20046320123521,1.9229589165418748,51.20046320123521,1.9229589165418748,41.477097272259385,3.6024152541279126,51.01904271744725,2.9384108454409636,47.51544004117345,4.14348707151874,47.507720020586724,3.788491021715403,49.37081832218219,2.0813967883324853,50.04503345342255,4.3423285830944875,49.93695316520844,2.453571920661859,40.48764796706125,2.6858266722237025,43.426402470406586,3.1662619225210005,51.20046320123521,1.9229589165418748,45.611168296448795,3.1449094166361142,36.709984559958826,0.4703109224071655
45.04696950199459,3.243123075278326,35.17822674044525,3.501479861021747,34.671213486037836,4.527237312052175,41.05649208596063,4.012130958199755,50.93038219019431,1.3079948743873622,32.37678548449363,5.585065467937973,51.34216960494145,1.1413412686330318,51.34216960494145,1.1413412686330318,51.34216960494145,1.1413412686330318,51.34216960494145,1.1413412686330318,42.0319135246429,2.2527200593282335,52.26483078110924,2.7659858492541005,48.487968086475355,4.203353727479335,48.50341011452837,3.7443636674945013,49.56891005018658,1.8937219942597272,50.34744563119289,4.137861070408832,50.24321194183502,1.7953659008913712,40.945824218247324,2.735762094971314,43.856646506241155,3.2865009618990038,51.34216960494145,1.1413412686330318,46.51267533136019,2.8852810039683128,36.72886372410243,0.47413564641392075
45.70527670527671,3.018022408637553,36.680823680823686,2.8635327458739455,34.849420849420845,4.825327409821011,41.45431145431145,3.4249036387317746,50.87902187902188,2.4424154874365382,32.480051480051486,6.396893698185554,51.58429858429859,2.260623897037431,51.58429858429859,2.260623897037431,51.58429858429859,2.260623897037431,51.58429858429859,2.260623897037431,42.432432432432435,2.3924519679205942,52.53925353925354,3.2647194499626626,48.664092664092664,3.8286884457787576,49.86743886743887,3.503760488682389,50.254826254826256,2.22990791564532,50.50836550836551,3.6499876106544233,50.526383526383526,1.915570311739189,41.265122265122265,3.3844416999660036,44.08880308880309,3.503240434649587,51.58429858429859,2.260623897037431,46.75675675675676,2.6517911199725477,36.622908622908625,0.4818337564381574
45.855322435319856,2.835107556156063,36.77178530055348,2.82204300458466,35.08945810271592,4.733675925906292,42.860084953018415,3.37727097668241,49.15947998455399,1.9344607589252332,32.284721328356284,5.500089511212757,49.71939760586948,2.079426466916664,49.71939760586948,2.079426466916664,49.71939760586948,2.079426466916664,49.71939760586948,2.079426466916664,42.37868451538165,2.8497841291945427,52.79701377268632,4.250215898661052,48.31895996910799,4.162772130271324,50.19436220877848,3.2646989494264496,50.95121637276355,2.26741828498309,50.828935512936035,3.7415242040220043,50.68605998197967,2.0617328892909192,41.952632256403646,3.3349104535495355,44.57459132449479,3.659467918405103,49.71939760586948,2.079426466916664,47.0768438666495,2.975167155992933,36.58385892650277,0.48397477152786755
47.46138002059733,3.674895273680882,38.06642636457261,2.698790884776363,35.925592173017506,4.570995568396037,43.35736354273944,3.5166761267768933,48.29299691040164,1.7597154520162481,33.0110710607621,5.543081723382134,48.97528321318228,2.3943985799985947,48.97528321318228,2.3943985799985947,48.97528321318228,2.3943985799985947,48.97528321318228,2.3943985799985947,43.63156539649846,2.41514069029035,53.46807415036045,4.065241591638906,48.050978372811535,4.290462447026686,49.41426364572605,3.356568984802119,50.781410916580846,2.22974821918457,50.744078269824925,2.500686659881947,50.80973223480947,2.768139090496914,41.83573635427395,3.0265943422029973,45.22013388259526,3.1943807551184706,48.97528321318228,2.3943985799985947,47.386714727085476,3.049364706430489,40.42739443872297,0.4767025991001891
48.13570233037209,4.191747761540591,38.19363975795031,2.75252732906554,36.689841637697945,5.011379885537627,44.41225698467877,3.0713529798964303,47.88464014419982,1.6152825709535985,33.24320844598944,5.303546411041363,48.72666409166989,2.3318881389575217,48.72666409166989,2.3318881389575217,48.68288914638857,2.381132814283454,48.69447663190421,2.3674882959363104,43.52903308870864,2.5662426836022703,53.28440839448952,4.871224936656792,48.74597656752928,4.333817693248345,50.378524526844345,3.0997199583360238,51.45101068623664,2.4934213852886504,51.09823612720484,1.6477645643949288,51.03643620445474,2.4700716183910476,42.79000901248874,3.355875113479225,45.967555040556206,3.054336152438587,48.72666409166989,2.3318881389575217,47.77906527616841,3.238753319844064,39.76310029612463,0.47877631918019253
48.15091424156581,3.825208815802541,38.57584342003605,3.2732808363926247,37.18645377285604,4.651332652105343,45.42492917847026,3.366206608713112,47.279165593613186,1.8082496158243084,33.79603399433427,5.018419662204419,48.0247231522019,2.856532571506457,48.0247231522019,2.856532571506457,48.216585114602104,2.4509310108146605,47.6770538243626,2.9177015487759195,43.05047643574555,2.9719671377610832,53.345351532320365,4.491301030505395,49.17331959824877,3.2853549714636325,50.48802472315221,3.7641243174483643,51.61473087818697,3.3438642915942394,50.9837754313675,2.3267717564850567,50.23177955189287,2.1741629088380834,42.78779294360031,2.9729790074375315,47.28174092196755,4.032656870353288,48.0247231522019,2.856532571506457,47.744012361576104,3.211950721199091,43.523049188771566,0.48348317664675716
48.11848036059239,2.9015996104837383,38.197037990985194,3.05975509277305,37.68834513844173,4.865391255818123,46.4803605924018,3.4372653319842734,46.97488731487444,1.5732539545718294,34.3554410817772,5.118443219304171,47.551835157759186,2.601041712703906,47.551835157759186,2.601041712703906,47.99098518995493,2.749263708467003,47.46683837733419,2.688110619766486,43.6149388280747,3.129178084277868,53.286542176432704,4.248356001853513,49.76690276883452,3.0245377945005827,51.10238248551191,3.64736307905018,50.98132646490664,3.1819517097600367,52.15582743077913,2.691530514883934,50.58982614294913,2.424406601052139,43.49517063747586,2.9395334184057478,46.24855119124275,3.5383738182086892,47.551835157759186,2.601041712703906,47.93818415969093,3.2166436107530028,46.41210560206053,0.4822214069783046
48.746780010303965,3.1117673882198615,38.45440494590418,2.9235361592839864,38.20066975785677,4.909749904967332,47.447192168985055,3.152364584134651,47.004121586810925,2.509934855386575,34.19757856774858,4.782939180810856,47.21148892323545,3.1171482750191615,47.21148892323545,3.1171482750191615,47.040185471406495,2.9024226229431855,47.16125708397734,3.2474981592395884,44.155074703760945,3.7167722750078753,54.200154559505414,4.2175422580257065,49.94848016486347,2.8666459890291303,51.920401854714065,3.428641399495113,51.59969088098917,3.4463304072339627,52.40211231324059,2.9138910642921747,51.11411643482741,2.1654214043721116,44.15893869139619,3.1137883083414484,46.53786707882534,2.8485786941801727,47.21148892323545,3.1171482750191615,48.11566202988151,3.1237607135127528,48.991499227202475,0.47729067774341005
48.25325260852763,3.4962545484880274,39.15496586371249,3.765115128762543,38.133453561767354,5.39452583946872,48.50057967280691,3.167895766390423,47.023058096096875,2.5494814493344222,34.32178281592168,4.796918729599026,46.13937910601572,2.311163299007647,46.13937910601572,2.311163299007647,46.93803941775087,3.155437965038509,46.07497101635966,2.3728961225902934,45.2763107046245,4.428001779671421,55.00708488986216,3.8998246771655674,50.15071492979519,3.3678905706327864,51.728713126368675,2.5692163334842006,52.729614839623856,3.244072245888779,52.26974107947958,2.5026835506881175,51.39379106015716,2.0854782466274266,44.80613165013526,3.320780416655536,46.641762205332995,2.839020920872019,46.13937910601572,2.311163299007647,48.40525570011594,2.4411468093601036,49.08669328867706,0.4729220726248615
48.662715794898226,4.105481520120082,39.65215150734346,3.8228607326992403,38.606029373872715,5.0121552913226495,48.152538005668646,3.409550081763122,47.12960577170832,1.786514387669006,35.78459160010307,5.310474485907508,47.00592630765267,2.434299972333427,47.0046379799021,2.4342048546375263,47.85364596753415,2.8477184475568746,46.758567379541354,2.3524892947425786,45.17778922958001,4.319031309225349,54.76423602164391,3.451164337016247,50.22159237309971,2.445562362437054,51.315382633341926,2.8125729179388483,52.96959546508632,3.111823605793956,52.83818603452719,2.6608260049469226,52.30997165678948,1.299590680515152,44.686936356609124,3.9538575067844484,46.591084771965996,2.597149878876534,47.00592630765267,2.434299972333427,48.42952847204329,2.578557980978751,51.276732800824526,0.5335434822769985
49.50264141218915,4.29060854371055,39.881458574925915,4.089394988319095,39.3441566808401,5.453088381273471,48.775930936734966,3.215654231309129,46.62285787913928,2.5914245769300437,36.26981059141863,5.46711846229663,46.669243654168284,2.6897503793393027,46.66795516041748,2.6893087092877956,47.998969204999355,2.34270559086879,46.43989176652493,2.7590728224891756,45.419404715887126,3.784027773845762,54.79577374049736,3.653392418091647,50.13271485633294,1.6866063286322288,50.87875273804922,2.7821205881160145,52.547352145342096,2.401074828966216,52.5486406390929,2.906380668990592,52.65558562040974,1.3791000881893403,45.40007730962505,3.6830202686451075,46.37160159773226,3.3701511603124423,46.669243654168284,2.6897503793393027,48.33397758020874,2.733440416513426,51.208607138255374,0.5373204332444039
50.35051546391753,4.438843982592331,40.08247422680412,4.640153104275671,40.02448453608247,5.104226580545358,48.78350515463917,3.135556884049601,46.89819587628866,2.2940971243619894,37.01288659793815,5.950125615931215,47.06314432989691,2.511851822367743,47.06185567010309,2.5115976075491844,48.90721649484536,3.102876572253221,46.6868556701031,2.606054059732628,46.21005154639176,3.8095776164826924,55.19329896907216,4.07031717832807,49.7951030927835,1.7708778640836709,51.810567010309285,2.6646621040000538,52.921391752577314,2.1680838396773114,52.2319587628866,2.4925745288578507,52.67912371134021,2.2773681379086925,45.36211340206186,4.363750853792639,46.43170103092784,3.4292806133399494,47.06314432989691,2.511851822367743,48.740979381443296,2.342513069462725,52.884020618556704,0.38903014977553035
50.93182111096791,3.853722139784869,40.91119989689393,4.582837393097314,40.55806160587705,4.886368612707627,49.06044593375436,2.525409502731666,48.311638097693006,1.5362593643863127,37.574429694548265,6.674914214397172,47.93658976672252,1.5960764743224263,47.93658976672252,1.5960764743224263,49.707436525325434,2.445754175969634,47.68655754607553,1.2452619375185467,46.99961335223611,3.7934463374301517,55.26872019590154,4.180570725963452,49.827297332130435,2.4764677766281777,52.130429179017916,2.8527036339467156,52.781286248227865,2.4065319752534373,52.40494909137776,3.528076747107572,52.56347467457147,2.3666100089191935,44.99806676118057,4.799765460849075,46.56012372728444,3.378067458009598,47.93658976672252,1.5960764743224263,48.33483696352623,2.6532167234054094,52.8315504575332,0.392650063654175
51.21165248775458,3.6845921669320627,42.415571023459655,4.692657505306581,41.263212168084564,4.254824970933527,49.6042794534674,2.225041039045379,48.668471255478224,2.3624523013562833,37.76488785769528,6.777406229412096,48.96880639340037,1.6735068179548824,48.96880639340037,1.6735068179548824,49.793761278680066,1.7665681323683073,48.61175560711524,1.8025994448443283,47.21062129414798,3.3279527076777815,55.23330755349317,3.9690699184186484,50.18819283320444,2.4975609737722273,52.27764887857696,2.7699058659587337,52.96081464294922,2.495776470575679,52.0030935808198,3.7054482670083444,52.410415055426654,2.6199662309866327,45.25393142562516,4.795898435577373,46.359886568703274,3.5003915961104344,48.96880639340037,1.6735068179548824,48.56148491879351,2.3596525840729234,54.97164217581851,0.37606990749225105
50.76833827510635,3.1861744578562785,42.80907567358515,4.671042075847419,41.71715869537193,4.318726080577558,50.09281938893902,2.002698415096081,49.72669846590177,2.506927438400794,38.36534742812943,7.111478418130331,49.18267371406471,1.8579578287484968,49.18267371406471,1.8579578287484968,50.188217094237466,1.906276155919443,48.899058914528815,1.7835395093107995,47.738816552791036,3.8359050569263826,55.184994198788196,4.079064548484897,51.21825447982468,2.719897688877838,52.699497228309916,3.3013800601214762,53.07335310042542,2.520655026203379,52.78458166817069,3.4179142810872647,52.15418331829316,2.987217350110688,45.51115121825448,5.310925068073068,46.37875467319841,3.340353876991028,49.18267371406471,1.8579578287484968,49.082119376047444,2.2705955132739466,54.98517468093335,0.3841950928813389
50.62403300670449,3.220603298002915,43.380608561113974,4.4717338906164175,42.077101598762255,4.236733495449022,50.05415162454874,2.555490387745021,49.93682310469315,1.9952014843385042,38.69520371325425,7.517640913920512,49.49587416193914,1.4919934648136375,49.49587416193914,1.4919934648136375,50.91799896854049,1.9887535177372826,49.111655492521926,2.0380010193315887,48.81382155750387,4.116164846533753,54.99871067560598,3.604029777279581,51.87080969571944,2.1107185445908723,52.725631768953065,2.7620097238311563,53.076328004125834,2.3286155177883257,52.92418772563176,3.5477081513851916,52.746260959257356,2.779467622653912,46.362815884476525,4.99516768546824,47.481949458483754,3.4906088173638308,49.49587416193914,1.4919934648136375,49.16451779267664,2.886790120092253,55.94249613202682,0.3803157298985826
51.107672469374606,3.32862074229116,44.10960670535139,3.626716469581653,42.10831721470019,4.104840878255865,50.85235332043843,3.2468350362729366,50.05544809800129,1.9418444811250883,38.9980657640232,7.432982607391853,49.491940683430045,1.2663224953776047,49.491940683430045,1.2663224953776047,51.301096067053514,2.489052335399597,49.03159252095422,1.50273192935239,49.26627981947131,4.192785148108731,55.482914248871694,3.331570979256121,51.81173436492586,2.5236686071537355,52.66795615731786,2.814153152366488,52.25918762088975,2.2405993785604634,53.03030303030304,3.6004567199058637,52.91811734364926,3.0462605751930694,46.88201160541586,4.964220978367205,47.988394584139265,3.5650685415065255,49.491940683430045,1.2663224953776047,49.721470019342355,2.7576863283532074,56.221792392005156,0.381915697711066
51.50374000515863,3.445528955919821,44.201702347175654,3.0914946717809983,42.63347949445448,4.536982360995634,51.35413979881353,3.4115070848586604,52.77147278823833,1.9436927305381413,39.09079184936807,7.320789568628144,52.45034820737683,1.2280351590519611,52.45034820737683,1.2280351590519611,53.05132834665979,1.6898660018138905,52.10343048749032,1.2658684286084319,49.77817900438483,3.904163729413432,55.81764250709311,3.2064951657893173,52.04023729687903,2.5544376882386293,52.78436935775083,3.000189201378112,51.720402372968785,2.1944050218115922,52.7327830797008,3.7731732579587725,53.45370131545009,3.111099529832747,47.13438225432036,5.103587595610583,48.34150116069126,3.6909531328162686,52.45034820737683,1.2280351590519611,50.10188289914883,2.890842793107421,56.85581635285014,0.33631127901110175
51.90506900554624,3.0198000099023976,44.75428866245325,3.280646215358835,42.873726299496965,4.550700580059549,52.29846511027989,3.391965763367583,54.832967883399974,2.142837129520905,39.79620791951503,7.583088673690395,53.59989681413647,1.5472418315091134,53.59989681413647,1.5472418315091134,53.99329291887011,2.1229602005843704,53.49671095059976,1.2742279152364693,49.703340642331995,3.803751001577187,56.12666064749129,3.3629690653550166,52.213336772862114,1.8808564869001367,53.31613568941056,2.8295748212162275,51.76705791306591,1.5832942135352575,53.04656262092094,3.4349718566489367,53.118792725396624,2.626924241445559,47.43841093770153,4.7811139875446305,49.43247775054817,3.626414518216637,53.59989681413647,1.5472418315091134,50.163807558364496,2.8723284579865744,56.885076744486014,0.33763080346903585
52.211042311661515,2.7595179914035586,45.27863777089784,3.295695162723514,43.053405572755416,4.356924628291111,52.73993808049536,3.379739481002286,55.61274509803921,1.598186847498546,40.26315789473684,8.060657801952297,54.56140350877193,1.5905965083207132,54.56140350877193,1.5905965083207132,54.312435500515996,2.7725539657002414,54.2234262125903,1.367354985263831,50.261867905056754,3.580464133280068,56.32094943240454,2.7375939609060436,52.30521155830752,2.1895654949419225,53.07404540763673,2.867313951722947,52.05108359133127,1.8973639018209394,53.449432404540765,3.4134657727413917,53.14628482972135,2.522795387768808,47.7592879256966,4.364857126096681,49.71491228070175,4.242271641449816,54.56140350877193,1.5905965083207132,50.183178534571724,2.869708386483436,56.972394220846226,0.35713149371817743
52.638369242678365,2.121842056752065,45.45478002838344,3.343843716782959,43.33892400980519,4.608403669350519,52.9557476454651,3.422014499281624,56.234034318152496,1.4631081322399357,40.598632434524575,8.198344274483517,55.74119468455683,1.5027882124766503,55.74119468455683,1.5027882124766503,54.903883369887765,2.967085300347803,55.399303315701204,1.3274697016300223,50.380596052122314,3.3272773367027626,56.535930847632564,2.693946360753658,52.59579409108503,2.3885528738756365,53.06025029028514,2.975789463755613,52.29776802993162,1.7231888337690857,54.01238549864534,3.037046388671422,53.55438007998968,2.368102536636369,48.009289123984004,4.592592605081337,50.688943362146816,4.18248016047103,55.74119468455683,1.5027882124766503,50.43091214036899,2.82533848735318,56.98361501741711,0.35947925981879086
53.35612903225807,2.428656184741607,46.35354838709678,3.227788810244249,43.49290322580646,4.497732299467042,53.73548387096774,3.2990964613024194,57.63096774193548,1.4962535245677706,41.20645161290322,7.221254902891091,56.53290322580646,1.689751688867694,56.53290322580646,1.689751688867694,55.73935483870967,2.9223957785297268,56.54451612903226,0.9036275604196964,50.85677419354839,3.5637354859674715,56.77548387096774,2.6560998063064947,52.48387096774193,2.4602377997294256,53.92258064516129,2.5908893446563677,52.6025806451613,1.6781144961613452,54.32645161290323,2.4910782741098156,54.24903225806452,2.8489261901714364,47.8374193548387,5.222435232788049,51.31870967741936,4.604563813047738,56.53290322580646,1.689751688867694,50.90967741935484,2.6673764230625747,56.95612903225807,0.3581174038244388
54.15021293070073,2.1703130079083977,46.54794166989288,3.280163344705146,44.29345722028649,4.060056101634492,53.85727190605239,4.116907786502936,59.39734159246353,1.69666731742936,41.31758936636985,7.101288521029983,58.629500580720084,1.6891688905311504,58.628210091624716,1.6879819353745682,56.68215253581108,2.8738821287930425,58.4643179765131,1.143408294776157,51.29307007355787,3.536420725185022,56.70150987224157,2.3758657778450925,52.74745128403665,2.500142030536016,53.658536585365844,2.3574025223749477,52.98877274487031,1.9895010457589828,54.107626790553624,2.212884402788502,54.82255774938702,2.9851877602264683,48.37914569621886,4.984457791709054,51.7279648986966,4.899704144571376,58.629500580720084,1.6891688905311504,51.08142986191767,2.242861508822408,56.98670796231772,0.3544243194784619
54.3417656169334,2.0197354807960366,46.76819824470831,3.328441532735322,45.2787816210635,4.598752252792797,53.86422302529685,4.005036549623419,59.50955085183273,1.517822022935748,41.525554981930824,7.3573286360292,58.64223025296851,1.3970380164460316,58.640939597315445,1.3947234895025,57.419979349509546,2.84865830884917,58.52219927723282,1.2867914533247284,51.093185338151784,3.314694453672877,56.50490449148167,2.2373432916055407,52.72715539494063,2.6008171762880257,54.055240061951466,2.5173397306595864,53.38926174496645,1.7108778669867202,54.5934434692824,2.2024988613584444,54.837377387712955,2.161297597451862,48.532524522457415,5.206809642600933,51.566855962829116,4.936936537000052,58.64223025296851,1.3970380164460316,50.76923076923077,2.545794638091183,56.94630872483221,0.35279075409972377
54.79024138376146,2.2723473052166825,47.67393829869627,3.1935581702078846,45.198141215954564,4.6381391904990235,54.326836194656,3.0963489674204974,59.6282431909126,1.87440725714525,41.6328901510262,7.064228192981311,59.009939331354076,1.3431407181920978,59.0086485091003,1.3410170927668337,58.47682974054472,2.4103063238539275,58.875693816961416,1.1807242247726137,51.503807925648644,3.8593599456408723,56.468310313669804,1.9470649231232027,53.14057054343617,2.4438357450212798,54.075125855169745,2.677887221239801,53.401316638698844,1.4929741926113773,54.85994578546534,1.795245593625827,54.9154511423777,2.137026706929176,48.747902413837615,5.263644104386134,51.79424293274816,4.992493491591253,59.009939331354076,1.3431407181920978,51.005550535691235,2.5516862521229857,55.63185749322319,0.1988704290442282
54.65401497547121,2.407971165608892,48.78647043635425,3.034752180393179,45.308546346501416,4.353765839433482,54.907048799380334,2.808311564229943,59.61915827523883,1.664539327278249,41.92357345726826,7.044485779214801,59.29124709527498,1.0177717941377022,59.28995610637749,1.0148552323322637,59.038213271365876,2.3097335604189424,58.91040537051382,1.1207657489726555,51.72734314484895,3.4954858872896355,56.73767105602891,2.0125142239241987,53.40433772269559,2.1049854062154556,54.19184095016783,2.7327039316455983,53.86651174799897,1.8223829926904218,55.46088303640588,1.6462918002652065,55.13942680092951,2.294196243126035,49.26800929512006,5.065443152879788,52.14562354763749,5.182103406975151,59.29124709527498,1.0177717941377022,51.651174799896715,2.5498416458240176,55.6545313710302,0.21094932401714786
55.14912846998063,2.1326830181112824,48.995480955455136,3.0683901585278144,46.109748224661075,4.735830551344522,55.20981278244028,2.7484211177636233,59.55971594577147,1.6611653693968778,42.62750161394449,6.282108837470372,59.679793415106516,0.9504483827657463,59.67850225952227,0.9477020420815244,59.00322788896062,3.1205593112692864,59.3531310522918,0.947983452937425,51.651387992253056,3.4343534735743377,56.5203357004519,1.7790348289157354,53.46804389928987,2.031012358581842,54.42349903163331,2.6073316587436697,53.876049063912205,1.6407844429798657,55.85797288573273,2.0202834831678587,55.728857327307935,1.9265045138330041,49.05229180116204,4.846425883166411,52.39767591994835,5.214346813448206,59.679793415106516,0.9504483827657463,52.241446094254364,1.9215974072609436,55.57004519044544,0.21869370545653874
55.72314049586777,2.136580864697288,48.79132231404959,3.0254455505600704,46.27195247933885,4.7666275019741695,55.25955578512397,2.8370210175433717,59.67716942148761,1.530510594448113,43.34839876033057,6.506264271258528,59.01472107438017,1.6205292446623705,59.01730371900826,1.6244511363703085,58.893336776859506,3.109701739022589,58.82231404958678,1.291887789411144,52.34375,3.656331873132139,56.318440082644635,2.120326466898099,53.48011363636364,2.276834149193805,54.80113636363636,2.716150300581319,53.55630165289256,1.953094157430131,55.843233471074385,2.028233306275934,56.05759297520662,1.9875581526170043,49.16838842975207,4.4226467751868315,52.69369834710744,4.672011270547204,60.41580578512397,1.20245892601458,52.53228305785124,1.6064220862537275,56.30552685950413,0.21484514464297524
55.94859873434069,2.587497338136674,49.04946403202892,3.155678728424362,46.3993284256748,4.690029949620148,55.342890352576525,2.8012442952497802,59.298721425803954,1.638504727619884,44.25933100865298,6.359127547154497,59.11403848637478,1.6524480480523775,59.11662146454862,1.6564947348056525,59.200568255198256,2.6020889944931187,59.123078909983214,1.3545676638430215,52.83869301304404,3.845524728315366,55.95505617977528,1.922716279112628,53.94162469327133,2.4438103069022814,55.19307761849412,2.8515377134250763,54.0436523311378,2.4467103106983945,55.947307245253775,2.113296075245497,56.147488053725944,1.7164881147096278,49.77657238796332,4.264620558167711,53.18610357742476,4.640609095079704,60.96345085884025,1.2627197306002853,52.29368461836498,1.5018130144957533,57.156141030608296,0.3077540180003921
56.285197623353135,2.609459506166555,48.8840092999225,3.2290219560016156,46.369155257039516,4.644064151507681,55.374580211831564,2.810273115739648,59.28183931800569,1.6278984851922853,45.04520795660037,5.489930236538759,59.10488245931284,1.6538689227100012,59.108757427021445,1.659803467068911,59.04029966416947,2.8467489530187438,59.10229914750712,1.343595966964043,52.889434254714544,3.7952932243844026,56.89098424179798,2.1376436913284382,54.184965125290624,2.2790901476239362,55.241539653836206,2.8517749901855067,54.97158357013692,2.212116386862495,55.29449754585379,2.179283814466606,56.216739860501164,1.5592705070686907,50.22603978300181,4.374765321869915,53.42805476621029,4.431476200658557,61.13149057091191,1.174949735241903,52.1325238956342,1.5997089263442144,57.017566520279004,0.3114498181294813
56.55083322568144,2.6158004239547226,49.77909830771219,2.819396592983646,46.91125177625629,4.939387673240426,55.62072083710116,3.057868636186806,59.73259268828317,1.804916807523368,45.616845368815405,4.598772186297297,59.28174654437411,1.2233909401311414,59.28562201265986,1.230830532351386,59.04921844722905,2.7859558822725448,59.1964862420876,1.1152583553033177,53.23472419584034,3.5779547197051325,57.2225810618783,1.9033174902130916,54.67381475261594,2.8507753757477077,55.797700555483786,2.610633174094663,55.939801059294666,2.1870757748148253,55.81578607415063,1.946301947251021,56.55212504844335,1.547321663406711,50.04650561942901,4.115628312731341,53.95685311975196,4.13461916045527,61.35383025448908,1.6678847698037746,52.53326443611936,2.3213318170577644,56.92933729492313,0.30659774279902013
56.73126614987079,2.4890307461698056,49.87080103359173,2.990686779445311,47.077519379844965,5.066948250387773,55.763565891472865,3.0615490982458593,59.534883720930225,2.3571075861117707,46.09560723514212,4.268960646164084,58.91989664082688,1.304541099769335,58.923772609819125,1.3108959061286267,59.14599483204133,3.0008970809188034,58.828165374677006,1.2406067959034968,53.51550387596899,3.683541383157474,57.5012919896641,1.8304096851272738,54.9108527131783,2.6678222587779015,55.65891472868217,2.917145579219878,56.27002583979329,2.1175001131120097,56.332041343669246,1.9611317901567664,56.83074935400517,1.414620127275961,50.36304909560723,4.558059883464447,54.29457364341086,4.178467953940477,61.40826873385013,1.3187917649808027,52.370801033591725,2.430797094113294,56.9328165374677,0.29615604717094446
56.53572813024939,2.9964610283543323,50.05039410776586,3.2868116032533674,47.09393978550201,4.887708386385027,55.61829693758883,2.9761766636650613,59.58004910195116,2.4673320203993536,45.74880475513632,4.60978477666477,58.67812378860318,1.5239939588127946,58.683292415040704,1.5318487992535765,58.94043158030754,2.936786297683029,58.58508851272774,1.4344038401221393,54.00826980230005,3.502626638224559,57.60821811603565,1.9168397475684635,55.07817547486754,2.3625997946968518,55.813412585605384,2.781579526528633,56.62488693629668,2.25274303116879,56.2010595684197,2.3677668952089177,56.68561829693759,1.3745588861603117,50.56338028169013,4.416293570668989,54.4540638325365,4.38908454362737,61.04018607055176,1.464423951376859,52.36723090838609,2.2688743115865653,58.537278718180644,0.23163867001211036
56.457741018351,3.041334981746593,50.49108296717498,3.355978019054484,47.03928663737399,5.070032534971617,55.27138795554406,3.2864703819530168,59.71310416128199,2.192385753140569,46.74334453347119,4.133427885643752,58.73998449211683,2.3238051808002935,58.74386146291031,2.330114995351944,58.710261049366764,3.383657586964291,58.689583871801496,2.009795467017603,54.70147324890153,3.3879726593268487,57.98526751098475,1.596900482413718,55.323080899457224,2.549603803063298,56.253553889894036,2.633516103596952,57.10519514086327,2.2263161350187985,56.371155337296464,2.50387488639972,57.12457999483071,1.6729082801590038,50.90721116567589,4.67569321433617,55.02843111915223,4.161825568236062,61.14499870767639,1.2032525148272826,52.45929180666839,2.1862895686012016,58.75032308089946,0.22925179554082897
56.51932273491017,2.402589899014935,50.86467623109733,3.9280115019957327,47.2935246219465,5.058803865634751,56.335789065529276,2.6818545208623776,59.49980612640559,2.0158482904474413,46.7700659170221,4.14244033118469,58.74111412692258,2.307512446493325,58.74369910818147,2.3117090094484674,58.77859635517643,3.1570763023541364,58.75403903321701,1.9927070424830646,54.75895049760889,3.26122843034485,58.085821377795014,1.450315593542845,55.76709318857439,2.4020516728976706,56.457283184696905,2.489421841858962,56.88897505493086,2.433504501157682,56.62789194778337,2.3354418723943526,57.4447460255913,1.868829270062274,51.37391753909784,4.620525834025558,55.74899831976219,3.8648584208224532,61.262763344965755,1.3055364611904234,53.18857438283574,2.5836871518344275,58.86777820860799,0.2339515149322806
57.14322647362978,1.7922986919889574,50.62435367114788,3.6516564307603043,47.6034126163392,5.115927668820483,56.36892450879007,2.5875768935182415,59.508790072388834,1.8280684633462088,47.39917269906929,4.096741242736982,58.88960703205792,2.308500280827835,58.89348500517063,2.3147598085038505,58.704756980351604,3.100504647817278,58.84177869700104,2.020899895056989,54.71820062047569,3.507735710281429,58.51732161323681,1.673544477551385,55.62047569803516,2.4011846683532103,56.905377456049635,2.258978422384622,57.3410031023785,2.6540907038177237,56.7877456049638,2.711985081057407,57.59177869700104,1.6956698268379917,51.93769389865563,4.257922844851369,56.14788004136504,3.8409739637430182,61.406411582213025,1.0978492492215763,53.655635987590486,2.483819494294953,58.91287487073423,0.2354802292335354
56.895927601809966,2.1090284468129976,51.30058177117,3.5642945886045947,47.709114414996776,5.210786699077378,56.75113122171946,2.675847892082146,59.513897866839045,1.8862593276929336,47.85520361990949,4.317544069428668,58.75113122171946,2.3016653783114016,58.75500969618618,2.306386800977366,58.986425339366505,3.0653211871761172,58.56884292178411,1.8966762389231082,54.858435681965105,3.707473800379985,58.75630252100841,2.125050102884731,56.115061409179056,2.197081519926923,57.27084680025856,2.689749617192138,57.312217194570145,2.6309950762818057,56.829993535875886,2.4629503862401423,57.95604395604395,1.832881389756408,52.20426632191337,4.005879828144522,56.086619263089844,3.67633123044375,61.42857142857143,1.264264359955567,53.154492566257275,1.6806548654063878,58.41887524240466,0.16526428040872934
56.8024308249289,2.3111988475720255,51.26196017584691,3.7136800655094744,47.821308507887245,5.1206669904241755,57.17481251616241,2.695678670009904,59.46082234290149,1.7575946844041515,47.849754331523144,4.18151308522358,58.50142229118179,2.397175405101817,58.50530126713214,2.4016663925375146,58.77682958365658,3.0933751638540956,58.255753814326354,1.9342766812158265,55.166795965865006,3.6213111582077633,59.01474010861132,2.0001779414851875,57.064908197569174,2.516716478208424,57.33772950607706,2.749767173618966,57.54460822342902,2.5715803288864962,56.62916989914662,2.823025555171955,58.0669769847427,1.8216550107303264,51.953710886992496,4.214076697820345,56.43004913369536,3.4681267684336388,61.65115076286527,1.1703748903786264,53.37988104473752,1.7596970111586507,58.34755624515128,0.1663091304971649
57.06452864347601,2.044621676004766,51.551791025475225,3.9048921838543222,47.84171731540154,5.002354281426336,57.34385102806154,2.611945963489412,59.62757015388595,1.8021647572976127,47.92577266261478,4.400502913085467,58.63830337514548,2.3264451335696346,58.642182852709176,2.3299326777879656,58.82581145739041,2.5589591314587605,58.39260312944523,1.607873281778429,55.27996896417949,3.592724851991681,59.55644639855167,2.031645274218339,57.1964308806414,2.6740330793075615,57.46928746928747,2.716166592945436,57.81197465407992,2.2962167111121063,56.814948920212075,2.648712339855758,58.51933272985904,1.650904474001573,52.402689771110815,4.321389163919921,56.57830078882709,3.48876422505858,61.86732186732187,1.3263905486208671,54.16138626664942,1.5974054750965019,58.340876761929394,0.16380299965102768
57.57242628039317,2.09527863807045,52.040869115364714,3.7275624416195505,48.001810657009834,5.134672906234077,57.652612519399895,2.6335508606351996,59.63269529229177,1.712217669556457,48.20486290739784,4.256631048592883,59.28091050181066,1.6378864904499577,59.28608380755303,1.6427485987246135,58.75193998965339,2.6699473662968005,59.03388515261253,1.0775085899799741,55.53026383859286,3.180095884334781,59.45421624418003,1.9699616102048223,57.117175375064654,2.6171511011143718,57.65390584583548,2.5113908503439353,57.89575788929126,2.338234404130793,56.93352302121055,2.5295590480850443,58.6652871184687,1.832931500262869,52.94490429384376,3.9475833539385454,56.68261769270564,3.581253595148784,62.2128815312985,1.3362891322927293,54.1722710812209,1.7361644130800018,58.460941541645106,0.17570209723478236
57.47639373949037,2.2829284827602057,52.231276678308106,3.583010309976525,48.04294399172164,5.255205064219453,57.868322338636666,2.643749294784087,59.29504591902729,1.6682905227882467,48.39736127279782,4.224734273341491,59.16052257146553,1.5158295088132212,59.16569654637175,1.5192297196554008,59.5446902082525,1.961025223167784,59.38041650497996,1.2343353231758438,55.68619842193765,3.375906868584272,59.591255982408484,1.9058040011088047,57.45569783986548,2.483713086535436,58.02224809209675,2.5581895385782665,58.32363213038417,2.4229454350470783,57.39749062217048,1.804766329595549,58.86819298926402,1.9911188033558749,52.791359461906595,4.018267148009822,56.99392057948519,3.660252659338617,62.455051093002204,1.0860141283484286,55.067908420644166,1.58740773284272,58.97684646229466,0.20273218959252243
57.73221216041399,2.279334239739167,52.179818887451496,3.5874891320186078,48.2509702457956,5.626503024698531,57.9417852522639,2.6723383581845956,59.58473479948253,1.2774986489975433,48.557567917205695,4.27193933902488,59.135834411384224,1.5595758805344984,59.09184993531695,1.6283570307198032,59.59249676584734,1.7376353085184615,59.380336351875805,1.2186184193828122,55.39586028460543,3.371149916198911,59.74126778783958,1.739971722202661,57.36739974126779,1.627446695474681,58.423027166882285,2.423013353056879,58.63777490297542,2.2436278966697247,58.03880983182406,1.7156033348148987,59.012936610608016,1.9665014080696714,53.824062095730916,3.432091327681589,57.28460543337646,3.2942130816055224,62.385510996119024,1.1696470345880847,55.34799482535576,1.7251754816168219,58.98965071151359,0.20011644580317786
57.85742010609393,2.2199306103459064,51.914866088756625,3.2631740896174253,48.37883296674862,5.643120800423846,57.946694268340025,2.548139515814427,59.702419459179715,1.6091938863595405,48.984344675895976,5.23364718283969,59.25993013326432,1.542814327233246,59.37896234959244,1.6108262783008243,59.540690904386075,1.9521418794234457,59.44494759994825,1.1235505143005597,55.53370423081899,3.3804139633771464,59.97800491654807,1.629454028014838,57.364471471082936,1.6533087359831,58.227455039461766,2.5448865383264216,58.817440807348945,2.272612506262484,58.28955880450252,1.2909892512451757,59.518695820934134,2.0895133001036506,53.89830508474576,3.68443540517791,57.31530599042567,3.3388718776140776,62.387113468754045,1.113796928577919,55.415965842929225,1.482429870277044,58.98822616121102,0.19713801997402777
58.22722567287784,2.2831294622446876,51.814182194616976,3.227661472050381,48.54425465838509,5.711080446737802,57.69409937888198,2.7704883480189912,60.08540372670808,1.471407010135148,48.87939958592132,4.539289520770529,59.631211180124225,1.373392976523388,59.73343685300208,1.4971683075159654,59.64673913043479,1.841108749602846,59.720496894409926,1.149062494156406,55.96790890269151,3.0164417380798136,60.186335403726694,1.472437655077067,57.46635610766047,1.565510395746061,58.53907867494824,2.3607354189845005,58.92468944099378,2.1682293620253903,58.500258799171846,1.4934466967956141,59.76319875776396,2.104701270266887,54.201604554865426,4.039315595184148,57.73809523809523,3.4934581163937715,62.27096273291926,1.016607322424223,55.68969979296067,1.4870039431745652,58.86387163561077,0.21575222567977714
58.465122298434075,2.5040719291503506,51.554290151417106,2.2923881391682195,49.069496570467194,5.681828602398855,57.7662741037919,2.8764811292676615,60.27436262456322,1.5339542684940017,49.149734696518706,3.9977155438209,59.77999223502006,1.2916216791670885,60.203183641775595,1.430052814744751,59.97799922350201,1.648443549520196,59.52633622363142,1.0259573104437105,56.257279668694196,3.0707089639201115,60.45295716319399,1.500066489021382,57.815452310081525,1.737451736582333,58.72654328976317,2.665453703771711,58.720072473146104,2.1232645514513986,58.8883137051896,1.492771813851851,59.89905526077391,2.024910318715241,54.49592338553125,4.124831480363353,58.00957680859324,3.734804676504657,61.949009965057584,1.373592054404075,55.45878089814935,1.3640512125195285,59.58716189983178,0.217561903690126
58.55940978514108,2.3902477929582435,51.92725860730002,2.16741832971615,49.42402278022263,5.848944114869219,58.484338596945385,2.6296537599503,60.6769350245923,1.1883120177097048,49.721718871343526,4.3698312996693875,59.79031840538441,1.258315922064572,60.416774527569245,1.3434231253009825,60.09578048149107,1.9054730373030733,59.79290706704635,1.2305839739579998,56.15972042454051,3.0156433454772054,60.43748382086462,1.543233206280607,57.997670204504274,1.7709686028874694,58.77815169557338,2.6564941327618072,58.457157649495215,2.4804471754834827,59.48744499093967,1.4093354997479903,59.559927517473454,1.918276892959788,54.64535335231685,4.3188833106943445,58.52834584519805,3.605623089891092,62.205539735956506,1.1523179582736216,55.59668651307275,1.326145371364149,59.85632927776339,0.21512775224689046
58.42718446601941,2.3470383770594343,52.13203883495146,2.206022751234777,49.78899676375405,6.354248867580591,58.70938511326862,2.4804835349693857,60.99417475728156,0.9114555660807487,50.40906148867314,3.6545110810624544,59.9275080906149,1.176729646676407,61.10679611650486,1.183135404829301,60.24077669902914,1.7000189442239928,59.914563106796116,1.121893286851591,56.32233009708737,2.9244288535291108,60.6084142394822,1.7405396048539,58.24724919093851,2.096417648460518,58.63559870550163,2.777615889544281,58.71585760517801,2.362130047509955,59.63365695792879,1.488729983437015,59.667313915857605,1.9945699791861216,54.80129449838188,4.322187230798854,58.60582524271846,3.3981460306122946,62.22653721682849,0.997284779557033,55.967637540453076,1.3532709859106147,59.85113268608414,0.21515560049960833
58.781719316416364,2.291946779055603,52.64500258933195,2.365550312116028,49.96763335059555,6.466472934898038,58.80502330398758,2.4254899335798643,61.18979803210773,0.7338152591127344,50.66027964785086,3.622294014009367,60.192905230450535,1.0662586337710267,61.73744174003108,1.1579294467882832,60.54764370792335,1.7691320411011817,60.20196789228379,1.1258086595610308,56.802175038839984,3.4287448381023045,60.87131020196789,2.0130040978791666,58.35059554634904,2.0720157218664874,58.44251683065769,2.799117243365079,58.76877265665458,2.4444723344024077,59.792853443811495,1.4237817938127828,60.14500258933195,1.8711144064134477,55.44795442775764,4.190671178565441,58.98498187467633,3.5872668788164828,62.35370274469187,0.8197761168147356,56.44355256343863,1.3924979708584975,61.044795442775765,0.1898750252723748
58.76213906513014,2.2328263417954144,52.372135180629286,2.5310009677027328,50.16962320341837,6.585797181831296,58.68056454745565,2.8759851928346616,61.1290949113039,0.8767084997508876,51.1692347533342,3.4082116394238806,60.52958694807717,1.0195373848202522,61.74802537873883,0.8412592881485418,60.7419396607536,1.3962179510813906,60.52958694807718,1.0370000599822855,56.984332513272044,3.503396974785164,61.09542923734299,2.1191027135791,58.741421727308044,1.739720634256274,58.90068626181535,2.692484688304487,58.97319694419267,2.3604731547739086,59.68794509905477,1.552883431826003,60.472614269066426,2.379113977187792,55.53929820018127,4.067463986647986,59.259355172860296,3.6460693661641432,62.208986145280335,0.9054803957633125,57.2614269066425,1.955576451742063,61.26505244076137,0.19398751067264963
58.75161875161875,2.1487252158979024,52.67029267029267,2.553010891403072,50.38332038332039,6.547069080533995,58.846153846153854,2.8814488873155613,61.29629629629629,0.8821430574895252,51.045066045066044,3.4961056206902263,60.64232064232065,1.143652589636024,61.1007511007511,1.3141781355762305,60.3962703962704,1.6867241487492455,60.83527583527583,1.1638315763165747,57.103082103082116,3.3577475733073285,61.12535612535612,2.0619775795880595,58.84356384356386,1.8443332790881604,59.34084434084434,2.2744075706388736,59.18026418026418,2.375248787144825,59.81869981869983,1.4220364347558823,60.631960631960624,2.327121290668275,55.65786065786066,4.166260688634819,59.17896917896919,3.6413806114154363,61.987826987827,1.0493994072811972,57.67935767935768,1.5801350874691982,61.298886298886295,0.19409905196534577
58.78772179769459,2.1839560768507766,52.88563657557311,2.531974608097293,50.70975262271727,6.5621449502788085,59.168501489444374,2.9676513857433475,61.75236368346069,0.9976072477452087,51.27185597720503,3.7585530470683,60.56210335448776,1.0715674633344996,60.48180287527522,1.3109490710782385,60.145058930190395,1.4606130444026983,60.64758450977854,1.3631209382203702,57.66351508871908,2.263463406315625,61.22911539955963,2.0673125025448007,58.9081725165134,1.8421843276607108,59.178862841600825,2.147996331736922,59.676207745110744,2.2736410858778004,60.32120191685016,1.6290240308669524,60.53101929801839,2.7862406127404222,55.90985623623883,3.7999420298870414,59.45084833570782,3.7769349342352,62.0295298536459,1.1158022045246871,57.80598368087035,1.6690382397343546,61.32754824504599,0.19731252842892613
59.212435233160626,2.2059079673766657,53.09715025906736,2.7115854605658174,50.64766839378239,6.626328223396463,58.90932642487047,3.084897251031896,62.02590673575129,0.8419529691595431,51.55699481865285,3.842501683770211,60.576424870466326,0.9889834871937727,60.33160621761658,1.1722361369365324,60.580310880829,1.7101467781270505,60.66450777202074,1.3758653702040125,58.21113989637306,2.2509021550684047,61.59715025906735,2.2670173875332607,59.04145077720208,1.6016984729765842,59.476683937823836,2.8092519336559545,60.11658031088082,2.2928046595376363,60.673575129533674,1.6925645905801423,60.56865284974094,2.7777859398044398,56.29404145077721,3.5582194228414585,59.56865284974093,3.6983353417787383,61.79533678756477,1.2489250122699365,57.54404145077719,2.010880094735345,61.317357512953365,0.19265712609552904
59.19549164399533,2.2075189291694843,53.25819406658893,2.742604960417592,50.853737530768235,6.657212799566461,59.303018525715764,3.244338765687848,61.944552403161026,0.9491593816635724,51.675087446560426,3.9303986918205682,60.887420650343316,1.0966191994809038,60.57909055577147,1.0489820016341505,60.86410156756057,1.5100544093476158,60.80191734680659,1.537213789609871,58.366368700608895,2.17712660372572,61.70229304314031,2.1265841173718174,59.60616660189144,1.3621539351157612,59.55564192252882,2.827599867612224,60.36662780152869,2.186772237654621,60.68920844668999,1.6582681531087005,60.74361963984971,2.643634504421898,56.49047804119705,3.3432616586717927,60.06477522995207,3.17639235033697,61.9782355227361,1.4836944229653242,57.76136805285658,1.621526755279078,61.3952584531675,0.18964435132150698
59.41306037833637,2.277969419361246,53.44260171028763,2.926419297106114,51.260689297745536,6.1085701843020574,59.45840891422648,3.3842756158564904,62.044571132417715,1.1526271856276664,51.89556880020731,3.1802836628338067,60.934179839336615,1.1537517602283036,60.601192018657684,1.348032465753807,61.045607670380925,1.4135335177678165,60.87587457890645,1.4831482839239518,58.37393107022545,2.0985738393912454,61.917595231925375,1.8889358040315964,59.56465405545479,1.422690834925814,59.484322363306546,2.494719653396057,60.72816791915004,2.1124945036671194,60.763151075408146,1.7872302188806195,60.30448302669085,2.550251062699774,57.04197978750972,3.426318776160171,60.19564654055455,3.4077242260569935,62.18839077481213,1.4338833046503425,57.84788805389998,1.5565340886484798,61.47577092511013,0.18749683199980527
59.60995205390695,2.509393755160081,53.801995594142795,2.6875644561730514,51.40080342101853,6.072502568787837,59.459634573020615,3.494798787976713,62.14072826227808,1.2686296905202672,51.86212258649734,3.3498904269988112,60.98872618893351,1.190823700631098,60.64144097447195,1.3939779363850782,61.42283270701049,1.1516660387313586,60.91745496954775,1.4574488749521415,58.97239860049242,2.1336431475049777,61.90747699883374,1.7820909880591451,59.742127769858755,1.2995805812316603,59.4518595309058,2.6053124071336526,61.21679409096798,2.0062810331810415,60.571465595438646,1.97214002418808,60.39263962679797,2.4390679436506453,57.08954256835558,3.529024153916436,60.276013995075814,3.3575183521928227,62.19515355708178,1.5270388568614361,58.01866010107553,1.6116008611026296,62.8949073474148,0.20043261683022287
59.917055469155,1.9249087263780524,53.748055987558324,2.784281916119227,51.50855365474339,6.2014537229242235,59.21591498185588,3.7231115356832802,62.10730948678072,0.9756764989217895,51.99196474857439,3.1681401898277533,60.98237428719542,1.2515468288837592,60.85277345775013,1.3107277132665665,61.39191290824262,1.3660320892872657,61.08346293416279,1.4846373223854525,59.51140487299118,2.137340871693074,61.86884396060135,1.9556829577122115,59.60212545360291,1.6027536040837531,59.54380508035251,2.4423839373208054,61.06272680145154,2.1885294175607415,60.68040435458788,2.3632486481283874,60.593571798859514,2.597823976417968,57.44167962674961,3.259870765032797,60.49766718507,3.068683830940573,62.313374805598755,1.5714596252196176,57.96915500259202,1.5327724137966647,62.890098496630365,0.20045859306361233
60.059624108878815,1.9368465103555965,53.68762151652625,2.5673126387936307,51.52559948152949,6.27984445750873,59.39598185353209,3.819804007667587,62.12313674659755,1.1768081455263653,52.03758911211926,2.6924114906599543,61.082307193778355,1.118882459157043,61.03694102397926,1.1263615256800288,61.69410239792612,1.149512528978495,61.149708360337,1.23950037870217,59.22488658457549,1.924721832302113,62.662346079066765,1.9958353833526612,59.5100453661698,1.574945389932123,59.59429682436811,2.3749334690083432,61.12896953985743,2.1880165880605933,60.56254050550875,2.2287765268087094,60.48865845755023,2.7770560917633835,57.517822423849644,3.4596654327189817,60.500324044069984,3.02048679113857,62.1399870382372,1.6549430323362282,58.05573558003889,1.5380867072956006,62.93324692158133,0.2009742116822903
60.8076225045372,2.173378743414357,53.973295307233606,2.977244578976853,51.716359865180195,6.145523067956723,59.25849105522427,3.7543653110387085,62.223230490018146,1.0616173464831744,52.199896292455286,2.7041757822992203,61.30412237490278,1.1783762638641784,61.217267306196526,1.241137806174487,61.82654913144931,1.303494024868792,61.095410941145964,1.1432323682317782,59.46072076743583,1.9720528884743003,62.61213378273269,1.928309000548632,59.20274824993519,1.2624483513870426,59.75369458128078,2.287026193156223,61.32745657246566,2.189600370078967,60.518537723619396,2.5792899835256815,60.77521389681099,2.831500867464913,58.124189784806845,2.7420611779287167,60.701322271195224,3.0210844516010256,62.2219341457091,1.677439481289211,58.08270676691728,1.4646195303711402,62.92844179414052,0.20100026485984665
60.998314533903795,2.3819074388638146,54.36017113963438,2.832307191285449,52.03682095164008,6.115598742377915,59.36989498249709,3.5901493042986674,62.37780370802541,1.0314862169330439,52.56709451575263,2.5122666651146215,61.428756644625956,1.1457091461229303,61.17593673019578,1.2315809899515529,62.000518604952674,1.3462825003644094,61.161675093997154,1.1732427020542775,59.904058083754705,1.7556156455004976,62.51134448333981,1.994660176458756,59.43083106443667,1.1408343900347073,59.661610268378055,2.309932841218436,61.310774017891866,2.4278761709109573,60.925709840528974,2.750133507865856,60.60158174510566,2.8388932014774726,58.1382082198885,2.7593597207338685,60.73252949565667,2.993147309187892,62.449111889018546,1.6195308012172365,58.27693504472968,1.6273936828464417,62.92493193309997,0.20336655313046748
61.13459543568465,2.3272510770169363,54.516338174273855,2.863938678686594,52.15508298755187,6.081096435042985,59.6667531120332,3.7118110600910823,62.953838174273855,1.3562930900091033,52.90975103734439,2.9630962404920065,61.46524896265559,1.187787647563433,61.24221991701245,1.1059552084076831,61.95928423236514,1.5592231181493732,61.260373443983404,1.3289071060862232,60.27359958506224,2.2040292196119005,62.45202282157676,1.9646660886610592,59.47873443983402,1.1145419578290585,59.972769709543556,2.4039942369854694,61.784232365145236,2.3678735083109985,61.39263485477179,1.9920422696027886,60.5225622406639,2.762606634398527,58.13667012448131,2.6801432341357656,61.06198132780082,3.3432710859621144,62.51685684647303,1.4614233510705885,58.383039419087126,1.4861027720000728,63.135373443983404,0.1662585106309622
61.33445726883673,2.5315153481737345,54.68940474646608,3.178652251103429,52.130722344702384,6.075745788313412,60.300868888600704,3.697878388260962,62.906237842043836,1.4036318498638278,53.033329010504474,3.1025932614657994,61.54714044870964,1.073199269273051,61.40448709635585,1.1022824529510713,61.496563351056935,1.4681907684653186,61.311113992997015,1.480806399939304,60.616003112436786,2.1600021755468206,62.69744520814421,1.9101414145704945,59.403449617429644,1.1793367999677613,60.412397873168196,2.2267099160067607,61.70146543898327,2.5683549899683182,61.63013876280638,1.7553702903613588,60.365711321488774,2.7577040749977626,58.3166904422254,2.8079561676458806,61.0037608611075,3.2547232726405664,62.49643366619115,1.4275877077750334,58.50343664894308,1.6864099475002206,63.113733627285704,0.1679957192869499
61.69001297016861,2.2336652610717604,54.72632944228276,3.1332673919113834,52.103761348897535,6.027511850973089,60.591439688715944,3.5057921900748457,62.77042801556421,1.2800077972176944,52.77302204928664,2.8532236684715158,61.4059662775616,1.0724251190960465,61.50064850843061,1.194228583110286,61.77172503242542,1.616701211877849,61.25032425421531,1.4239827560867597,60.58365758754864,2.348868529866077,62.86121919584955,1.91530528643057,59.34370946822308,1.3213693072260002,60.878080415045396,2.831914170906019,61.54085603112842,2.191665303993553,61.86900129701686,1.7890508224178707,60.38002594033723,2.6494981579150707,58.45654993514917,2.686453512072116,61.05058365758756,3.2606033951525437,62.44747081712062,1.2576255649975132,58.466926070038916,1.9105353340160836,63.145265888456564,0.1690356848709843
61.961343883772216,2.2627623482025454,54.769749643274096,3.0302966014036348,52.144246984044614,6.216107249271262,60.83927876507978,3.302590742307906,63.08081463224803,1.3094047614087725,53.16642884939681,2.9448627646985766,61.4567388766377,1.223460130979851,61.56570242573615,1.2723190690318766,61.975612919963694,1.5893672864919286,61.43857828512129,1.3137488346323294,60.797768841613696,2.174095012115476,62.91477493838371,1.9656309765337547,59.270981969127,1.4733738876862432,60.786094175638866,2.815979436578653,61.70320404721754,2.1796110804550652,62.07679335841224,2.0476571298106077,60.24905954079647,2.6660054336616215,58.3253340251654,2.3598934687608555,61.140225710208846,3.132077821556067,62.289531716175894,1.235645588938856,58.56401608509534,1.6984810007552715,62.95887923206642,0.1690576119283045
62.153606642449404,2.383092352127443,54.693824597820445,2.975065288470497,52.154903995848464,6.1243118277056094,60.77192527244422,3.3992345077956987,62.89050337311884,1.4055816752941195,52.98002075765438,2.999598053842968,61.53476907109497,1.1531924713378905,61.606123508043595,1.226931466354995,62.18085106382978,1.7267325364172963,61.42968344577063,1.1026130138187453,61.02231447846393,1.9897797995757223,63.06045666839647,2.036456833067513,59.339647119875465,1.5706492391156575,60.627919045147884,3.0831013258744098,61.40503373118837,2.2309005525968026,62.535028541774786,1.7899039032414887,60.19590036325896,2.6436322091238917,58.461338868707834,2.3738929813440506,61.450441100155686,2.7763799229311563,62.43124026984951,1.0707968603553812,58.53918007265179,1.6997092252419022,62.82693305656461,0.16390354347983094
62.321266381211885,2.2717115597975073,54.63085506682237,3.015576734167192,52.226547294667185,6.196462945294703,60.81224860516414,3.2899317936134653,63.071233943168544,1.670102013340296,52.80394446606981,3.3197402272318564,61.54794342805242,1.1887204129938114,61.88659660049306,1.0506914077748144,62.03840664331127,1.5897056031033012,61.30919942909044,0.9249874000346294,60.87452964837162,2.0474975180003776,63.415077202543145,2.283580746412592,59.44336317633319,1.5988084702692362,60.51771117166212,3.2873191330735776,61.43376151550539,2.352561483889187,62.622291423381355,1.755408804539295,60.31659530297132,2.4943497869060365,58.61684183210068,2.5728661808614657,61.379265602698844,2.704299578128761,62.75463864019722,1.1565606830592676,58.42091605034384,1.7557559541154564,63.37225898533801,0.15136579563613
62.5110303659486,2.2052138751726424,54.42771866078381,2.9570869788784844,52.62782247599273,5.704342997086965,60.98494679470542,3.233666961226026,63.05735790293278,1.6513717261553102,52.97171035556708,3.4028047823325362,61.636387230729305,1.1137182984671292,61.892032182714765,0.8793552661748456,62.19958473916428,1.6031641789951254,61.4495198546587,1.026210353659203,60.92265766934855,2.0362742748709457,63.48689332987283,1.7629305242393887,59.47703088502466,1.7779780036472974,60.59044900077862,3.2426648206643494,61.59096807682325,2.299687024068783,62.69530236179601,1.691633012220165,60.612509732675846,2.402253987714875,58.65040228393459,2.576921120292643,61.51570205035036,2.3685116274292453,63.06125097326759,1.2732482788965955,58.54269400467168,1.7233700890830757,63.45315338697119,0.15089519190397815
62.54120700843608,2.0626381857820677,55.23426346528229,3.190794112825239,52.726800778715116,5.72119890068244,61.21739130434783,3.248282453178032,62.881245944192074,1.6975175955432436,52.698247890979886,3.5726309113138988,61.73134328358209,1.261905656241243,61.95976638546398,0.9008110628287036,62.19857235561324,1.5111688718762855,61.53926022063596,0.859260766000614,61.04996755353666,2.030412050565347,63.62102530824139,1.6269887487039432,59.57170668397144,1.7759808154969507,60.917585983127836,3.5077159459322,61.680726800778714,2.332243117704432,62.89292667099287,1.7583799141704333,60.700843608046725,2.4280571095480195,58.76054510058405,2.5126504336000313,61.566515249837764,2.3130304282717944,63.12134977287475,1.2727652048031028,58.73069435431538,1.6086096582400984,63.34068786502271,0.14947364100078336
62.58956386292836,2.368502363653529,55.478971962616825,3.090599013563168,52.97767393561786,5.836317396738339,61.25,3.1220776684791107,63.07892004153687,1.3502500860357265,52.86863966770509,3.2360466516698043,61.91069574247145,1.237356789737516,62.19496365524403,0.8154513061752702,62.26635514018692,1.4123583584459405,61.74065420560747,0.7440820185674152,61.12409138110072,2.1084689656236373,63.59034267912773,1.6687902769528222,59.584631360332295,1.8770493717876438,61.04620976116303,3.3485473976348836,61.97689511941849,2.231353717107488,62.94392523364486,1.8672992508822865,61.05399792315679,2.5049513225043345,58.716251298027,2.6431237118834434,61.77959501557632,2.3133175558427572,63.1386292834891,1.1049069321259142,58.644859813084125,1.6708890042928692,63.33722741433022,0.14882093237675548
62.419836427365965,2.2203682615224727,55.91068414903284,2.9720954990509685,52.9663767363365,5.82340755130234,61.4760482928729,2.9308542633129515,63.09879267817733,1.4135107761506107,53.327275087628195,3.3991151556645622,61.83435025314812,1.3703245336753371,62.38608334415162,0.9100933848706174,62.257561988835526,1.4093531156056402,61.67597040114242,0.7730195604035245,61.22679475529016,2.1393935061258817,63.3480462157601,1.4518916648990423,59.7195897702194,1.810233906575829,61.38128002077112,3.2034814867444794,62.11735687394521,2.3014589965182175,62.879397637284185,1.7652709578147183,61.04894197066078,2.212067244550589,58.88355186291055,2.5525428949010918,62.095287550305066,2.4699431030617283,63.285732831364406,1.3614778586408998,58.67324419057511,1.713974054189195,63.52330260937297,0.15325306569776717
62.359127499350826,2.2728970795667136,56.02960270059725,3.0258468461752446,53.19916904700077,5.833881316575247,61.67359127499351,2.8183978986277336,63.213451051674895,1.485512901372451,53.300441443780834,3.654763610057539,61.83458841859257,1.4525351827328936,62.577252661646334,1.0353759412269181,62.13321215268761,1.4106861456072513,61.716437289015836,0.6200473479298869,61.39314463775643,2.1684642829925798,63.261490521942356,1.619171908487346,60.0,1.5895158056407208,61.377564269021036,3.0888408472439273,61.99948065437549,2.4057729605395934,63.26149052194235,1.512236899784178,61.1464554661127,2.1243811186843597,59.21968319916905,2.263584824665951,62.091664502726566,2.1704985440244573,63.369254739028825,1.4115797116226725,58.89639054790963,1.8067406542896802,63.460140223318625,0.1527496486750938
62.27762628230099,2.350415852195306,55.97325022724321,3.1103869070349583,53.03467082197117,5.945537924392425,62.073756654979874,2.6472622588652106,63.44500714192962,1.6980066067778745,53.743669653291775,3.8063126545303665,61.85430463576159,1.3514000999630018,62.750292169848066,1.25095543945282,61.91793273600831,1.3904253315835848,61.738735229191,0.801442953308959,61.81405012336061,1.9499192027165149,63.4203350214258,1.60595471981278,60.04674717569147,1.6836295925888454,61.3517724970783,2.8704742156311553,62.207505518763796,2.3696865516854966,63.35281132320479,1.5506437401025885,61.21932216595246,2.1397773391564203,59.394883781327096,2.210459613575666,62.2049084534476,1.9728484923290925,63.887806778340476,1.197047103128582,59.02090637579535,1.876411592345419,63.377483443708606,0.1527694837158264
62.28051948051949,2.4435899257889893,55.810389610389606,2.911977927369226,53.192207792207796,5.857150920027854,62.15844155844157,2.6688852018418765,63.576623376623374,1.9864713632412532,54.12987012987014,4.099479787145564,61.9883116883117,1.4361481485102963,62.94675324675325,1.12658800797808,62.04805194805194,1.328655213110113,61.83506493506494,0.8475267361926168,61.78571428571428,2.0918224189004513,63.663636363636364,1.5846119742029325,60.418181818181814,1.8926030659710422,61.55454545454546,3.004887512491205,62.03636363636364,2.139208227384129,63.2038961038961,1.4201766332955936,61.433766233766235,2.042004511593166,59.37922077922077,2.236488827061424,62.253246753246756,2.068617560979844,64.12467532467532,1.3006375176955234,59.02987012987013,1.8426740891851408,63.43766233766233,0.1527893239085162
62.34056370957266,2.4741492407555694,55.81633978438758,2.9998051125604497,53.1211845694246,5.844593949998231,62.36913884920121,2.8282326459835296,63.757630861150815,1.883370881103035,53.927782828938824,3.9862421355070636,62.165216261852194,1.3745389402437864,62.73022470450708,1.109499574975241,62.06260553318613,1.5973228236214272,61.892453565398114,0.8767218444526513,62.13664112222367,2.199063600097513,63.731653461488506,1.8371371501731835,60.80140277958175,2.2371688477234053,61.59241459929861,2.9596228257978083,62.09247954279776,2.008753975684394,63.671905442265235,1.3148189527313079,61.51708014027795,2.450164595024783,59.38043901805429,2.1571962556236586,62.45616313806988,2.0477314523706527,64.235615014937,1.2866977377861775,59.0453305624107,1.6998675261868028,63.5718924535654,0.15304635221878793
62.414912964406334,2.5005401952666007,56.1899194595999,2.7128286068561196,53.302156404260835,5.958966257867427,62.27461678358016,2.4135457566621574,63.90361132761757,1.7519409378228186,54.095869056897904,3.9988540982327434,62.34086775785918,1.5023313897579775,63.22291504286827,1.0337189820962573,62.06806962847493,1.5460416323318122,62.13302156404261,0.9507863024754637,62.28241101584827,1.9501617199400176,63.610028578851654,2.191644625979082,60.75214341387374,2.2944425459390145,61.94985710574174,3.1303515098405916,62.14341387373342,2.0548788741691326,63.51649779163419,1.4910140879824718,61.42114835022083,2.4196931540400333,59.611587425305274,2.00005941604784,62.88256690049362,2.0479546133923785,64.21538061834244,1.384156683351695,59.14393348921798,1.759000589179114,63.383995843076114,0.12952008779764798
62.63479277640639,2.471890335622674,56.3141483694946,2.8039489165245675,53.52864752500975,6.0593495173873055,62.885539820709354,2.3001260430685466,63.744315967259965,1.4644921244515277,54.137975834740814,4.098973873083193,62.54774587501625,1.6912073803038552,63.371443419514094,1.0297897483228498,62.10341691568142,1.6475718250129558,62.403533844354946,1.1864375258461988,62.033259711575944,1.7885519895867712,63.71703261010784,2.208874722314331,60.98739768741068,2.2931347003359352,61.943614395218916,3.004866657174734,62.404833051838374,1.9879067523836846,63.5494348447447,1.4206250156203128,61.538261660387164,2.4389221738609437,59.31791607119658,1.9366477627180163,63.08301935819151,2.112778623548326,63.961283616993626,1.7363697798886826,59.23086916980642,1.75273635026115,63.323372742627,0.12848367223672919
62.58056133056133,2.416356444611746,56.147349272349274,2.7930150227065864,53.64085239085239,6.028755411340649,63.196465696465694,2.3223980550097743,63.775987525987524,1.5437859135723386,54.28664241164241,4.07925711998656,62.73648648648648,1.6853546754319773,63.568087318087315,1.0091696185325119,62.26091476091476,1.737205369978544,62.52988565488565,1.2011474150498942,62.099792099792104,1.8486229853502176,63.7227130977131,2.2384784343928312,60.910862785862776,2.2021959704413616,62.15306652806653,2.9402967820872057,62.39864864864866,1.9499201170948655,63.75389812889813,1.3971437542406029,61.68009355509355,2.2759676598941465,59.66086278586279,1.827232184039416,63.24194386694387,2.12225544241248,64.10992723492723,1.7581137541206955,59.2489604989605,1.6972043170867919,63.3549896049896,0.1263539062488903
