mcvopt : rwll : avg,mcvopt : rwll : std,random : rwll : avg,random : rwll : std,sopt : rwll0010 : avg,sopt : rwll0010 : std,soptfull : rwll : avg,soptfull : rwll : std,unc : rwll : avg,unc : rwll : std,unc : rwll0010 : avg,unc : rwll0010 : std,uncnorm : rwll : avg,uncnorm : rwll : std,uncnorm : rwll0010 : avg,uncnorm : rwll0010 : std,uncnormdecaytau : rwll0010 : avg,uncnormdecaytau : rwll0010 : std,uncnormdecaytaukde : rwll0010 : avg,uncnormdecaytaukde : rwll0010 : std,uncnormkde : rwll0010 : avg,uncnormkde : rwll0010 : std,uncnormprop : rwll0010 : avg,uncnormprop : rwll0010 : std,uncnormprop++ : rwll0010 : avg,uncnormprop++ : rwll0010 : std,uncnormprop++decaytau : rwll0010 : avg,uncnormprop++decaytau : rwll0010 : std,uncnormprop++decaytaukde : rwll0010 : avg,uncnormprop++decaytaukde : rwll0010 : std,uncnormprop++kde : rwll0010 : avg,uncnormprop++kde : rwll0010 : std,uncnormprop++switchK : rwll0010 : avg,uncnormprop++switchK : rwll0010 : std,uncnormprop++switchKkde : rwll0010 : avg,uncnormprop++switchKkde : rwll0010 : std,uncnormpropdecaytau : rwll0010 : avg,uncnormpropdecaytau : rwll0010 : std,uncnormpropswitchK : rwll0010 : avg,uncnormpropswitchK : rwll0010 : std,uncnormswitchK : rwll0010 : avg,uncnormswitchK : rwll0010 : std,vopt : rwll0100 : avg,vopt : rwll0100 : std,voptfull : rwll : avg,voptfull : rwll : std
42.63554152320814,7.408470852038702,42.63554152320814,7.408470852038702,42.63554152320814,7.408470852038702,42.63554152320814,7.408470852038702,42.63554152320814,7.408470852038702,42.63554152320814,7.408470852038702,42.63554152320814,7.408470852038702,42.63554152320814,7.408470852038702,42.63554152320814,7.408470852038702,42.63554152320814,7.408470852038702,42.63554152320814,7.408470852038702,42.63554152320814,7.408470852038702,42.63554152320814,7.408470852038702,42.63554152320814,7.408470852038702,42.63554152320814,7.408470852038702,42.63554152320814,7.408470852038702,42.63554152320814,7.408470852038702,42.63554152320814,7.408470852038702,42.63554152320814,7.408470852038702,42.63554152320814,7.408470852038702,42.63554152320814,7.408470852038702,42.63554152320814,7.408470852038702,42.63554152320814,7.408470852038702
41.23349905708897,5.725737420720674,39.55254585976341,6.612769233465369,41.51165780901766,7.529295901156524,42.256700382879025,5.202720948595125,39.574118521058345,6.396800286167946,39.28224469969713,6.707717511144808,40.91248071318361,4.5169888009948425,38.05146008343334,3.222262191763845,38.05146008343334,3.222262191763845,37.961169209669116,4.467971939455136,37.961169209669116,4.467971939455136,42.63872221269786,5.828386466011385,38.28475912909309,7.844842396208013,40.7484713412195,4.856862883278221,40.703040173724226,6.700447038640278,43.656066060917766,8.180579961562202,41.90082290416595,4.904149573610621,40.25387164980856,4.989126455707552,43.37090690896622,6.195805618251311,40.6903251614378,3.422176850398621,38.05146008343334,3.222262191763845,41.2603577347277,6.217139268662618,42.256700382879025,5.202720948595125
48.07029073505251,4.589170335682422,42.460890063575974,8.278999200902815,45.10279305664691,10.314953799399555,44.51017929852132,5.044383506907585,46.15286806200443,9.2551035432051,47.50125008929209,3.6862119783416536,44.45831845131796,8.909596328955569,48.693335238231306,2.053694985536346,48.6897635545396,2.0461385719961904,48.78605614686764,2.151814170396272,48.303021644403174,2.3609422969471705,47.35823987427673,7.850664886915736,46.27130509322095,3.2681310457999646,46.81905850417887,3.6593546124004757,49.01764411743697,7.169291239993462,49.71140795771127,5.398562826663154,47.67769126366169,4.030655892458009,47.75426816201157,3.466560078949073,44.665476105436106,5.0029679468036985,44.992928066290446,7.347762994091545,48.693335238231306,2.053694985536346,45.59297092649476,6.271208754010698,44.51017929852132,5.044383506907585
52.52964539817698,6.163407959597313,44.760122296196826,7.034662187544355,49.89241935023002,7.746555384600492,44.478383861473844,7.684994644398514,48.90576335114438,9.790351250401363,51.718433008543585,6.559779859559301,47.89696259679401,12.232871447362209,55.26516558562163,5.203937111039556,54.29308226419407,5.19049033367826,54.42780809783695,5.403062675351763,54.83427150898649,6.140232475901944,48.42315055576192,10.468184020547586,55.099579963996916,4.807638200150382,52.543932337057456,6.98776602788645,55.423607737806094,8.10075415865165,52.82267051461554,8.558080674689192,53.7168900191445,4.678953820868261,52.86595993942338,6.791402815436103,47.328913906906315,7.744663143077944,44.78541017801526,9.642884477614302,55.26516558562163,5.203937111039556,47.25476469411663,6.4891049996128,44.478383861473844,7.684994644398514
52.776991984912776,6.409072687162377,44.04440444044405,7.978039667863231,52.14164273570215,7.789940360699261,49.03790379037903,5.535709356586915,50.28702870287029,10.094820946430156,58.75030360178876,5.539483095901281,48.14981498149815,10.736077029658068,61.53243895818152,4.070789059677277,60.58305830583058,3.815317508959961,61.522295086651525,4.228760613329746,61.255696998271254,4.494944996369289,47.17743202891718,10.767409136158431,60.403468918320414,4.451727345276708,56.67223865243667,6.679614450531609,60.7872215793008,5.60806444542905,58.168388267398164,6.6424372981274455,57.55504121840757,5.647595666266579,56.55208377980655,8.446331974290983,47.486748674867485,4.728690387084931,46.62766276627663,10.694460222858343,61.53243895818152,4.070789059677277,49.77883502635978,4.368167047310434,49.03790379037903,5.535709356586915
55.30232026517316,5.404035751283929,48.7348554120471,7.5462750193844075,54.414218767859175,8.910764497414664,53.42710595496628,4.5478916418817645,51.44516516173277,11.442177082941921,61.514030174877135,6.249771182697934,49.435506915076004,10.418497820170154,60.96339581666475,5.7814024837786535,62.29611955652075,4.132690718969649,62.78274659961139,4.552770867951017,61.536889930277745,5.392515557201757,48.08378100354326,11.501556214353753,63.76671619613671,3.2331288070791677,59.77740313178649,6.6475302455234555,62.11152703166076,5.681648648726834,62.02080237741457,6.877469588524968,59.36535604069038,7.6983424988039975,62.47328266087552,8.780670716852953,49.28263230083438,8.264046673079012,50.22288261515602,11.166155268073666,60.96339581666475,5.7814024837786535,51.555606355012,5.51686312311987,55.0257172248257,5.812563283599495
57.55911474332415,6.691159751419976,47.829149462073694,11.115862718825218,55.81803374719608,8.870169253892104,54.378705833607185,3.2998962647677175,53.20912688774272,11.634905794382222,63.60960694946495,6.363683541653728,52.36187509822692,9.965947405640494,61.63020959837693,5.80510909348803,62.59761969396065,4.686254044524802,64.1519623951651,5.16546458762636,62.23671614921919,6.4730623951817545,52.55432841365318,10.07049704580558,68.14190395908045,4.78073548249809,62.44374276692717,6.319709363639533,63.32442742638339,8.813404192849179,62.571330599648526,6.142595820236358,59.58737551970967,6.69323629403988,63.44187109771256,6.165193037409483,50.972839365061226,7.388757180311609,55.47841865382692,8.200894256020236,61.63020959837693,5.80510909348803,52.6484833764341,7.748103025822819,54.67988741409611,3.674227639007839
58.35519359908558,6.326129962572188,48.74710672953279,11.112502678802544,54.63466209458494,7.947749863857438,53.88912701814545,3.7456325660060004,54.28818402628947,11.947324812201286,64.79054150592943,5.718449992793305,52.89769967138163,9.60940379729946,62.39705672238891,5.354223700457256,61.945849407058155,5.441237851294972,64.28346906700958,6.0371583487829685,63.27875410772968,6.238307802769926,55.49621374482069,10.8722054591164,67.4654950707244,3.959337509706998,64.86340905843693,6.549819358734668,66.64366338048292,6.720124003916505,63.68866980997285,8.222897768751977,59.45706529504215,7.090444434067603,64.70152878982712,4.849032017958282,55.597085297899696,7.203911268745007,56.483069009858546,9.127461959803151,62.39705672238891,5.354223700457256,54.75639377053865,7.554147630822569,55.327046720960155,4.869590983779397
60.68596493734729,4.892933981455071,53.03176213404964,11.884335539489445,57.28614496563746,6.067099271163012,55.705468002114614,5.1112147342810585,54.1879438197431,10.922912254467965,65.20324622440668,5.912071456750678,54.32853734158225,9.605804759943842,64.91248624783896,4.787118536901349,64.8596207975539,4.1807982847593905,66.79235308405607,4.834323710763109,65.79876837788795,5.244247477288139,55.959079283887476,8.589854724275629,68.32245067081969,4.983078682167532,64.57600480075442,4.221153306768139,66.78406606752489,5.2443766685015625,65.61745417136979,2.688492796612,61.33949620654674,3.653564880060594,64.43898326879938,5.109493467111653,58.13942190915715,6.319400197398668,57.75921930589093,7.084765452527088,64.91248624783896,4.787118536901349,58.74894626298418,3.1913740583954424,57.15012359084999,5.42387210806735
62.609018688918106,2.9070666934497487,53.949105560953306,7.205380201136205,56.77887637880781,6.4943597380716,57.240241184203,4.5557016201129,58.085100302909076,7.485679468267359,66.86531976910328,4.704876609538321,56.358518603189125,9.412758307412508,67.70474938560896,3.4273486627942282,66.6517117220095,3.5239340909503416,68.2312682174087,4.559032647464596,68.1755443790364,4.8703341993416345,58.08595759273019,9.30312025618619,68.3259987426416,3.708653997862653,63.71220780705264,6.160756541503885,68.2208378579185,4.4329634333534385,67.48342573012516,4.2575044368924155,63.44573355432359,4.32123707963225,65.73669771960908,4.0577095791522995,61.99819969137567,5.776891139175559,57.09921700863005,7.0905429184259825,67.70474938560896,3.4273486627942282,58.208692918786085,3.828138157463463,58.059524489912555,4.7639812989441195
63.84285653049852,4.509398117341644,56.932001657450655,7.908255814807156,57.201908925943385,4.557857762818712,60.42822238415705,4.589891765949659,58.437138325689055,6.7953032877211275,68.21466843842427,5.101760538255756,56.56521925500449,6.920032441711913,68.60402646205725,3.3538601289563656,68.46014259791103,3.0803844696107254,68.60502664780601,2.4495721459255595,67.80773572234844,3.914732079389203,59.12840956177577,8.207427233719411,68.56259019532199,3.960626826214825,66.393187306214,5.168840288768769,68.3128295254833,4.483548283155734,66.00968751339533,5.546770999219519,65.31727320788147,4.297090129557212,67.70285910240473,3.9053999751653374,65.11752182548187,4.469099548920809,61.139640218897796,7.732686643768527,68.60402646205725,3.3538601289563656,60.56081843770987,5.209605968550976,60.4916627373655,4.470079834471515
64.79653073471837,4.217008031180546,56.500442945732004,8.717004475116308,58.58200211470866,8.482882713263995,63.908353099191274,5.371627348716996,60.59068956648472,5.704615374348105,70.05858314520047,5.11918429243035,57.118137913296934,7.281992430837588,70.49066956248393,2.8012368565834107,69.69436744491757,3.4419252325791474,69.32057840139456,2.6300502977572027,70.00785871460006,4.319460274478901,59.756665618838056,8.036197994070179,69.40602406195525,3.088686498430076,67.99717086274397,4.332828474529266,69.37401766067498,5.3630387964034485,67.60294916126082,5.351861051909897,67.48235361357987,3.709828810861623,67.56851370274055,5.1645652133509135,67.26916811933816,3.82796700072703,61.024633498128196,9.448022104236932,70.49066956248393,2.8012368565834107,63.27451204526619,5.426246435644559,61.053925070728425,4.6837332598130335
65.4841751803958,3.498848038254676,57.79838536829321,8.150597578675628,57.09494891762521,9.644632574538752,65.13638636850754,4.81632166540733,60.4098021004501,6.481471583393125,70.90105022504824,4.906389837674484,59.406872901336,4.158525518994591,71.67164392369793,3.665002132222761,72.05215403300707,2.90614458536265,70.71943987997427,2.0407726149946583,72.19032649853541,2.689605848126471,60.47438736872188,6.4815329207349075,69.65035364721011,3.144040227084379,69.83110666571409,5.02145950088427,71.31042366221332,4.002195052897818,68.38165321140244,5.729942002181432,68.38308208901908,3.913720908089815,68.17375151818247,4.704856247805701,68.83889404872471,5.506950556877022,61.922411945416876,8.885525802205281,71.67164392369793,3.665002132222761,64.5185396870758,4.433068617089625,61.7773808673287,7.199002355379881
66.79841106538638,3.8970879565630447,57.86965592135344,8.671486059023623,56.616083676268865,9.77554978477008,64.58461934156381,6.2034394049254065,59.64849108367628,7.686719280249351,72.95538980338364,3.4110274520089017,59.363997485139464,4.847634329329009,72.93924325560127,2.8783733343064406,73.13971764974852,2.724398868804371,71.72053612254228,3.2020865581804214,72.17421124828532,3.2879525745268396,58.3903463648834,5.23645342036459,71.66923868312757,3.7899907314903825,71.5300640146319,4.603666306453416,71.76197416552355,3.7874718804253735,69.07021604938272,5.250569322554598,70.55084019204389,3.295453074805668,69.65977937814358,5.274966477977258,70.63357338820302,4.845987880772911,61.995884773662546,7.5842941241696815,72.93924325560127,2.8783733343064406,64.1480909922268,5.075598406686192,62.851223136716975,7.409115350055372
68.94045696812084,3.302663034815741,57.33721046539874,8.223309613171306,58.847863052455594,10.05056800537211,65.66523298515355,5.094858273261061,62.00620150608004,6.9604894682284675,73.5610076732921,2.2651534933616415,61.51894031407628,4.469046149356398,74.2723232785105,2.911911992683641,74.25760541845877,2.8249628200986723,73.65345869711216,1.975276258498057,73.62187959933127,2.0899790159520624,59.00347227183744,5.750118736030171,72.6983696040467,5.526558985262189,71.76942971864597,4.746030326698671,72.53447265764544,3.818613598538369,70.49083348813284,3.765875647735413,72.6592172384722,4.507047658230687,71.62239400997386,4.707381731847226,71.87802752096937,3.878971316600752,63.55071946044039,8.072720440820778,74.2723232785105,2.911911992683641,64.63455410599718,4.0872300320643395,62.60934798451052,7.718728101036264
68.49618473321712,4.2627161600660335,59.024034751793316,8.75564966869533,58.92443771255466,9.221958235536466,66.20659598182391,4.142380761346686,62.21013975022148,9.403743249735811,73.69880826498243,3.551006385757418,62.36532251150295,6.184008406295063,74.65719756508815,4.093919897515079,74.93641222028523,2.8136421026691045,73.12051670429538,3.225920427616606,73.77397044954417,2.332616132423946,60.84335972107114,4.330625755051962,73.3817267297305,5.012330815093845,72.76856906061559,3.76091593350599,73.19867966048412,3.1410935052795104,70.27249864250807,4.346041143098646,72.46063273413162,3.835607436182664,72.57566231316625,3.9690911693314135,73.78583064216511,3.9444971585226205,65.49941413506329,6.496335920567916,74.65719756508815,4.093919897515079,63.786688005487136,4.358202544395983,62.7682832728416,5.663075236726612
69.09861248053043,4.151952027607838,59.91583429788085,8.503043064296442,59.39940841085438,9.420109410219453,66.49790657464169,4.048529891000138,63.1747188522599,7.842951124876062,75.00350095025792,2.960947766706266,63.21015704262585,5.283878529700158,74.74014375330447,4.291583773825584,75.17240393821179,2.3090031532988107,74.90804646975607,2.616405821437287,74.06095940326661,1.7725551059060523,62.958088624055094,3.4994831413077994,73.93835469627471,4.1325895845417495,73.79703062259756,3.15402893361051,74.20942827338848,2.416813445023628,71.01498978294107,4.117009124766945,72.66343721867364,4.351644011802185,73.54510509995569,3.638415917039118,73.48466012203312,3.8371307703184088,67.26768694359899,6.424996876890496,74.74014375330447,4.291583773825584,62.86649233363342,5.445048243651134,64.10297080636174,4.828764104430553
69.08045155758788,4.149161191891294,59.27422120605888,8.806819158160861,60.51428979708489,10.106446041081465,67.46670477279221,3.1201839702499683,63.90282937982281,8.11659444951426,75.31023149471278,2.4123443973342007,63.24992855101458,5.623157678859055,74.97727922263502,3.3301177763218943,75.05258645327237,2.380466077920898,75.83209488425264,2.4680227914529516,74.81994855673051,2.4438739181475873,65.59188339525578,4.634960207301228,74.57087739354101,3.651562139950599,73.9419834238354,3.6260848317908527,75.66990568733925,2.942239779455317,71.89068305230066,4.609425468871703,73.2956559016862,3.2937431793391143,73.8255215775936,3.4466325512080602,73.61474707059159,3.954490047391522,68.04115461560446,6.606661086046045,74.97727922263502,3.3301177763218943,60.762217776507576,4.582900568376016,65.95170048585312,4.184119935364703
69.50085025507651,4.179759030968009,60.04587090412839,9.298495804638161,59.476843052915875,8.639428315901723,67.33634376027094,2.834942501621535,66.04709984423899,6.927454655842876,76.25730576315752,2.123781842051279,63.61136912502322,6.539582274322822,75.22285257005674,2.816731931733632,76.69243630231927,1.4922378847722397,76.54582088912389,2.328020419750606,75.98636733877306,1.9283080705857611,66.91550322239529,5.733752097854582,74.83345003501051,2.770806048301262,74.06307606567687,3.746635110663589,76.23815716143415,2.503005073019183,73.21467868932108,4.364107129107594,74.27213878449248,2.3688681677947816,73.60865402477887,4.696718929164063,71.8295488646594,3.5637552377142283,67.60228068420525,7.472238152607701,75.22285257005674,2.816731931733632,60.989582589062444,4.984337554274836,67.37149716343474,2.941498201305572
70.85612621109492,4.30053927880593,60.87999085426848,7.9914530430330215,59.89496698962531,7.8412389200561305,68.97539226614079,3.0633650701957875,66.79756494898398,5.747302604104328,76.41244391094344,1.921963199925936,63.671582497356304,6.129259528638216,75.94515419131726,2.396388250229817,77.34588013375632,1.2636206545872821,76.7266855297379,2.0188994561434983,77.07522364171597,1.7047243739057565,67.20012003772612,6.303859522234305,74.88210580468146,2.7325962461995883,74.8722455628912,3.226074671147526,76.85343965246221,2.604179412018051,73.70416416588071,3.5797957388190285,74.50927434336506,2.5679063046446915,73.8056246248821,4.14875273090955,71.84500843122123,4.2368396941067195,68.80305238789335,8.55207240027344,75.94515419131726,2.396388250229817,61.15764954700048,5.0571505007421464,69.02197833604846,3.101541920543989
70.92716178172829,3.8985419473920992,61.49549137573776,8.252926764042034,60.23650628063507,7.494092205940016,70.2786629892679,2.800140013883367,67.8620118038784,5.578286379714438,76.9772925389771,1.7810082291816833,64.42559698186547,6.562802486370152,76.59973991454335,1.8760472286096954,77.13291510067593,1.1956610905787015,77.22537405147406,2.0567243985789907,77.43272789630878,1.701386250616475,69.614730554325,4.196564403776124,76.06384955056663,2.4230030672663596,76.02355059519556,2.330510404129711,77.44487474455892,2.4413461073215186,73.7622361633108,3.6164213979069735,75.60241222115837,2.4417292601180107,74.67596495991539,3.537346886302235,73.2727896308787,4.09255900050707,69.21302713748803,6.942185602373432,76.59973991454335,1.8760472286096954,63.12116838389757,5.42101828126164,69.80950883861841,4.199061374405101
71.15954041385619,3.447350848035969,61.3514633588659,8.75995230426766,60.44100834571854,6.670818683804055,70.57762661483939,2.941895590960366,67.34065965473876,5.857809563965803,77.86055218932205,1.150206772542058,65.63950497313365,6.236888653863279,77.44755344689607,1.5975000476865144,77.48170801417629,1.5385842264785923,77.42411684005945,1.52763642279467,77.47484851949241,1.9300934909585843,71.06179261461072,3.3513109908000196,76.0629358637247,2.6913852654738277,76.25557333943065,2.4602473900592514,78.05661941236994,2.608335478773973,74.91754315765405,3.005964793510714,75.81942380244656,2.886927786655637,75.45958614382073,3.5080712581568094,74.22130444723906,4.404700095687633,71.10795129758775,5.120842978790283,77.44755344689607,1.5975000476865144,64.64687892991883,3.352140267408478,70.92145878586946,4.386269186834343
71.30503751339764,3.4429878537697887,62.24480171489817,8.858923811828491,61.34933904966059,6.74061159126093,71.30275098249373,2.9523411867634013,67.13854948195784,5.922428120358273,78.16520185780635,1.2681830892117432,64.89832082886747,5.991685173699695,78.13747767059665,1.5668807874023303,78.05687745623437,1.828409300433608,77.6520185780636,1.4501622064185202,78.47516970346553,1.7485396213818745,70.7935691318328,3.531662672803485,76.77056091461236,2.608020499917126,76.54448017148982,3.0220379253259733,77.98585209003215,2.2509127564576272,74.56677384780278,3.2283591727440637,76.24623079671309,2.3014700477265664,76.05944980350125,2.935934367830605,74.25880671668453,4.485875397387857,71.90053590568061,5.507661261593557,77.83136834583783,1.477217927144446,65.4336548767417,3.341317167375619,71.95969989281886,4.328887902966971
72.24283305227655,4.054575308328164,63.4764341040958,10.57803395412468,62.29185125903905,7.2622089977380435,71.33220910623946,3.2433335339882623,67.33572469774488,5.913912091614778,77.94352187955528,1.6542194903775607,65.81273044273587,4.7350246192799785,78.18761254180124,1.770742102058828,77.90422156801098,2.1775534307435045,77.59024780632807,1.206803351923953,78.17632263412123,1.8170787909983692,70.97621973876011,4.825650077159005,77.22439763340671,2.385437917975629,76.51870694829509,3.3673569309548395,78.11487123788837,2.3762685934258987,74.85751850687397,3.0143244090184367,76.37179523823134,1.9277714335262388,75.90647954954696,3.273467583650692,73.01926429816788,4.846128433309688,72.69628719238574,4.253104889186421,77.74559121959584,1.4494518312465052,66.04381627461629,3.7092793474956727,71.8928459141967,3.1882992954473615
71.75310476898233,3.787622034854186,63.99411201463422,11.073102162821595,61.88858559730183,6.6739623137594215,71.95189573121061,2.897704096925481,68.24303659983136,6.589659768123014,78.0295256741886,1.8203448653901757,66.42519257427864,6.277511895328196,78.33978820402156,1.6844306887261444,78.02609577980078,1.8358091404612054,77.86546239263717,1.7532999387372095,78.42224858159577,1.7893078241592542,70.82703328426679,4.579629212884392,77.20263530218799,2.2920768070852393,76.85064239063638,3.48356996499766,78.21045260314693,2.2454449480143843,75.36821345376073,2.4264923132736835,76.44062709902391,1.7652013567237774,76.53566375602017,3.3829706161556063,73.2265302330899,4.187411769765974,72.97686250410874,3.1098701112648977,77.63194374973203,1.4650954292698222,67.81215611735954,3.2040630351075268,72.57885184285367,3.2454473353145326
71.5656262505002,4.06191008878393,64.0464757331504,10.95814233958944,61.58206139598697,7.7612509442712465,72.78954438918426,3.08359464846613,69.48922426113302,6.565202354551047,78.47281769850798,1.5496204476440314,66.38512547876294,5.795709663141247,78.63059509518094,1.6805743405869886,78.16626650660265,1.8745473653470168,78.03878694334877,1.8054743124525858,78.6012976619219,1.570060060898637,72.46298519407762,4.24928134380557,77.68250157205739,1.9616253694645311,77.27148002057967,3.365891338962703,77.89501514891671,2.133803002505215,76.29394614988853,2.147734963708743,76.73383639169954,1.8046786110497093,76.9187675070028,2.597680246337882,73.37049105356427,4.005776499964817,73.63988452523867,2.5775435353542453,77.76281941347968,1.490097914537143,68.68533127536729,3.7509224877341656,72.65849196821587,3.3973273810835174
71.99668434065542,4.293330918021108,64.58690028726187,11.481803662617128,61.991682268368336,8.192089104306826,72.39184805133554,3.1554563290773716,69.82978662588786,7.616625455627141,78.69688871103742,1.3842246532909979,66.85455402952653,6.194064984938404,78.50109331008562,1.4341599929713205,78.58584270626402,1.6487617233330059,78.39219105057809,1.672415273929162,78.76577439224822,1.4297126040685435,72.14374526589589,4.597544958157688,77.57513827156967,1.7912677804916666,77.4723814151577,2.7909548556537214,78.12064998356462,2.0302089181482255,76.47296737219705,1.959760020029009,77.35690500350145,2.2786707965827,76.89771476754655,2.6420992977276323,73.07570279115633,4.310534785155327,74.87401923654085,1.813510224624274,78.15380657701047,1.01458490832521,69.43948207114377,4.784837224422573,73.09985565448542,2.843919617897094
72.51765042160926,4.224136243416215,65.00828926682864,12.044137254131083,62.63913105616693,7.6274949279304955,72.6196941546377,2.717684328909504,69.95598113477205,7.183467163550731,78.96369872802629,1.61342111444897,67.42303844504787,5.907478040898297,78.7098756609976,1.6475484697002933,78.60411604973561,1.320653352256567,78.39073888809489,1.8071301570616265,78.74103187080178,1.657286578930213,73.10733171359155,2.9846790577352342,77.39073888809489,1.5148792936071342,77.62326711447763,2.552234175908259,77.90052879805631,2.167467016325025,76.77218808060597,1.8919039292947153,77.56852936972987,2.082792665177729,77.00700300128628,3.1314100245657843,72.49464056024011,4.216173141231236,74.17436044018865,2.0932587099365403,78.23209947120195,1.3702778273085363,69.58882378162069,4.062586353215674,73.30898956695725,2.920958705497604
72.45322928725578,3.796499137348607,65.50743900870386,11.49187818394603,62.901999456902345,7.210257149978079,72.7102002315311,2.9156438880226156,70.56224899598394,7.274236845774472,78.96382683759951,1.9316618589202428,67.37355114407808,5.807081607954752,78.75187583072504,1.5291261047422118,79.11232117080422,1.106632568283296,78.63282310737613,1.73645368026328,79.03685918049422,2.034228902791776,73.72464948763023,3.1055155369443668,77.80331289571096,1.7540149250108426,78.08901084766111,2.147577131621476,78.15032371478799,1.7677610309242393,76.89691148937388,2.265178542131373,77.8003115665509,2.5997957610353315,77.40799496920064,3.3291648593842895,72.38548500050021,4.244493848494205,74.36879189355284,1.8782451744505302,78.09487058554504,1.4641755830219814,69.0542954737098,3.633739046063199,74.07537623804828,2.803106847758238
73.1051337754402,3.186422212393971,66.99534072718957,10.665574715934834,62.86573862337069,6.185890132389142,73.64266521838555,2.8175601364741683,70.14978275783214,8.420746245990726,79.2386519551795,1.8664419432877222,67.6679339126458,5.8935616195267295,79.10416190258404,1.4706059420331972,79.2367939629545,1.633478536758754,79.00540246970044,1.7786591094224422,79.22950491653327,1.599158593945569,74.12774411159387,3.6354588953585214,78.3691115938715,2.0117109395118016,78.52075234392865,2.1031584675893242,77.99050994740453,2.0141151945480615,77.10910702035217,2.0356811509312633,77.58718271209696,2.501991280929744,77.33335238966386,3.150931489342322,72.71681340041161,3.4375819819388065,74.23379259089869,2.4345545643474593,78.67725245826662,1.2596255920057138,70.40132632060372,3.312045523050931,74.27009490052595,2.6968955998091144
73.44776823359582,2.8978007757935202,65.79487472665684,11.31693711891662,63.217230980319286,7.032210525930513,73.8952649106007,3.2672276190435934,70.86669429874082,7.621197622766721,79.77603727471522,1.768211841066647,67.53883973873397,6.3503314453422846,79.61696228221875,1.366238101094352,79.42901653636713,1.7344095860707007,79.04769391284462,1.6371372344643722,79.55736275672817,1.4221635482856023,74.93775637086055,3.5272544793078775,78.65922506324411,1.6914187216153302,78.87461231723528,2.198446370045921,78.15327225692111,2.3767127717185335,77.19982277359327,1.9922008253708758,77.47652464733376,2.2732364190197467,77.80124916031843,3.348338360952851,72.51404233424329,3.5203949192081843,74.87386910972316,1.4789696620918826,78.41911186702303,2.433451661490414,70.22667829119442,2.9874162165745535,74.53671016336273,2.824638726008577
73.4402424034531,2.9475111462077677,65.89343395363463,11.526655798257606,64.04567932996028,5.957603329723617,73.89203327330418,3.586782956430698,71.01892347711745,7.311529578299964,79.62638996083813,1.6800971372882285,67.75919732441471,5.626999277404514,80.03387359574651,1.3760983048427875,79.908526998828,1.5012543676639787,79.61195437784066,1.6228588612215307,79.85378612468912,1.6386842256061898,75.93002315410342,3.5010193676205454,78.4864076837321,1.8830957304141234,79.11871480433354,1.9081736729596777,77.42031844038533,2.755527301393257,77.21364662836235,2.0597352484862568,77.37844095703626,2.512037317866405,77.89826487150901,3.360853476467232,71.98153388788839,3.634182326438455,75.49666981105108,1.9952207442586438,78.6680673469971,1.9847425655719777,70.24769173598605,3.372997286220162,75.17951576480004,2.861279119074784
73.96569713428143,2.7195144020785884,65.70185092546272,11.95082859763383,64.74665904380763,4.687163705596798,73.70027871078398,4.3829083930044845,71.53705424140642,7.9030726305399,80.25498463517472,1.620932809983794,67.138283427428,5.093222523643001,80.24740941899522,1.3955179800147797,80.0564567998285,1.2127955542293596,79.74573000786108,2.032816198372603,79.67755306224541,1.6767754329517193,75.88694347173588,3.6343627019444416,78.5942971485743,1.5044009938917158,78.7868219824198,1.9979988716932067,77.44586579003787,2.715358867528493,78.01186307439434,1.395807145144131,76.99363967698136,2.8972587059982216,78.00814693060816,3.065320645207742,71.81505038233402,3.671280418318218,75.4720217251483,1.8679077138246747,79.04109197455871,2.0348360291146577,69.74801686557564,3.698005738215283,75.45515614950332,2.993429801023383
74.14241609970843,2.4596506123329016,66.35541135441085,11.363276230197872,65.38033845977932,4.493930255419543,73.42790578011548,4.346720933636741,71.77548453490365,7.577008069445286,80.27314047224286,1.5772639183389547,67.96581098850837,5.718991215971709,80.77311188611286,1.4077114047080097,80.2805728660454,1.471183347970744,79.44199874221027,1.7432957659533435,80.08018409467726,1.5254488221788418,76.0899891372706,3.536086326277124,78.70662054771026,1.7425269958084502,78.97647361500199,1.7343317746026965,77.87719398547824,2.782184222522144,78.52452689954835,1.4467360262206093,77.15124921388141,2.7425604827473764,78.16963009547767,3.541422295050842,72.20513406894975,4.177963591733979,75.70336172888915,2.1776387226212917,79.11697444399978,1.963959940774548,70.7582470985078,2.6088566652875778,76.15902464124407,2.235544979269733
74.09516458699598,2.323609870658715,68.15173734688335,11.001849112093442,65.77433786429971,3.711465237046601,74.0307019424553,4.1677203470216115,71.67445649843489,7.6052962368489,80.3284593285022,1.5513923715726017,68.02938696167975,5.870909209774399,80.91619856209711,1.2474462879835366,80.10748538513215,1.584925741339259,79.57563283449824,1.8371082093221165,80.03601903863469,1.4892080665307939,76.36607921329845,3.176830150261542,78.92100110058173,1.795710614406862,78.87797835999028,2.2575774491400256,77.85129282620815,2.822966095457223,78.54951903148807,1.2330387145018487,77.17464945757044,2.8168615851683936,78.11800523133657,2.8434540122328458,72.99358232208452,3.6754704559730915,76.2034218086703,2.315321582982984,78.87955061961323,1.916236758573655,71.41774938181611,3.3967874347988563,76.7351314266112,2.1142961083260405
74.48000343043365,2.406717500107291,68.28306795117348,10.520493679395242,66.02569966553273,3.6277348739042976,74.76001257825676,3.578259264072513,72.18304222292102,7.454262815002598,80.68451445070181,1.3811525861241116,68.33824075926931,5.235877812866464,81.15019582058832,0.7309339308468922,80.01286412623996,1.624715095131194,79.5929218718733,1.840069289921027,80.2841542551671,1.3211181997864425,76.30570881335584,3.6138082764415644,79.23730024870643,1.623487187474543,79.36608444584202,1.956553136657373,77.42088562362426,2.5656937840612963,78.745604756868,0.9791513504129301,77.31411337583259,3.10835469605861,78.10368485749407,3.1605769063372504,72.55753123123982,3.9441123694557723,76.09931105457247,1.831778234057605,78.82893570795575,1.8998877420347409,70.42380149223864,3.358762498326046,77.2740916497527,1.8322898807453256
74.66717170995268,2.1090265757759803,68.15125569960406,10.460361373234125,66.27035062391903,3.486868718995838,76.35511213390319,3.121985182690986,72.42535126713454,7.663110177034896,81.08460427952717,1.2475605598026065,68.34293392032704,5.900714312789861,81.15335687025627,0.8636159401260843,80.14165034805106,1.5526895984490017,79.94554108717715,1.77353557613407,80.72826288932406,1.1684483349309516,76.48961564300109,3.500433262496909,79.00358771315447,1.2786693248391925,79.36607538485728,2.0722865630571645,77.91955518074354,2.604054632598685,79.01273566701448,0.9749085664530391,77.28320064035678,3.4774623897332217,77.98330498420549,3.3045943703700336,72.72480381927073,4.08555973310759,76.27606809508157,2.0289239384549695,78.92911765126284,2.222639907940911,70.03501951087034,3.077897249214649,77.14097854518945,1.6981097740671525
74.78316180674672,2.274970669103011,68.48256146369354,10.63697978910777,67.33061749571183,2.6558183370235735,75.8956546598056,2.8558580873120847,72.58504859919955,7.908022568670988,81.17195540308748,1.0962668622401341,67.63236134934249,5.6991569483052045,81.15537449971411,1.0191660411105348,80.27215551743853,1.5147686604333006,80.03644939965696,1.911225498492002,80.72169811320757,1.282120193204504,76.91623785020012,2.9204612327506396,79.05174385363064,1.8536868596044191,79.55202973127503,2.169268424298211,78.23084619782733,2.074584741537351,79.09219554030875,0.9028298102970522,77.29388221841052,2.8644347804832573,78.30017152658662,2.871011895274615,73.33647798742138,3.3512790012774345,76.98899371069182,2.34209683053665,79.39465408805032,2.0676276522481634,69.7581475128645,2.3807698847591543,77.42195540308748,2.2220995664582275
74.91845223630983,2.3608385944689116,68.61618948241113,10.959969702854567,67.13517917637473,3.2244592963313212,76.20249002987465,2.297486021103685,71.98030274875285,8.020519894179973,81.29290012721738,1.1306908057352225,67.3676010234566,4.588667304310601,81.24658728683941,0.8793194241484744,80.35549393216027,1.5251230952399863,80.20512014179732,1.1964148808579247,80.78388770565617,0.9933386832362349,77.41562915421889,2.3913451239053938,79.05473205734788,1.9215560733776162,79.75628582455438,1.7629180417229973,78.79229262853957,1.7938746077505168,79.25613573664575,1.1242778034337908,77.99768435798109,3.115940655746059,78.07187066710502,2.8910906527253646,73.4197172629683,3.1885314275273684,76.84515216055118,2.2032497554678825,79.6279249274575,1.989535203798844,69.52958161208707,2.321998293045964,77.2691147672208,1.9148427948485762
75.21484319162926,2.31105909213455,68.59072586408988,10.922858316037411,68.71165556476743,3.128160472672668,76.59224105892106,2.7309436433222296,71.96417850710426,7.677546790144821,81.24231681866264,1.0333058515467113,67.80068040824494,4.032826623320162,81.34094742559822,1.1039882093292837,80.76374396066211,1.4913875671205965,80.15209125475286,1.3128578659053154,80.79976557362988,1.0415608281887334,77.86043054404072,2.2852771652940773,79.1936590525744,2.0153643359484676,80.02101260756453,1.5709854153109248,78.91291918007948,1.6086663663356202,79.24254552731641,1.208743905815542,78.43305983590155,3.0648905539577753,78.1508905343206,2.9710036090551366,73.52582978358444,3.4904957089838797,76.35281168701219,2.088335277592532,80.06732610995168,2.0684289579601405,68.92206752623002,2.840524582079337,77.24091597815831,2.0649225829971467
75.32012521977786,2.614826177535574,68.97294052060552,10.379979453221356,68.65102848892892,3.4865697796671213,76.68339122603885,3.0163048115003415,71.71662592735537,7.867593923802283,81.23290021012909,1.0175537078657935,68.01292222365169,3.7691513274342654,81.44131394999785,1.0727963785589465,80.85209485827008,1.4631821885119345,80.15981245622312,1.3765936112894122,80.92971396715124,0.8500992895159005,78.13757022170762,2.601459185427649,79.30800348785682,1.8561633180468375,79.7964463884958,1.7829453197164373,79.28355990108209,1.395487484050937,79.11545663764885,1.7361650164789753,78.52495104135397,3.0646545639386376,78.63158797547065,2.6380686680874477,74.08665322984119,3.171245391264437,76.69639921666166,1.978001488564292,79.61433451977643,2.413588309591299,69.64864130823221,2.403919111089755,76.99029403776606,2.2338805264108768
75.16338841557551,3.035698673307662,68.73434730401968,10.399172708859865,67.82563325518898,3.9198551926500325,77.2046715078049,2.9771431096806382,72.65524043684603,7.379682982888765,81.26222196809422,0.8922461972548799,67.99788438447024,4.678868072277683,81.59400194407912,1.0370877801477483,80.9907656241066,1.3584639540661765,80.3196294813883,1.2791288524233855,81.06409743267196,0.8496615483193984,77.9518554519984,2.6350154445250418,78.85642403796673,1.9701579893133203,79.68608839842186,1.455214425480505,79.46523529075418,1.4499230137723456,79.19435073474756,1.6085698789936833,78.75192978443593,2.9735945859675303,79.04254102578764,2.411390569187604,74.94139173194579,2.64405313208437,76.96809423065928,2.286910491717118,79.72482703413574,2.0363792703055146,70.70315626965522,2.3295117472111064,77.37820916004344,1.9267773524938272
75.79000786219713,2.8290941965831586,68.59266671431635,10.593600438985618,68.32392252162104,3.590851739429529,77.21177900078624,2.90438981414747,73.13329997855763,7.360416050770176,81.44978915016796,0.8192149369861182,66.3953970409549,5.378913637308217,81.7631334429276,0.8346128804430999,80.9966406975913,1.326509127755572,80.31019941390893,1.4654557891945816,81.00407404760205,0.8359777112096854,78.1743978271746,2.1627761974569926,78.96519190908441,1.7903513601402392,80.11049960689014,1.294165269545079,79.57301122149953,1.9596913950353958,79.25123293545852,1.5117029200374423,78.817382603102,2.7181113022540817,78.93531556000286,2.4943154613612957,75.22121363733828,3.2378403458122467,77.19433921806876,2.0648303616749857,79.78443284968908,1.8750350062105232,70.4524337073833,2.9738112176987492,78.14580801944106,1.5178945850448247
76.22637733367642,2.751592759939517,68.88440975498185,10.30943068151367,68.83480572947937,3.3271030788468376,77.20544929525116,3.052303613682934,73.26428796065987,7.4990772489771516,81.50784801440946,1.0011549211483532,66.92426451668238,5.290076369794084,81.84135288904137,0.673276241726024,81.02653172084511,1.3806736287431784,80.65099922806414,1.28197829095255,81.03339337278783,0.9005451756453859,78.34719958830087,2.3375669371303003,79.31526431655087,1.4314404736354445,79.9596877948366,1.449813652505056,79.84975841267119,1.5848713130649612,79.35857849443921,1.5402313086679653,78.38894130428568,2.8674956471189934,78.91728850387398,2.411130421647465,75.93132630014009,3.046601956055726,77.21760013723303,1.966104699413637,79.69437058638533,2.397371154638908,70.88586785601967,3.0584334580512347,77.81799468221973,1.5853814837009803
76.89148428230382,2.5559729004322684,68.78475547867853,10.076520418236756,68.71785341586494,3.008117674731639,77.7424842394179,3.0149621346086226,73.06162709247639,7.935166478344507,81.66368847654854,0.9717582529645034,68.14504024130488,4.903759067749127,81.96603433734079,0.799494555684536,81.01153631724156,1.4592238862732636,80.59182594027418,1.2432775930220565,81.03884036424458,0.8340514208921246,78.66381713436165,2.3562113411334793,79.6893628579189,1.3357459972517556,80.24287736051349,1.2536563759226294,79.81401798350319,1.6946769637020018,79.39559418466685,1.6276132387721551,78.59234057152659,3.196705448748008,78.80819979128844,2.433526966350811,76.19773276342686,3.080392031847713,76.88333595414062,2.245948454208684,79.66191585779023,2.307545037275473,71.6155132731977,2.5890900253037774,77.81281717724758,1.7205439604583164
76.65256175663312,2.8808840575744217,68.61147644098813,9.66288370204751,68.94927950594693,3.4904122890273164,77.53216491308324,2.6376192631407185,73.3202767612077,7.997395272713759,81.89115393412627,0.8096547795740855,68.03994167429094,4.106846001628154,82.21509034766697,0.8138939984254737,81.30661024702653,1.1918285202605008,80.78096408966148,1.119395471288106,81.21197392497713,0.8612939684326292,79.04777561756632,1.7421217786287864,79.66848696248857,1.7009050963635957,79.91165370539798,1.4042687617094556,79.67806495882891,1.611007869844789,79.54883348581885,1.6288683609357377,78.21577653247941,3.4548449449158096,78.72040827996341,2.4228259748355634,76.79237191216835,2.9057562830901227,77.4175148673376,1.884958470479369,79.62417086001831,2.185084520545581,71.51175091491308,2.337465253258663,77.50886322049405,2.365184181366179
76.73371359951966,2.9435673301980936,69.04990636302554,9.737347022784821,69.12939057340138,4.00709496443418,78.65420079770125,2.132695019257403,72.97622621549371,7.902262066787981,81.8004031393404,0.9672070892604405,68.14555903418106,4.332174599172888,82.29503509599577,0.786513325231846,81.20655887692814,1.1222146312244552,80.68905376620778,1.2814274696644705,81.27003187945847,0.7139019850376384,78.99015024803076,1.8524424332474576,80.03445268831038,1.4442712518087644,80.01786965161327,1.20212567328198,79.61058455204359,1.6753814683283006,79.63917599462482,1.6721817327347688,78.21589398293091,3.2608845354848985,78.71753084301868,2.256679659970112,76.87409758259352,2.835472319026748,77.82533487727125,1.8783324628152447,79.65861817558005,1.707863459884871,72.05543880716502,2.2060569816447075,77.19360695343885,2.7557775610163935
76.7299499642602,2.8387256697647567,69.30421729807006,9.054776414135565,68.76454610436025,4.010320005022053,78.16654753395282,2.1793244980974578,73.28434596140099,7.923011231998173,81.70664760543244,0.9961564311041251,68.04303073624018,4.497669363246753,82.23716940671909,0.9241082405615928,81.424303073624,0.9881368326055698,80.95939957112223,1.2420011018054682,81.37426733380987,0.6774190559070963,79.08949249463902,1.9046972511936018,80.31136526090064,1.475760422255925,80.12380271622588,1.3420826183788368,79.65804145818441,1.1030784411925774,79.59413867047891,1.705003734303384,78.73509649749822,3.161362923700581,78.71879914224446,2.043446412189082,77.38155825589708,2.731878394634344,77.66347390993566,1.7421102292373412,79.85360972122945,1.8570141323058216,72.63402430307362,1.9469770425378483,77.43402430307363,2.620797892202514
76.54962901542551,3.2310190742337066,69.12421907389671,8.775882778637383,68.18610702082947,3.97710615245573,78.35380062617048,2.42993455262343,73.90498791977012,7.914801961837213,81.7105319589987,1.1280201127301852,68.80184134154885,5.011551839751778,82.34041944845531,0.9267143732413756,81.41545983502266,0.9988725699851307,81.22031766000944,1.1345201631764257,81.4735021229753,0.8217269424333581,79.32693819782985,1.6698580232722047,80.44761183147723,1.4592614004195548,80.31651631903244,1.247409922130962,79.40513802913551,1.2904408648149708,79.96039971979584,1.6689923624098264,78.31277073296258,3.0729992919203424,78.93965603511128,2.064283878866237,77.65429098343078,2.4964015251925415,77.63055940756837,2.295395987931268,79.58584111281077,2.213116588117024,72.65193212197457,1.4646379362733455,77.58023702983603,2.646143864380113
76.79304626293819,3.0475785368097035,69.82872991365015,8.808085356285838,68.34920226453936,4.009328187938029,78.65828901469663,2.7313357331208055,74.16924000686225,7.662048095381728,81.90827471836221,1.2178083564739497,68.57193915480073,4.7104661218596835,82.43666723852004,0.8197787423655394,81.32627094412992,0.8135308846045058,81.31226053639847,1.0291112934667728,81.58003088008235,0.8809865273342025,79.4578829987991,1.571707016542179,80.28092297135015,1.4082441579576699,79.96740435752274,1.4684928884241757,79.28089437868132,1.5103760599749052,80.16355006576313,1.5901056168401753,78.94464459312633,2.981087394786314,79.15723108594955,1.7736169209753245,78.08529193114886,2.5344895073602216,77.55618459427004,3.1522092120413663,79.42757476982902,2.3665889629987236,73.09401269514497,1.3804050440139475,77.10813747355179,2.4860031700083898
76.64831944186312,3.072007165528033,70.11866127210602,8.256661764069579,68.85985103006563,4.258049217153447,78.39006676483623,2.897426035549501,74.27080503810029,7.2392687986725734,81.96877635924344,0.9736570717070739,68.74705133887086,5.276840747432642,82.5902469012252,0.7737381901208362,81.41950333824181,0.8215785004656572,81.41492844582328,0.9166871229688109,81.72959526498636,0.8880241193620565,79.61570903684218,1.5563846455316872,80.04489113185699,1.736699377907348,79.9230846212132,1.6346326124536603,79.24885985103008,1.7874903412363894,80.29894062647432,1.5921872470848855,79.23156103907243,2.8374467351268193,79.0424178306432,2.3753728097823745,78.02307461363603,2.66282120065864,78.45497305102435,2.3334857284294896,79.36594850386723,2.6074375717609417,73.30078487998055,1.5585393993797656,76.77956166812015,2.1041843780647396
77.10862665484801,2.6036236437958027,69.60969891058816,8.448031008978825,69.65630629342635,3.6997502981516606,78.41277556972523,2.6824599618136333,75.04403396906186,6.932684457109698,81.81654419123323,1.0005929311875674,68.35587453178165,4.511976538791321,82.59214250993624,0.6999944332525754,81.49072141366196,0.8470523548775349,81.34375089354646,1.0468692074605856,81.77980156120437,0.944928865584481,79.77239584822578,1.2683201969936735,80.18085380150401,1.780380388139091,79.75009292883082,1.5617503401615391,79.64401109427273,1.5249604633352343,80.13338861407371,1.6855949301451847,79.34149200812055,3.047536571581584,79.21868298401623,2.3805000519195847,78.08480828067366,3.0945553337653573,77.80702256026078,2.7004985325268342,79.24670460069196,2.9838022651859406,73.29311182912532,2.2935101913840215,76.49858462242301,2.5556284903944997
77.15362070198013,2.317752644580071,70.03302594895989,8.80286544697545,70.16856101222389,3.6237209453404757,78.73743655729501,2.6786366247467326,75.32575595110444,5.692359777014129,81.70162270355279,1.002581806984672,68.66495103295446,4.053260140831635,82.52512688540996,0.7753283061339413,81.28029165773107,0.6813905578382052,81.38680391736364,1.334468235849068,81.70205161198085,0.9942799335239626,79.85331331760668,1.2984371320014625,80.28107798984918,1.7541481021999765,79.69290156551577,2.06739347687822,79.75795267710343,1.5073820508618914,80.25234112516976,1.5757179912281856,79.21123740081491,3.0912130007192986,79.2136678819072,2.290026139592343,78.70812781471157,2.6708176144641675,77.79298019872758,2.389079069217278,79.25155479305168,2.622922795769422,73.26027593108871,2.0626328195808483,76.64636500107227,3.0271328654651195
77.35774333752717,2.2517735229538234,69.82986389111288,8.701722098941126,70.2278966029967,3.6118685918549254,78.60359716344503,2.884781837247082,75.47380761752258,5.325548191243953,81.87306988447901,0.8882000368282428,68.78660070913875,5.00808380253474,82.46382820542148,0.7199002204607338,81.51278165389455,0.6768236274000783,81.12432803385566,1.6749848188775514,81.79600823515955,1.0193250153359845,79.70261923824775,1.3410995013286977,80.56645316253002,1.4399962327163225,79.88276335353997,2.0944864906807212,79.73764726066568,1.6892153829326,80.4054672309276,1.7896697010238785,79.24039231385109,2.853093562442896,79.27627816538946,2.1415020525641717,78.81962713027565,2.232118808264988,77.2609516184376,2.603212638495124,79.04866750543293,2.79515485173728,73.00969346906096,2.689118970030766,76.56997026192383,2.5658432714658685
77.19085541083454,2.2850373181491412,70.00643381038847,8.340079854836812,70.30081637905151,3.692229347496079,79.03378465321761,2.6922521358483,75.75840327123515,5.707320018938897,81.94615615572681,0.9299715894745677,68.77242897788199,5.0047866736490745,82.60912457286648,0.5742534762959381,81.54139799551062,0.9394884722224985,81.11419298571693,1.573216037172346,81.9960539296284,0.9451926531631231,79.70719014054302,1.3835375618539927,80.79178759847305,1.2634535603968258,80.05304319231375,2.169750554067181,80.1449751940866,1.5176775228199224,80.57975780278227,1.7618836511926914,78.75112591681798,2.791380251739784,79.38564259468424,2.1957145325432017,78.87251047281357,2.1878269439891365,77.93031468481477,2.0656486669117555,79.32187638505641,2.5410969094274303,72.70248631028123,2.616882765161931,76.12269991278613,2.4710082879643567
77.0790083211804,2.199278971465775,69.98584541477224,7.99548371060789,70.35743902090303,4.0334282842281715,79.26596322667352,3.0304467778865116,76.44333876640644,5.804356033514116,81.90329129850448,0.9430994095984525,69.45554888336049,4.255615085073015,82.67550255926339,0.6948745331910396,81.49909925366732,0.9028368993464629,81.05072774584656,1.6785620482751822,82.09716622344229,0.924226050191974,79.77309770953076,1.3211555005400661,80.80195018729805,1.152901839437917,79.91721712275886,2.034334416157926,80.11852677933146,1.9403795244487902,80.76920877298332,1.5774759018382691,79.00789225358155,2.8070623010971185,79.50330273655314,1.9105166477708138,78.82817191387149,2.3170094389150413,78.60670269651999,1.888991275741915,79.44268107860799,2.0525252664875486,72.88438992307913,2.3056303347648615,76.30465242629609,2.2398047899073434
77.29686450007864,1.6052288708105438,70.62852976079839,7.43597028797474,69.92021846985315,4.083224755163952,79.33458200483264,3.041963868323443,76.64831786791724,5.6419517677525075,81.97180480690868,0.8696851102948832,69.87375073276048,4.120955776017,82.67125148339315,0.7265832407301271,81.42677399522454,1.191378146717324,81.04130624383409,1.6072287602535749,82.16682632504539,0.8686110800933835,79.78267396805879,1.2397946356346574,81.01657110993551,1.3228824941753514,80.10751919474987,2.272705863035415,80.35472755608298,1.8259441353579269,80.67514047554367,1.4370488904195664,79.23649933515392,2.8488347904301787,79.70017586251268,1.9880753859375755,78.91051028724212,2.3756778674383656,78.63599319426373,1.841079523639328,79.2773909437955,2.0293891820917067,72.62635650047896,2.334195039637657,76.41912469081083,2.879479126720626
77.41106662853875,1.65418698568566,70.9409493851873,7.981825319901312,70.3767515012868,4.7840986600071975,79.41120960823562,3.3775476639451654,76.80440377466401,5.670166554129257,81.92164712610808,0.9253444500652522,69.72161853016873,3.9634010170934144,82.60909350872177,0.74409986127676,81.77437803831856,1.244120724945133,80.99013440091507,1.3753736094723796,82.0674864169288,0.9783813461334036,79.97955390334572,1.0983605112222707,81.037889619674,1.3752516024949606,80.44666857306262,2.167507712021833,80.09179296539892,2.1100670067082405,80.67071775807835,1.5158833220957912,78.94623963397197,3.100086236237035,79.94981412639405,2.4024861448898123,79.49442379182156,2.1395496556137283,78.7410637689448,1.8147768361940455,80.0497569345153,1.7337664983702874,72.8768944809837,2.4113770211017265,76.6762939662568,2.7428619406879866
77.50596948769642,1.7478806977474135,70.87490527459643,8.298992600755733,70.48999842720085,5.059529962634567,79.70774532092253,3.7715311525609954,77.0291253806889,5.70899644979255,82.00546190251505,1.006784749401729,69.94152046783627,4.115335349576858,82.86392427686984,0.6063996400607305,81.76196399719757,1.1904791061204791,80.92137434049671,1.685540206477461,81.99702597978238,0.985146988235082,79.93637312515192,1.1847546886362108,81.05978066600895,1.5057414161372993,80.59108651825161,2.0937695888445464,80.12939847581463,2.145526195154016,80.77996539841862,1.3032876380471206,79.33699366590886,2.9603908220165667,80.26751883784439,1.974270639544437,79.53802599408056,2.218954040403163,78.48124794463747,2.5514625996277727,80.16428602067516,1.1206960411608502,73.19835856961068,2.3359770175588914,76.14635611032472,3.038867946197865
77.75915811147016,1.8071580103505391,71.42897995367326,7.882558070995963,70.29997998227,4.91425657909908,80.23263461923418,3.1423327965282053,76.84277502931168,5.823712529631162,82.11015470845607,0.9670349342860131,69.88289627956189,4.224367566353523,82.87940747519231,0.5458782377932063,81.63358975092225,1.3634655879937985,81.25525465412223,1.7920136862292153,82.19623094741057,0.9533060867273756,80.4292373244874,1.069515505172187,81.2847093139638,1.490364306525679,80.38605622122452,1.9900095978026724,80.13740741799879,1.7088585873443805,81.04921501901686,1.0596387028193628,79.26663616345905,2.907547506748688,80.42394692441876,1.9399007517093196,79.51671480454115,2.1542731863652986,78.38971660613686,2.194849248453238,80.54719894763933,1.3564597438578487,72.2654350996597,2.5864640474165608,76.37779175841459,3.077418826096069
77.89653545333658,1.755811412532137,71.98678810929837,7.059042282151053,70.73623403920672,5.394336866851134,80.24450576947824,2.9448370453459676,77.11182921772453,5.571875417924541,82.21570842329527,1.0197359652942146,70.11038506084046,4.4259377761472845,82.9596636973276,0.729752176780564,81.78045955645796,1.4252544381836414,81.13931109427057,1.6409980079791016,82.35183093355448,0.9007372364812548,80.59253327995195,1.0766160781563003,80.97244663053891,1.6013980242193129,80.33086921086121,1.7898258922343435,80.37619571900424,1.497655324370642,80.9861732702289,1.126843204883976,79.99184980768408,2.4483879540752604,80.25923330997897,1.8603609854192038,79.56660994895405,2.2534873706583216,78.64778300470422,2.3365246596246845,80.55878862404737,1.3823251835471988,72.68398701688663,2.835076944246488,76.39690006720335,3.0742497512054245
78.24553877831161,1.7394874052312672,71.63935598261268,7.371001638762326,71.19023106840541,4.572181951537129,80.4163806909174,2.860028799187241,77.45610272248913,5.194507980469566,82.21473919011669,0.9360744759686339,70.68905856783344,4.499584072217362,82.9452642415923,0.6305856704865344,81.71399565316861,1.2982833273705614,81.38755433539235,1.0217303213009625,82.45481583161748,0.9546096255294347,80.75754975978036,1.241526786331214,81.19008808053077,1.6000255576210662,80.57395332875771,1.8005910474176436,80.37648707389613,2.040502647114542,81.08198924731182,1.0454254613239469,80.07621253717684,2.1746334264640668,80.02559482955846,2.4275672707341354,79.40173873255547,2.342810330971808,78.45301418439715,2.573801002908442,80.60769846716997,1.8199592846491282,72.98601578586135,2.688307288644759,76.05868222374743,3.166290718933731
78.59583899335097,1.3157846590183904,71.12361478515764,7.473825435069049,70.97533423893614,5.136620807558057,80.5961249731894,2.892944711735865,77.60520483305928,5.283673703423415,82.04103810681347,0.851082966028291,71.08372059769786,4.188588461338914,82.756702652463,0.6210183886833337,81.74833774218918,1.348495171426226,81.30649889182814,0.7400890936187771,82.41481375563022,0.9743962616443443,80.9078429970687,1.1509959224771154,81.2807607063702,1.5202183662340119,80.30027883034246,1.5614357758566138,80.91542146278688,1.479200519486789,81.13705583756345,1.1712721059935622,80.32287123757774,1.9230317390732174,80.13769929219991,2.3289606207302644,79.57317509115606,2.006254379333285,78.59698291270465,2.149066732711225,80.8785300636305,1.3573812737345967,73.18252663187246,2.701761040404972,76.1429899192107,3.1111248473014506
78.38890954328367,1.3402189466325012,71.1061858323562,7.965831384821677,70.59498956158663,5.084458757353212,80.99736894786513,2.5117297806574417,77.66065147138731,5.336340002396321,82.15331598364172,0.7940019291028628,71.15222924471644,4.329182870945321,82.72943060599992,0.6975842109277027,81.69345382789486,1.5402162520575973,81.4462207223954,1.117480358638798,82.50135842365658,0.9149607048466212,80.87439585895272,1.3819072231673797,81.48482855263534,1.6488366335732059,80.12611891211715,1.858440892022355,81.04727314324934,1.6252776596277863,80.99794091572053,1.3411564503106088,79.83212743443819,2.1581944178500434,80.09880744702147,2.3534109901566724,79.45305573826752,2.1955330010000633,78.69505533789001,2.2928397522512465,80.8632424857723,0.9731273844907177,73.2244687848543,2.735974307856869,76.21385878113651,3.081655983729637
78.46438734217035,1.304825969423522,71.10648763816796,7.867061602310192,70.43384382194387,5.356024412021583,80.99438033546394,2.6557686955803153,77.84894112936668,4.908624772300148,82.3333762315359,0.699642607095409,70.57068908812721,5.1672842409638315,82.86288304520039,0.5837842262596422,81.76311612543434,1.4909573508464524,81.27121673601876,1.4369859443480129,82.5600217350893,0.9780817466604842,80.96449458767677,1.3444905406115981,81.64943588863628,1.7070726853428235,80.20362346817669,1.4730466281054617,80.88012812263165,1.5084160619712603,81.2687858378734,1.1684157689354266,79.99242131754679,2.2018224169423517,80.1156821529178,2.256567517590357,79.41958731929132,1.9337418991587672,78.57506470478887,2.612859323239457,80.7071053722849,1.5570829539657276,73.5758511718359,3.2906268785867483,75.91966596599602,2.9946058762789445
78.533146485157,1.0297310120800645,70.81450551964767,8.367117792159378,69.88074129154035,6.037327375353184,80.97809300463305,2.6869625216041184,77.92312532174111,4.854861269752906,82.49313618944117,0.7751854034347104,70.32917691471714,5.237216199666737,82.97446090487901,0.6132687294191694,82.00237373448493,1.541364726598815,81.23262597952296,1.4954808923718346,82.69347366012698,0.8333291278772021,81.19816393067552,1.302695183647559,81.62000228793687,1.685219651243887,80.14456900989532,1.7986637990118859,80.90974089115142,1.9388608914304561,81.27895670079506,1.1309362498294349,80.12740948349827,2.389274755370655,80.29528685008293,2.20356690338876,79.63221415088942,2.11102446126075,78.51498598638678,2.901051154852535,80.19790653777956,2.2912883706134464,74.05722702053421,2.6693531050728283,75.78504833266602,3.0082900538556387
78.49294304385751,1.2982530198858844,70.45201698817405,8.31413564619711,70.40854556634396,5.250876540938713,81.32945331827088,1.741868074330422,77.72275528735466,4.8923904871343415,82.51133259927644,0.8580750982398362,70.8225250604167,4.851998398716101,82.99523816333243,0.5745193783752519,82.05459667386425,1.4634221916101933,81.2465144213582,1.6318422996560713,82.61943916145916,0.8254149989136375,81.36448785231156,1.4695756684831234,81.72441406529295,1.5672868219487317,80.26354549484492,2.1331935054536233,80.74931003417655,2.290100036253613,81.3052866396877,0.9953481617016935,80.25467961276115,2.1382296178201616,80.5014943301254,1.6865252011793053,79.78707583189144,2.079649855898401,78.59490068782085,2.9651104292091053,80.49405842902291,2.2548721700263696,73.73153537057958,3.015597910368231,75.89724156668717,3.0373310433393095
78.29157729157728,1.344054236164141,70.16516516516516,8.695876562222338,71.14485914485914,4.15103499916369,81.67109967109967,2.0100335515860728,77.66952666952668,4.612211083310246,82.47976547976548,0.7597775235450166,70.51708851708852,5.106405207413355,83.05577005577004,0.6296237835825621,82.02002002002001,1.466975621736366,81.55455455455456,1.5336025584851711,82.83011583011583,0.6809087967812679,81.47604747604747,1.3914408894299304,81.75861575861576,1.5291191646083382,80.76690976690978,1.8080074280177734,80.83240383240384,2.5314429980076363,81.34520234520235,0.859842641642643,80.01573001573001,2.222327859456675,80.32990132990133,1.7106934497186308,79.74188474188475,2.1845126319596133,78.63635063635063,2.859262895838095,80.70584870584871,2.0774529242399185,74.00471900471902,2.5225615351566826,75.97983697983697,3.0069904716349436
78.54295070714582,1.4030568484223602,70.15801741766649,9.19681031158268,71.12199516652605,4.745317621193876,81.88662786540634,2.4690167606270235,78.19416837077605,4.318961691718312,82.47322284030945,0.871428640211123,70.4533169357491,5.390534007031902,83.12874486979652,0.5909802926706239,82.12301048206038,1.3285126149688422,81.60119549829112,1.5375056917470082,82.81128001258419,0.7025877953619165,81.72346236897425,1.2873706662492161,81.79081639949092,1.650163243510385,81.26428234351985,1.7535407420320483,80.95053554319381,2.3808420010908526,81.30489496489297,0.8613092057292209,80.08251226243762,2.224456325375832,80.47962933832886,1.7881835744359829,79.98484176807905,2.39221685269153,78.95651303464943,2.5449989947065226,80.85501008165424,1.9852137758727015,74.15063850476912,2.5483220842849628,75.92701168327876,2.73194772216574
78.55093810776799,1.4864778517744988,70.09252373870267,9.124175493750208,71.06995767074706,4.816869417080893,82.29822102734241,2.6540808380761187,78.35773938908592,4.379969214856056,82.50686420318041,0.8918712562202341,70.7552053540785,5.032363741271305,83.1376558746139,0.4733039378586305,82.13619723143805,1.4757135828290704,81.77911566182358,1.3671587976454986,82.68676352820043,0.6596547643515525,81.91168058574536,1.24144573229523,81.8022823475575,1.5673143953342723,81.43161537581511,1.7522127526151532,80.95841436906532,1.9935052892188942,81.38356595355222,0.9744687551167593,80.15258551653127,2.12502658467447,80.4619036723487,1.8958537963763418,80.18175838004804,2.6529308197126142,79.2701063951493,2.250669747241701,80.75892346413454,1.8305183590543328,74.32802310948404,2.1963277494820876,75.99216336803569,2.2625480411514425
78.37687874497689,1.7651558883405947,70.5814635262488,8.77115361563788,71.51100433309023,4.43476285347885,82.26807956869304,2.2196406257718335,78.37072947502394,4.447134866115753,82.45741988073277,0.9748065709924083,70.18362006092067,4.9637038672658225,83.11910992892588,0.43294547806468203,82.29982696240366,1.604754084099129,81.94002316701703,1.2912418145904956,82.71125602413946,0.6834390317439626,82.02010668268338,1.170362854735657,81.91900124415463,1.6115884051359652,81.01863371802021,1.7423470168973236,81.23843436726871,1.8118488180006602,81.33238949189871,1.064023034590754,80.0521972914611,2.493359666912311,80.18505012370042,1.713968513336968,80.29273385101604,2.560265006539826,79.02026398958915,2.7453693486051445,81.10672558525319,1.2672800092911243,74.17421024782989,2.036011553001191,75.8295079153975,2.6051386618403614
78.74724708978063,1.7263318654407869,71.46612132826131,8.636082808461685,71.53176214855705,4.46067883671897,82.02299573835197,2.1357474293964986,78.49297829133657,4.423067940735999,82.25595629665648,0.9219306484885046,69.90189629036409,4.971831695930431,83.18565340502816,0.4972398365399525,82.1658610531133,1.623729001199936,81.76715384835398,1.2958158080419353,82.63721648599949,0.6385066031259724,82.20504533363841,1.0873260616757976,82.10093527443297,1.651926578461358,81.3085261562223,1.614235838479716,81.357148986071,1.89931192496406,81.54520493092699,0.9459461816342589,79.6672196321826,2.5307759491661943,80.41157795383691,1.7002456980238243,80.39727712152846,2.3901526735157104,78.90884649486601,2.684167541404076,81.00606355289877,1.1698544197562637,74.01781883705631,2.4824765374485294,76.18525298172355,1.8884365808843213
79.0196639256346,1.3275544336913925,72.5598855917054,7.252692601907577,71.43453700393279,4.396374406363857,82.11397926349659,1.7737315791026038,79.00264569181266,4.461545651063072,82.28730782981765,0.8509912924734179,69.56510547014659,5.200195357830458,83.0276725062567,0.36483929429187995,82.2655702538434,1.5165023093512404,82.18991776903825,1.0564740417565552,82.72477654629961,0.6501956759448366,82.12971040400429,1.1098282380548283,82.14687164819449,1.7657817199733554,80.97504469074008,1.709572022072834,81.47300679299249,1.9267523193263152,81.82867357883445,0.929280679635719,80.0589202717197,2.4238062637473687,80.40143010368253,1.6805074135730607,80.463639613872,2.2086713878509006,79.30911691097603,2.54134047431034,81.03839828387558,1.4487710441237789,74.24597783339291,2.1371322487492446,76.22037897747587,2.1354379299734156
79.28665408157427,1.4564485858447387,72.45709627595674,7.050248884554673,71.68397116869743,3.7894859843750126,82.00288885075226,1.857371874228102,79.06326869172244,4.378972601290507,82.25358961157829,0.7967455027967368,68.65153595332075,5.538119638324975,83.04087294777187,0.43021464303748874,82.3678565299468,1.3023875102355285,82.22455809164235,1.1612238196856617,82.75413305874949,0.7355477536218682,82.15634117041358,1.0859289562554664,82.11443853326469,1.842542325753282,81.17684915050627,1.6235990192493905,81.51378639665924,1.959732352534013,81.85744522624563,0.9744146358241794,80.05877810193925,2.244527781336972,80.56060866083176,1.783578877499818,80.61681253932842,2.3103235784168197,79.46012813912247,2.688060201445001,81.10362679480579,1.3544491862296697,74.26863451747612,1.9792057452111316,76.20416452148046,2.324491407194052
79.17051613918167,1.6053602263431588,72.13735108619481,7.142800616916728,71.5132359881584,3.564292968338923,81.95229037655706,1.9708407658960847,79.01577449480142,4.4328286858261805,82.22587703616836,0.7844461828066058,69.40534588046852,5.191565149128925,83.14102655778498,0.4950052716636176,82.41251090485248,1.2581319431913136,82.31011255237904,1.282491127719622,82.59771462894898,0.6324935664362017,82.25219169658052,1.1462431416256822,82.05168542539651,1.9548897418693063,81.08304849620296,1.4895113517802174,81.47719634455044,2.0198118942505414,81.87348940977932,1.0603951104772618,80.08895499334982,2.4257986022913274,80.39471990618253,1.7965344246781219,80.69876864551006,2.157519177420538,80.0048624915979,2.0134508662868402,81.11351057591921,1.3234893677814874,74.48493342676943,2.2408388268403487,76.50930309054246,2.123778792507773
79.36572180429623,1.5600924982891669,72.2792540259146,6.867150683747839,71.61866079345558,3.766194826902646,82.09662195017306,1.9775896070755934,79.41491948170818,4.624269478797278,82.29641600640714,0.6777524968698766,69.58782643517063,5.166123943158048,83.29424215554474,0.40684714111382597,82.24121163582278,1.4546098954672881,82.41526272131804,1.180957377591043,82.7642229913332,0.5704373142330151,82.454878292955,1.24850450244154,82.15440061783129,1.9287011886592376,80.67489488286947,1.851709769897144,81.19404479276908,2.1727035343233205,81.90068933954977,1.128799324175048,79.9778324418638,2.691313473024921,80.27273247332741,2.160506362762798,80.69262892937846,2.125303826812421,80.18234604273334,1.759473693926362,81.32747919109866,1.0206385215255893,74.47155401733362,2.0529341431137698,76.78870741683589,1.973886910406466
79.38173081048612,1.5835370374863789,72.2439610417471,6.8153156293384205,71.59923342057465,3.7471212848041975,82.41443915275812,1.809792914859085,79.35655954577308,4.512318438487579,82.34307289655469,0.5743135793915698,70.32980077516054,4.851658711223448,83.17072124254517,0.4288791273155249,82.41000557772344,1.4385966319578878,82.5411535876203,1.2566551244108455,82.76354743210194,0.7177891270290966,82.46563979348122,1.3658247217050883,82.48766465010512,1.8779806851633998,80.51458074112212,2.026637965824679,81.41845797399924,1.8996019858866007,81.97008051944337,1.0948936449043336,80.1315770655454,2.6636107169882153,80.26558544643242,2.262837777348923,80.39501723373522,2.432555921334985,79.91647716708857,1.91988744353844,81.30061068920638,1.202034417468377,74.51967220148452,1.758961232076409,76.44727621172467,2.4000765213983115
79.58137871853549,1.634652706090129,72.8534038901602,5.952905575110025,71.57894736842104,4.004130409918771,82.52345537757438,1.464801293732028,79.64316361556064,4.750827470357355,82.39974256292905,0.5573358442931846,70.14516590389016,5.386544901917655,83.31993707093821,0.40398599388291156,82.47654462242562,1.4800579678477825,82.29033180778032,1.2026268723618327,82.75586384439359,0.7771169685470474,82.34596681922197,1.2977176919715672,82.55549199084668,1.7724427333301127,80.8312356979405,1.9686935086259791,81.25586384439359,1.8433851693058554,81.96066933638444,1.1159999666674705,80.18935926773455,2.5787558158675368,80.07651601830663,2.1284466261893167,80.2937643020595,2.5810053237031148,79.7741704805492,1.9445953858730276,81.5479118993135,1.0744816721740058,74.80592105263159,1.8242340577057357,76.0642162471396,2.5433621826608905
79.6561735722765,1.5887941921079907,73.00976844634505,6.204991131312247,71.62573835438151,3.6262445506348664,82.88147713783091,1.3073442026344926,79.91304223458575,4.491096299329775,82.44368483530943,0.5502271883634829,70.57409287890275,5.249356022371625,83.47788154864915,0.3494329960143791,82.70884881076674,1.485973270996021,82.37918162445115,0.9765260902031349,82.79251705544989,0.8272482070916476,82.23086714626926,1.3369892294081502,82.48301606144253,1.6992151551267016,81.08425463750912,1.5370767736552098,80.9333657517985,2.122398331611534,82.04522375892103,1.0252777870673915,80.19536892690112,2.7745415259357107,80.18392711566241,2.1465302549912937,80.25386518685907,2.67370236608971,79.97268267566754,1.6090267562066558,81.38259986555872,1.1678289398968145,74.71946109069066,1.6734568718064857,76.14725611064232,2.2032550448765593
79.92376784232958,1.4877906670669583,73.17643525272463,5.956038472768997,71.9296890643325,3.1179297452131416,82.7246202694585,1.4478604784002904,79.79604679767729,4.020617153949262,82.56414657169827,0.5467090515434164,69.40773477502218,5.318218481497918,83.4268714780171,0.486447205735352,82.72547841757486,1.4353010044384344,82.23976658371235,0.9307457573314589,82.69487113475786,0.760665252730962,82.35361423381674,1.24419935725082,82.63365656912383,1.5794769559271213,80.92293829915045,1.4000053858483608,80.87073428873823,2.0787945911230525,81.91095283045854,1.1359605922985627,80.22955462112762,2.857462025826182,80.38273405989875,2.304145892281331,80.11155925512745,2.6780563532543566,80.11141623044138,1.685619808570395,81.3793300723705,1.3426341829232413,74.7631511198833,2.0127674019295294,76.27520810091823,2.4157867367679255
79.97911809717236,1.2679285480350169,73.87030335969794,5.375847512634876,72.18430424646367,2.960946878379765,82.85867528641104,1.6454190882876256,80.03532760272896,3.8575501170834596,82.50954703434073,0.6631724958286155,70.13301486047743,4.938276425989347,83.3544059384699,0.5252565734721384,82.74968891685856,1.3683588679708572,82.42187164781099,0.8743486152654266,82.78515954631919,0.6537984699517215,82.3656621422544,1.112727419207541,82.56332508545847,1.5258829913325918,80.99532302587355,1.3591647897467218,80.57282206044309,2.265121484489665,81.96761874794399,1.2139497046375343,80.2902012386115,2.7327987974853416,80.4831442996696,2.5863205732704606,80.34483745011941,2.6284587984728947,80.01702018107184,1.506960249791173,81.13877883776476,1.3993606786365125,75.05785431297109,2.194920658425733,76.2810189224366,2.710937380629644
79.97725842439499,1.2987298805141612,74.01181417701241,5.420168299332037,72.21065278334001,2.643654081830924,82.90648778534242,1.5772763843189141,80.34856113049946,4.153562012012926,82.72369700783798,0.6766680574702465,70.05978602894905,5.174556062716809,83.46558727615998,0.4920222373053198,82.78906115910522,1.30822830097948,82.614423021912,0.9600628200973736,82.79134961954345,0.7201620948219672,82.4972824532296,1.1170164388252524,82.64417300760914,1.3851161501807208,80.86889982264432,1.5935762969678209,80.39933634647291,2.031244018434494,82.0717718404943,1.2030286505240588,80.2849133245609,3.0902749450239666,80.55881343326277,2.3144030257068824,80.3020767778477,2.6021968827508313,80.16619943932719,1.8211704321128377,81.45445963727902,1.2281339102239046,75.31294696492934,2.263385351073003,76.29169288860918,2.762529390323619
80.03404133590789,1.2906526110842556,74.56497175141243,5.536055281202083,72.7514839447901,2.3658917609404,82.86748194235858,1.6402809221116657,80.20725166273333,4.185119937722495,82.651934491883,0.7753754746910827,69.70092254880926,5.356660080974109,83.40484874490451,0.4660725817196776,82.83429879138954,1.373898606821869,82.7504827290281,0.9882078135072542,82.76979189015233,0.7895778840221288,82.64006293356218,1.1271779579172063,82.65479510834585,1.3470483839166996,80.71601230065077,1.8310402645647976,80.87649288421655,1.7546301550685803,82.12357863119502,1.1805605150575964,80.14732174783666,2.9601964070933455,80.59987127225915,1.7288440597518047,80.43166702424374,2.302779977226351,80.34155760566401,1.8771715065128856,81.16884788671959,1.639029613715458,75.13165987270256,2.357961143684848,76.1228634770793,2.7950253344797087
80.00743770918557,1.2007421845470125,74.63612438138284,5.064352268012571,72.91586806648166,2.324179743762031,82.88711845982206,1.9170408995093184,80.54609949366363,4.113539669523385,82.55499613811254,0.6789860079634008,69.45575993363275,5.462294255159996,83.34668306776899,0.5385790575762558,82.89755985925565,1.5318660003140974,82.51609119775722,1.100077883385744,82.70832737363047,0.8485032520385222,82.60305518208084,1.1818830195642545,82.69173556083187,1.2903030624647167,80.50147323855022,2.0561785382484956,81.18917527247761,1.7598849522630668,82.1962697027777,1.125494381344105,80.35314815344566,2.496770588029145,80.875647223732,1.8061902992354888,80.5596876162142,2.234972793561588,80.37760677403666,1.9292832847273782,81.16829247361044,1.3005514022836995,75.20625339703065,2.285273621803804,76.03584403695969,3.287942080934178
79.90345143249468,1.4408679420283825,74.76492211748888,4.8591222965368175,72.85855277273183,2.359326576629661,83.0321971593266,1.9182688661130392,80.39062835238082,4.340724525687334,82.6787578847997,0.6539120178572112,69.640982363795,4.668600348029462,83.43426830489322,0.4771573583506684,82.7834594424499,1.4509704849252236,82.78245819804616,1.1039942230695055,82.72281263856506,0.8547482158557996,82.67975912920345,1.0597191191340742,82.79819203867665,1.2000065128143684,80.812438316193,2.200610939833568,81.32850828887332,1.8083191920772308,82.21603993534822,1.1537338536581108,80.73148055440333,2.1965759495769763,81.05731409036945,1.6456189266519285,80.65223921159155,2.300790673318999,80.60232002631842,1.9285447213438638,81.35268118947836,1.1727115853392855,75.39985410438688,2.164942946688795,75.89117903680288,3.1093792140217897
79.93720677423046,1.4118595860549599,75.39821489872983,4.801448421007988,72.47668497539765,2.4700302643521663,83.2812678796201,1.762009635928007,80.29794598924363,4.487816884308957,82.76719304268224,0.8248758852850673,69.99356333676623,4.854299412310658,83.31974482206203,0.5200447994227073,82.89249342029981,1.4801711569256486,82.89764275088683,1.1479052878274745,82.70683144524546,0.734251506763535,82.68122782927108,1.141622680806073,82.85487469962239,1.2224151980770985,80.99053095319832,1.9859278055971417,81.46727314338025,1.5991788345825277,82.2469676164321,0.9518370344634701,80.55655681428081,2.5628993696578486,81.13270969218446,1.7312531296160847,80.77096921844604,2.3611277266322337,80.51536216958462,2.081967351474014,81.28275546401191,0.9768212194824466,75.5189380936034,2.163515884774747,76.18377388717246,2.8827073892385062
79.88356624851596,1.4196844730698928,75.46308878431147,4.4584015682517535,72.88810058502953,2.2232453748869245,83.32694425769907,1.465288268751808,80.41309665145685,4.618411508411093,82.63492154310481,0.8643979729217862,69.78358198280671,5.2429653099045295,83.44251977514269,0.4684702171514018,82.92371729770707,1.3748743548948803,82.85663200354738,1.2278062826700111,82.63020125588248,0.6432364733291548,82.80356453204789,1.0647952403526393,82.88209294674658,1.1047514783267012,80.83878073550657,2.4426939833101398,81.32797413854757,1.6449655928117908,82.36629428845245,0.9359330776572994,80.29308692480438,2.6223609189729022,81.10469024903091,1.321987123288837,80.7802777817511,2.2294575583575487,80.42668535709687,2.0120629002163404,81.37617828381799,1.1119660381568364,75.54791091530662,2.0297535496171966,75.98074694969318,3.0255061759468758
80.11357459590903,1.330309968124884,75.7875840366185,4.6855561595547,72.90473465884709,2.081603961025479,83.41081390359032,1.7562510617554499,80.61650693749105,4.87987758082076,82.56501215848948,0.8262648017019174,69.5000715205264,5.412576598297913,83.34544414246888,0.4497651994044628,82.60134458589616,1.5540750723109242,82.89257616936061,1.237560371306136,82.66771563438706,0.6315498177781529,82.83607495351166,0.9190502963899682,82.85438420826776,0.9555780957110306,81.11314547275067,2.191851970441947,81.39207552567586,1.4616891708715096,82.41081390359034,1.0476473964360662,80.25060792447434,2.4164073523203826,80.86439708196252,1.302595483531007,80.72264339865542,2.382834152482408,80.73494492919468,2.2550313589914364,81.27935917608355,1.2967911564206807,75.81204405664427,1.8840073629753922,75.91689314833357,2.9864213118031433
80.10699623796648,1.1914691610529615,75.76449384199461,4.5529439950974755,72.74728575719867,1.8419454336631014,83.50441287960064,1.697059183628594,80.98370739103692,4.252924712611804,82.58478879686449,0.8231977602731453,69.57730764279279,5.705363426741465,83.38139581455894,0.4753111244061721,82.70794890500508,1.3183151936495556,82.65344948432963,1.2676859703645282,82.75400878284628,0.6280824404260752,82.82638859088243,0.8942926987796891,82.76774092033929,1.1092948418746909,81.01632121758286,1.897488359858855,81.37164027521492,1.3907425812922776,82.50897595445508,1.046268855611366,80.43713971019467,2.277637564295945,81.10558011128754,1.4024102478231295,80.73524152827245,2.6974106213094013,80.8129139309674,1.9936162810113325,81.22745283153816,1.0499646130174454,76.10579467593587,1.6975474613531996,75.92355776795549,2.925627053724871
80.11014476168678,1.3479992197414525,75.50580763288895,4.774274221095154,72.76749442123935,2.052142825972603,83.54437260399382,1.5717694568482639,81.01461921382388,4.508691210143802,82.63574984265034,0.7951598998917182,69.55212565085542,6.266246708433436,83.455112433484,0.543972607217082,82.83787263260285,1.3672566028692468,82.75404817760486,1.3187541390890598,82.75104422955886,0.6149877288353652,82.84645534130571,0.885018601508547,82.76348915717801,1.2127022939954344,81.49238999828347,1.4895526681786786,81.64344567145392,1.3654258237756762,82.44206671625565,0.9225132566276685,80.35117583109229,2.490936211713261,81.07727298735482,1.4265959441825955,80.47748469416948,3.156940680679568,80.55873433655663,2.3279522185930728,81.3416204154031,0.856805325489711,76.63457687246095,1.6295535731437825,76.1693940607656,2.5409332825732105
80.1022787417569,1.1941386322710188,75.29117255782683,5.019348476791605,72.76152602743645,2.2327149297717224,83.80720099560844,1.2437440307423202,81.00233166921768,4.221975706814512,82.68141960032614,0.8048235813112021,69.83849972105797,6.261252134246381,83.39536813194673,0.5202965959349571,82.8831161400146,1.3313529660491368,82.84392120960705,1.2799573075994526,82.76467306564435,0.6770866622781841,82.8164561488835,0.9575838512128579,82.98267698513739,1.275338523351553,81.3598066001974,1.557872812432273,81.90052498319196,1.1667651499764875,82.67684209020555,1.0042602466065702,80.60165648647488,2.504578202276086,81.16354585377717,1.3474598957069728,80.66888866637103,3.015052639001492,80.47734847726267,2.669134867864687,81.42818315762369,0.7265777892897443,76.71277554465217,1.878276099534887,76.42510764301144,2.2846724507710583
80.25176665808371,1.305302431379631,75.43086430349327,4.539039815435243,72.78931708293995,2.1438178349713426,83.76648642462735,1.3251190367000938,80.95585500529282,4.419552946970519,82.68203015477927,0.7573759545253528,69.93319600606529,5.525273541158378,83.52416101622178,0.5717122371203279,83.09014962950248,1.2227706244071874,82.8418161531199,1.425413580224395,82.68675077961834,0.5786743915540488,82.842102251595,0.9784152076431077,83.1088890796212,1.1794881888348858,81.32291934883986,1.27864082269765,81.93187995307986,1.3080178622925547,82.8036220066947,1.015829701843407,80.72425828970333,2.172067220986509,81.23194003375961,1.6833821303956997,80.82911338082567,2.87153094419509,80.4784996995966,2.588934966779884,81.5211855920808,0.9969591423034441,76.76208050811088,2.003586048736104,76.26240952135726,2.3302767337946997
80.2991202346041,1.476586058204126,75.26385809312639,4.656929330169919,72.6392961876833,1.7500705170249373,83.81474858736857,1.435916986238213,80.78535154853014,4.175376306280241,82.64544739289036,0.637674119693655,69.65925184178528,5.151409733727329,83.5183463271583,0.5541527754841507,83.1199485015378,1.3365968213594672,82.80480652313854,1.3683318623411391,82.79479293326659,0.6205933524141555,82.74658465059724,1.0034722813510137,83.18146055360846,1.1919599190229748,81.20949860524998,1.485177726351569,82.05464559044418,1.174913740493914,82.77748372791646,1.0234775432768597,81.22366068235462,2.073779111336802,81.06058221872541,1.8779576407648408,80.8480080108719,2.667361934940684,80.75845790715972,2.3265032252880555,81.46656176239182,1.1114642523626237,76.8644589085187,2.1328577474597905,75.94478220442029,2.377061089910655
80.3539139391165,1.508004971013606,75.31128404669259,4.776736856596247,72.25995651178759,1.7398787063445182,83.8823243305104,1.3468829928071215,80.99479285877776,4.47448659769786,82.70585374227512,0.7503817543863949,69.6638246738384,5.022197525342661,83.47319180590524,0.49320981538161635,83.15103570611124,1.4223673214461934,82.739328221561,1.386189198937015,82.77208743419547,0.667275322109999,82.81085488670176,0.9134399186727501,83.35803387502861,1.2302886147189251,81.06217097734036,1.4563455816027175,81.98143167772946,1.1990825461505583,82.76579308766307,0.9700967704954984,81.15458342870221,2.179801100794864,80.9239814602884,2.0207284706488893,80.83299954222933,2.4829978186090105,80.67678530556192,2.653608433319695,81.43496795605402,1.404434483094085,77.34078164339667,1.6838022403320507,75.78822384985122,2.5463868101420646
80.42144113986524,1.55805550654586,75.5163583823298,5.02027015148821,72.06257242178447,1.8350975613480511,83.9812311345722,1.3069954786641425,81.11411527402257,4.271493931533148,82.8269172996867,0.7185329234905481,69.09774973892394,5.083980795568923,83.52703031343434,0.49440254858099936,83.1131711085361,1.5472391278351942,82.66726749924896,1.44653342155812,82.8209089738638,0.7226752269467437,82.85281032287598,1.0075409987438293,83.24091955996167,1.33088476533166,80.81942119794573,1.89900533328924,81.74656309457392,1.0641226003934299,82.79544511680471,0.9592268378511961,81.01955566999985,2.24085381943217,80.88565583737466,1.9793425686924095,80.92184884768893,2.453934571396779,80.67822554110695,3.2819495809870927,81.66316180993661,1.2247091031153978,77.54459751369755,1.7942022231299457,75.68974149893424,2.6371541629913673
80.5138622643129,1.290391882738821,75.5374667391491,5.291254484268668,72.15673371291237,1.6744336979958292,84.05825298274728,1.3211387039344047,81.09295871362765,4.369855766974337,83.01636576921976,0.7429985691267212,69.54922605934021,4.966207368105517,83.43566707676462,0.5091742284829867,83.18517352865442,1.4697979557918242,82.61322995050213,1.4053578637394653,82.87173471431431,0.6084133149548835,83.00463506051328,0.842551981766022,83.25670224027925,1.3748069131872709,80.63503190180538,1.6583520151799414,81.88792881462618,1.306720842618181,82.89161969614602,0.8000132452984713,81.3237103373294,2.1642105480970253,81.08337386626991,1.7983807169596073,81.04460530456927,2.4625019751099986,80.80741609682127,3.0347054805507794,81.67963720637462,1.1608889182483924,77.67059597722525,1.746555154323257,75.55921146748305,2.6131627360648886
80.55192343457175,1.3072245187497777,75.3033576057567,5.447042161604982,72.1983948727486,1.916231609564454,84.00752492811262,1.371262211705278,81.45362727285733,3.7325061987822714,83.05145849129484,0.7108442953858469,69.86538103889788,5.101709389506296,83.50881961631451,0.48218268050779917,83.2836440108153,1.3891291759161704,82.72685655426962,1.3108398704406146,82.80825739259811,0.7356798426906097,82.97592309122903,0.8515824480720583,83.30724882333585,1.2478855737047865,80.43289795568018,2.018203498660135,81.84046007925494,1.4759981566113376,82.98622337305616,0.684413847573286,81.66435387190455,2.026759594122862,81.15377462411125,1.8558109873677844,81.13374629833622,2.4205494079983287,80.75792907111486,2.811114228323839,81.51256777442383,1.09537777431395,77.85096064433985,1.738860544113795,75.40335617516202,2.174772636489749
80.63304721030043,1.2262690856303773,75.55350500715308,5.703797945603917,72.29270386266094,1.9790985820933438,84.01616595135908,1.4218106825368195,81.42975679542202,3.8428442126303772,83.10042918454936,0.6274505235053005,70.88197424892704,5.647177227730923,83.49484978540772,0.3797152611178914,83.25622317596564,1.2944315502042085,82.80386266094419,1.3458643910762638,82.86881258941345,0.7614451195460484,82.97095851216024,0.7984493932894067,83.33233190271817,1.2168323570230486,80.59842632331902,1.8469637432888597,81.75479256080116,1.3941109814799955,82.9469241773963,0.7058758588298232,81.8140200286123,1.6907347509251973,80.90572246065808,1.6562443069696,81.11802575107296,2.360800455279175,80.81230329041489,2.6193657147664426,81.58354792560803,1.1141122514307755,78.16609442060084,1.9220943194782556,75.0549356223176,2.343182929540267
80.61073835104935,1.1451479011254795,75.68691969842202,5.88724415275096,72.28372365842142,1.9471431530233534,84.01436358173936,1.2847658864497287,81.49115151861972,3.741535776225115,83.07930013304912,0.7306588819144008,70.68412995894076,5.510002982981921,83.53080873832243,0.4648371838376717,83.14954434255141,1.3656687752903123,82.76727850183838,1.388962020842261,82.88530594142978,0.7907083143174268,82.97329003276155,0.708341277342729,83.41836077769355,1.1920256972609513,80.64349990700869,1.5418541031886877,81.5993075723544,1.5932647325346811,82.96270332908911,0.7473959987342508,81.7681225768609,1.6588448651509824,80.93849697420565,1.5934257305621582,81.06410678264352,2.3451970535102253,80.815176182778,2.3079887340483567,81.20230618463783,1.0628964590108578,78.48695975621969,1.5283445297103324,75.01251806177484,2.0850914335629773
80.66883172622964,1.2256143562404274,75.66110618329566,5.748212813391236,72.33726286875161,2.0813669591612025,83.9702137400212,1.4306571361122447,81.45168674354058,3.6990877903725776,83.2029528741881,0.7024075043337763,71.01462130533062,5.700016639446518,83.5470256659704,0.4447352975722376,83.32927980771981,1.3793347497880235,82.83298520701594,1.5752997376486053,82.87848007096055,0.7560995691135621,83.0245500586569,0.6380319605882675,83.47048556467996,1.0519414569503482,80.42347420527054,1.9837018735696623,81.85785001001459,1.6846122274348558,83.15259377950727,0.7143599847408116,81.79976537239979,1.2106548350057307,81.04480814901714,1.5133580094536883,81.26355546653694,2.3092112976595844,80.5605310595439,2.2049524842123174,80.98615124896277,1.3628948499595124,78.76863429568802,1.6366150569738678,74.92732267017654,2.4224915800358193
80.64981329670802,1.2944620217025702,75.83587278423965,5.645661067634494,72.24287165400517,2.151279406039814,84.30247363978425,0.9902124701572801,81.50779003390703,3.731854995504682,83.17524357268552,0.7968814538388671,70.83923487417199,5.548243680505858,83.57998197347526,0.4717838796694784,83.35550882012103,1.2479932004958396,82.83617322631872,1.8906334265472784,82.83717469991561,0.8007973708399708,83.0316036453639,0.6964169089663795,83.44278009070489,1.2009295448680808,80.57584731819678,1.7668126289245893,81.78290913773124,1.7693769805693527,83.18797659413136,0.7071787960695528,81.9558779346753,1.352243833281744,81.18002203241913,1.4847824715705076,81.34869879966234,2.4675279903731853,80.51261141393765,2.3310239852128474,80.99117272558193,1.36337174501713,78.8550295434711,1.6430357174586083,74.83253930783869,2.458038581454606
