mcvopt : rwll : avg,mcvopt : rwll : std,random : rwll : avg,random : rwll : std,sopt : rwll0010 : avg,sopt : rwll0010 : std,unc : rwll : avg,unc : rwll : std,unc : rwll0010 : avg,unc : rwll0010 : std,uncnorm : rwll : avg,uncnorm : rwll : std,uncnorm : rwll0010 : avg,uncnorm : rwll0010 : std,uncnormdecaytau : rwll0010 : avg,uncnormdecaytau : rwll0010 : std,uncnormdecaytaukde : rwll0010 : avg,uncnormdecaytaukde : rwll0010 : std,uncnormkde : rwll0010 : avg,uncnormkde : rwll0010 : std,uncnormprop : rwll0010 : avg,uncnormprop : rwll0010 : std,uncnormprop++ : rwll0010 : avg,uncnormprop++ : rwll0010 : std,uncnormprop++decaytau : rwll0010 : avg,uncnormprop++decaytau : rwll0010 : std,uncnormprop++decaytaukde : rwll0010 : avg,uncnormprop++decaytaukde : rwll0010 : std,uncnormprop++kde : rwll0010 : avg,uncnormprop++kde : rwll0010 : std,uncnormprop++switchK : rwll0010 : avg,uncnormprop++switchK : rwll0010 : std,uncnormprop++switchKkde : rwll0010 : avg,uncnormprop++switchKkde : rwll0010 : std,uncnormpropdecaytau : rwll0010 : avg,uncnormpropdecaytau : rwll0010 : std,uncnormpropswitchK : rwll0010 : avg,uncnormpropswitchK : rwll0010 : std,uncnormswitchK : rwll0010 : avg,uncnormswitchK : rwll0010 : std,vopt : rwll0100 : avg,vopt : rwll0100 : std
44.46333414289184,4.66245174962192,44.46333414289184,4.66245174962192,44.46333414289184,4.66245174962192,44.46333414289184,4.66245174962192,44.46333414289184,4.66245174962192,44.46333414289184,4.66245174962192,44.46333414289184,4.66245174962192,44.46333414289184,4.66245174962192,44.46333414289184,4.66245174962192,44.46333414289184,4.66245174962192,44.46333414289184,4.66245174962192,44.46333414289184,4.66245174962192,44.46333414289184,4.66245174962192,44.46333414289184,4.66245174962192,44.46333414289184,4.66245174962192,44.46333414289184,4.66245174962192,44.46333414289184,4.66245174962192,44.46333414289184,4.66245174962192,44.46333414289184,4.66245174962192,44.46333414289184,4.66245174962192,44.46333414289184,4.66245174962192
45.31930396022629,3.2717389847516007,46.215212297845596,5.029587506426418,45.25558603348763,3.4822531796389886,45.957483284759135,5.072018279502438,46.99539973712784,4.454180032321627,44.65126578661638,4.05446572399818,46.644951140065146,3.6934511118663593,46.600377164409394,3.798000549746378,46.800388593633926,3.8545837155532916,46.74609977713012,3.8773926989975314,46.7761014915138,3.7878905635438986,46.67480998914223,4.083268127801569,47.610863477913014,2.977728671601947,47.96774101377221,4.872336244094477,48.42891022344134,4.465832423034552,46.636664952282985,2.909601919023608,46.03163037887879,4.1731263231028715,46.52222984170523,4.027344310618219,45.328875935767755,3.8992666645394287,46.644951140065146,3.6934511118663593,44.65855191725241,5.364254655936036
48.96392599471392,2.9343918934671014,47.24623187370526,5.702126297969305,47.56396885491821,4.020031740523997,47.54425316094007,5.0949555835462474,49.13479534252447,3.91152437881139,45.74141010072148,6.41190802045041,49.34752482320165,3.5460205136750784,49.526251875133944,3.6962760155657057,50.00414315308235,3.6930419144170914,49.103935995428245,4.197424976491451,49.138652760911484,3.7957491110216717,48.81634402457318,4.147159805687142,49.715265376098294,3.398451626504417,51.83141652975212,5.668857509313745,50.50160725766126,4.146964616290174,49.965711836559755,3.429945479845248,49.88556325451818,3.167399140391531,47.93342381598685,3.989728704311772,48.05700407171941,4.629594533443753,49.34752482320165,3.5460205136750784,47.0740767197657,5.8430155799026355
51.69071634711547,2.9135377402957157,48.55916221390405,5.877999624942262,50.25445038146127,4.214126672691877,49.2669371660428,5.789795737653039,51.86387404634682,4.612278534018872,47.143898048404154,8.072566699452427,52.69280224019201,3.485192123553819,52.58164985570191,4.091646849709514,53.09569391662143,4.025234462107323,52.94282367060034,4.33021858313988,50.19701688716176,4.358821916573437,53.39086207389205,3.8328177913055836,52.82309912278195,4.328103006365118,54.76655141869303,4.688570748954943,51.97016887161757,4.893374384188581,53.70346029659686,2.9572464903471247,52.846529702545936,2.865537581830428,49.524387804668976,5.16732502911695,50.42217904391805,5.1058925638018895,52.69280224019201,3.485192123553819,48.57802097322627,5.146053171830056
53.22189361793322,4.254762384689921,50.49333504779049,6.1583473876363914,51.150829368651145,5.323329280674502,50.114440015430105,5.761261608331318,54.75633277613476,3.072086736795409,48.11638306687811,6.8737353398251235,56.05574843198606,2.517598715274686,56.55365536553656,2.313873555373886,56.80368036803681,2.681812223183889,56.07346448930607,2.3123962512141136,50.759218779020756,4.887824204776124,58.05637706627806,3.1690016334202684,55.91444858771591,5.228549789937638,57.82535396396783,4.187080524256989,55.42382809709542,4.533243869123011,55.77629191490578,3.511398152096445,56.208335119226206,4.266564921231974,50.42932864715043,4.105074355562763,52.36909405226237,4.715068555016735,56.05574843198606,2.517598715274686,49.93356478504994,3.5835598659807677
54.50665790376043,3.2034264441515052,51.64847411132702,6.224098643916222,52.18939307349412,5.220891887467535,52.01637329980569,6.326905082674963,57.13024345639502,3.5566048635378085,49.92613441536175,6.206239143940445,56.53846153846153,3.5249893391237452,57.971625328608994,2.8759715919501794,58.927448851297285,3.5991158138043615,57.755029146188136,3.5349646995534423,52.27597439707396,5.091421749743726,60.40376042976341,3.922893517672244,57.56014973139787,4.115096634344551,60.956966510458344,3.8242087773234466,56.48331237855755,4.341481846946207,57.22353983312378,3.495803642916598,59.353640416047554,4.525291555489237,51.90450337181392,5.1989617287150525,54.3723568407818,5.398293660837385,56.53846153846153,3.5249893391237452,51.33000914390216,4.306601390897862
56.66928605106371,4.5350551783918736,51.401465902758936,5.993441864638992,54.11024274549585,4.948398654494375,52.996671000557214,6.623692935590748,58.666828592247576,3.9449211436988545,51.669500364332556,5.896412338104829,56.60642082553471,4.155222580633683,58.67411524338844,3.802333117746223,59.98114043234132,4.155338961152617,58.48666257090197,3.93376106540413,53.62303724764613,5.744289364251383,63.35986055349974,3.3862682143259715,58.34221542769785,4.067753115316963,62.01440185166665,4.978892859134533,58.35093083396437,4.6701640878929584,57.186638282064834,3.1458932565636104,60.49263476732723,3.5713131911953657,54.45257247360375,5.667062226143661,55.49399208469661,4.268570333641985,56.60642082553471,4.155222580633683,53.407438099184176,5.122065971100204
56.19088441205887,4.360489569865008,52.727818259751395,4.99683750684859,54.63851978854122,4.638315799006484,54.33061865980854,6.478273564469695,59.66280897271038,4.172765564120467,52.41263037576797,5.5304283561882155,57.76696670952994,3.4863429206643635,59.9255607943992,3.396471102895257,61.648092584654954,4.330792845774703,59.84869267038148,3.904283889535478,55.20774396342334,5.54421410967676,64.1795970852979,3.1855622646283424,60.78954136305187,4.248821014543535,64.43691955993714,4.545764116939143,60.23617659665666,4.205446867180301,57.706100871553076,3.8746012447227423,61.396628089727095,3.258352502314282,57.317616802400345,4.430935196309468,56.594084869267036,4.113112101357957,57.76696670952994,3.4863429206643635,55.59322760394341,4.796583901394029
57.6659189301176,3.023276922216442,53.79245309977282,4.765172875982077,55.86134964065782,2.8329381141796786,55.239251882438666,6.204070143480743,60.50265041649402,4.631732354073461,52.819728814528006,4.89815551842878,60.38134564002915,3.4081593165251967,62.817442741002154,3.193628853187803,64.41769420909,4.035700680747327,61.163182785866354,3.58612341937134,56.61446798782665,4.723828752779876,65.23067910671678,2.8158903390529177,62.34465415993941,3.398571441953344,65.47243138207432,3.7991320758700815,61.64868765091658,3.319149281372648,59.367472031319195,2.5245100547661043,61.64968780808414,3.154010999482931,60.0334338253154,4.333132920221168,58.66064667304862,3.369598295045019,60.38134564002915,3.4081593165251967,57.73292946034377,3.0752871224047285
58.745642110076005,3.240555678151523,55.101731725438654,3.9479050646892224,55.90415499799966,2.8849950791086876,56.17420129165,4.607915279352391,62.414985426073045,3.677668140429085,53.97282391267074,4.487576001483391,62.06492541578557,2.75824072008957,64.24315596959478,2.544756228453842,66.14491055609533,3.523560719882291,62.910784705949595,4.040033299258355,57.23552609018689,4.380663140291023,65.67768760358919,3.054037567136812,62.42098645482082,5.058987733588395,66.97505286620563,3.3029076362659584,62.80733840086873,3.1203978998439785,60.40021146482254,2.76230326615809,62.605589529633654,2.9919320048111624,62.74332742755901,3.5845020002358425,59.431188203692045,3.4931313841289047,62.06492541578557,2.75824072008957,57.93093101674574,3.9464996017012735
59.706516924571716,3.521660302725684,56.42776515638618,3.8408645254555105,57.15232828953948,2.8541125311221798,57.43380913598239,3.888693841224561,63.91486990441082,3.1528884490698417,54.49154843042279,3.692116461610231,63.50050723705831,2.878173533892836,66.31788760769857,2.283324497024395,67.4268078357409,2.336802256471275,63.77327217911899,3.2838892735273353,59.09411747896038,4.015514280758328,66.40318916370182,3.3049830730955025,64.62157257776444,4.165937367364774,67.84888622172689,3.4438214839530135,62.500178604598,3.4049321466825107,61.35410862017231,3.242522025178922,63.57594981925215,2.071790913757737,65.22468458427993,2.59498418217239,59.56506208295826,4.052768421411788,63.50050723705831,2.878173533892836,59.42546472916399,3.780201164632657
60.70928471408566,3.3021658411879886,56.81064784385448,4.398403670992577,57.495927756979974,3.599514738070357,57.92887148858343,3.923529135068213,64.5866316120367,2.7886480130352327,54.84425456519877,3.5947875433873597,65.04586631612037,2.779618972480407,67.99874260566398,2.391178517364621,68.69473894778955,1.9167275532272503,65.39865115880318,3.048095665710161,60.22675963764182,4.476706203816508,66.78192781413426,3.4281042961176436,66.37055982625097,4.116400133486574,69.7023690452376,3.356612654629835,63.90835309919127,3.2770840006862736,62.83328094190267,3.391693492824273,64.4373160346355,3.2450682377985967,67.6010916469008,3.07523100363578,60.17189152116138,4.704202385752439,65.04586631612037,2.779618972480407,61.36112936873091,4.172301769371661
61.34014431663928,3.144758017073074,58.24891048081732,4.345082411761713,58.21433164249483,3.8465574425853593,59.13767235836251,3.37954322134537,65.2522683432164,2.2076310665219303,55.20368650425091,3.2391007968858103,65.90940915910552,2.9167852803848886,70.01700364363792,2.0445553327803125,69.91641065942702,1.836922517218091,66.70515110380796,2.085065024373448,60.96663570765163,3.742847384167553,67.81167393012788,3.3049673017304206,68.9830678002429,4.626101556576049,71.1012359791384,2.8207315057485194,64.72486961491748,3.6071537607963307,64.04329499178395,3.132052869816023,65.05394013002787,2.763112831515633,69.82353361434592,3.9214383467301372,61.057226548546126,4.242740754366535,65.90940915910552,2.9167852803848886,62.75916267771665,3.961175237353065
62.699474165523554,3.0684454080882215,59.0913637402835,4.367012947610855,58.074702789208956,4.929721865976422,59.840534979423865,3.5426707768790995,66.5887917238226,1.4877280173726724,56.18569958847737,2.950381864548985,67.14791952446274,2.7694832097271926,71.67738340192044,2.172136896333541,71.05938500228623,2.4651091789399353,67.38268747142205,1.898439482660491,61.38317329675355,4.032369097503255,68.00297210791038,3.142577092820036,71.06638660265205,4.714350463517041,71.68867169638774,2.56479739629949,65.57241655235481,3.2900498584344824,65.76003086419753,2.9071599814767475,65.94235825331504,2.9950739301814684,71.38731710105166,4.09637075739078,61.737111339734795,4.268045161331951,67.14791952446274,2.7694832097271926,62.831933013260176,3.800679304683837
63.88980180901077,2.6521900520549173,59.60047440092594,4.027397355373757,58.67624994641555,5.156737925267642,61.04825457611135,3.4702301889162106,67.58527070860067,0.9983271063923796,57.266336110198196,2.3702943078550245,68.35274280896789,2.8171610557890667,72.94014260606147,2.0302313574041175,72.6706485860852,1.67148091810041,67.90220482117086,1.5165602343811861,61.8384464798594,3.8363046941976275,68.56736636040182,3.062766372226045,71.72241830158752,4.457999970568338,72.87555549204808,2.5979256123227157,65.84456225083235,2.768238593816357,66.91496506294385,3.1760788358152046,66.9436863238215,2.8224595237177166,72.66407556120774,3.624239885882276,63.05502764957204,4.0958633153637365,68.35274280896789,2.8171610557890667,63.89380278067531,3.0026342389702294
64.56703152239149,2.961044219840716,60.39124346260468,4.771618063756568,58.401160298362434,5.267260762008813,61.968791975079306,3.5314842182060135,68.28770255208482,1.420412452788362,58.21882769855106,3.796350297940466,69.28710239775943,2.8358893940650622,74.10105455688606,2.281909271743866,73.1793889857392,2.6258633552055817,68.81626704009602,1.912355568334408,62.21356920350947,2.7455355721144703,68.86670858220684,3.603822984086584,72.42505215626875,3.3647131209778514,73.27784287388184,2.761923048631449,66.04612614672345,2.7832460481306107,67.23871852762139,2.870391567644051,67.43162527507073,2.4159700432826035,74.02975050727329,3.54274795662476,65.04358263553488,4.014231870609234,69.28710239775943,2.8358893940650622,64.49372695836072,3.043042867459304
64.88432574555951,3.0174897921395103,61.52569983281177,4.207630696042248,59.31667166802417,4.571839522168875,62.53483088266815,3.950826596204332,69.05745845300866,1.1282808547709169,58.98129492290765,3.6653615802614343,69.48000171475114,2.825322594164805,74.50665180549007,2.2735320914034967,74.68741515554221,2.1454843224783233,69.55402180591875,2.039920060770322,63.77459596176105,2.577314837853462,69.19649619182348,3.2095301189452976,73.51481116302996,2.817401319279005,74.4402051985539,2.174776421452634,66.63365770709193,3.30477805922659,68.1905088524028,2.3709388980256776,67.74338749089038,2.4706423659657086,73.84790157328418,3.623234708468681,66.19153770309083,3.913499664215847,69.48000171475114,2.825322594164805,64.88618339263515,3.107693420873505
65.27279222635039,2.700032670925421,61.770934552729365,4.181125231083892,59.52043440983139,4.215035661241674,62.83866819091169,4.0233934700054075,69.53758216633325,0.8777789085301695,59.397399256930555,3.4953290033060154,69.69591311803372,2.8379969298827286,74.63889682766504,2.3211038458408253,75.60488711060303,2.3476966827052337,70.15733066590454,2.145060803089643,64.43612460703058,2.8411057218032756,69.57430694484138,3.4536976518728957,73.84224064018291,3.4783173593678374,75.73621034581308,2.5861466788326712,67.7710774507002,3.6308692195470607,68.58945412975136,2.2739201441481045,68.61674764218347,2.346031848247826,73.89154044012574,3.9210738701643235,66.3079451271792,3.878396985819766,69.69591311803372,2.8379969298827286,65.04315518719633,2.6172873244652424
65.45878049129024,2.6414894172850523,62.135354892181944,3.792262009705436,60.19191471727233,3.872422664129345,63.73897883650809,4.437340322732997,70.3499621314966,1.2609976482087737,59.89768359079153,3.7677959892692203,70.18234041641064,1.985665425437415,76.24215836179425,1.739042577162866,76.32132496891926,2.279407547582141,70.91784678260622,1.6668203475285592,65.36918218322639,2.662518703620765,70.1641921147773,3.022122421195671,74.1662498749625,3.501056252730845,76.18799925691994,2.257085251924414,68.3426456508381,3.137001820100848,68.88895240000572,2.737918586647813,68.55956787036111,2.8781120520434498,72.29640320667629,3.5810053834964313,66.79603881164348,3.4908797141347754,70.18234041641064,1.985665425437415,65.2731533745838,2.501975619078402
66.09834519420389,2.7203399880253007,62.90534167881333,3.203458378050122,60.97759295778674,3.3196043059774785,64.25476578353197,4.209013643646706,70.50130040869988,1.2900246175603696,60.47243419360369,3.831648507787398,70.55603189573866,1.874233321976139,76.96633227585814,1.379577985155709,76.38529252050645,1.8592257509543568,71.63351338992256,1.0835594936114268,65.57932493069251,2.53791373751626,70.53931235531168,2.8427798550980654,74.91540198348052,3.047740912318452,76.73225870988026,2.3923954301653807,68.77947354882964,2.818976303779632,69.22032638829347,2.4320670297925497,69.11257823887507,2.5942544059960846,72.17068221441025,4.176766636502121,66.90788533539111,3.3074429044826594,70.55603189573866,1.874233321976139,65.30609620166338,2.4249908159560185
66.59688183260214,2.707027165671679,63.64905611843892,3.1726136013660593,60.844706117724385,3.445488434247323,65.12268316732641,4.39212814015337,70.95059805364619,1.4928624700213542,60.83341669405662,4.137472152451724,71.2755619703617,1.7854620261809488,76.89069265615845,1.1962346188037751,76.96343084156221,2.0067180355395995,71.9314917758692,1.2882314519657034,66.60045443502865,2.4810011567384125,71.10064735555969,2.557940900900225,75.94309558855052,2.2489013534980855,77.38428340740529,2.299540228813211,69.34992926247196,2.731124316701936,69.67060605627564,2.3193302550729213,69.75477656944425,2.2070196885138715,73.4514197522043,4.017926543718415,67.06460694228103,3.0560481893894873,71.2755619703617,1.7854620261809488,66.11786729925548,2.2421709343688105
67.11829770206928,2.696060273161769,64.19172287641477,2.831565611076394,60.801703441179825,3.4017476083118026,65.80284669029382,4.455406308563218,71.50008574368354,1.1621630268676093,61.59068823596662,4.114216475647478,71.70086886932663,1.8874158884486807,77.32665485309249,1.5612450192075353,77.28706985252086,1.4962864046825526,72.00568766434205,1.3852678753757766,67.4329770206928,2.3824674869397824,71.30173202240769,1.9710675975574907,76.22827826683434,2.4258695130568535,78.01403338287413,2.487332850189938,69.89639304904539,2.765747769351614,75.81942380244656,2.886927786655637,75.45958614382073,3.5080712581568094,74.32876986395335,4.406384315936,71.10795129758775,5.120842978790283,77.44755344689607,1.5975000476865144,66.67929004230022,2.0960385238413513
67.20457306180779,2.9831912389095887,64.519042515184,2.8465409126007257,61.67645587709897,3.790350087730451,65.99614147909968,4.560373644938544,71.63172561629152,1.1665869008904097,61.44594498035012,3.7245887019375603,72.129760628796,1.7961491185339984,77.87752768846016,1.8357308599069837,77.5311182565202,1.3993999659457717,72.80871739907111,1.1484911741262325,67.98370846730975,2.327569483956887,71.75948553054664,2.493920237757776,76.53876384423009,2.989478551603016,77.95041086102178,2.2128927263211544,70.17634869596284,2.676656158338492,76.24623079671309,2.3014700477265664,76.05944980350125,2.935934367830605,74.31068238656663,4.469197262784408,71.90053590568061,5.507661261593557,77.83136834583783,1.477217927144446,67.06938192211504,2.2486703669530823
67.68714093806271,3.2086014401646734,65.30382713579328,3.338899800484709,62.16223168605482,3.928299282953396,66.29076514133821,4.6744324219119235,71.84682882213394,1.4617021516063275,62.13665075599507,3.864378611539326,72.3401549146826,1.7257125302509002,77.76131134421357,2.1880731417450243,77.49992854488809,1.1553194836360012,72.53379826792809,1.3100897226988943,68.42970246091406,2.0783936527465983,72.14222425472319,2.644375254156072,76.5219938834424,3.3309470847386327,78.08814702603824,2.359434481961006,70.22651270471889,2.1407740736004306,76.37179523823134,1.9277714335262388,75.90647954954696,3.273467583650692,73.06928287649698,4.827568460167992,72.69628719238574,4.253104889186421,77.74559121959584,1.4494518312465052,67.6435533198045,1.7774114531377072
67.69296728738227,3.5200438148115367,65.68533577236933,3.4905641547979336,62.44522887399425,4.2703473519630535,66.33244251354094,4.492186511494539,72.15182999156818,1.6486826059226365,62.35347919911966,4.454639350532938,72.43379589270145,1.775038975634937,77.94692238434826,1.84388968048708,77.80772583710862,1.743157941922488,72.74877452731768,1.2770684004386617,68.78753233390022,1.8337687680788086,72.21499721321082,2.293446322723525,76.85936003887214,3.4686310163559817,78.17872608005946,2.235078121665312,70.67797579066212,1.8948428239935633,76.44062709902391,1.7652013567237774,76.53566375602017,3.3829706161556063,73.25868549297586,4.178602512431223,72.97686250410874,3.1098701112648977,77.63194374973203,1.4650954292698222,68.7530904777557,1.4963285806911342
67.73209283713486,3.69689286224371,65.72686217344082,3.1743890089437925,62.83799233979306,4.255329971364994,66.5589092779969,4.55508021514933,72.71594352026526,1.6487990768284835,62.86757560166924,4.288074374091804,72.9274566969645,1.401948546408623,78.1121019836506,1.8851988036689682,77.98819527811125,1.8071677294710211,73.0040587663637,1.4290493595287959,69.66029268850397,1.9833303637372486,72.73452238038072,2.1858336615314125,77.26333390499056,3.353548188627515,77.88143828960156,2.121517715973432,71.4501514891671,1.9060543485922758,76.73383639169954,1.8046786110497093,76.9187675070028,2.597680246337882,73.38864117075401,4.009208100253501,73.63988452523867,2.5775435353542453,77.76281941347968,1.490097914537143,69.15894929400332,1.9717221100991582
67.91913792857041,3.3792781426521032,66.40336710923097,3.183859243091596,62.99624129996712,4.256711032557487,67.11137471238085,4.9888577830314835,72.97108802218061,1.5867116527110747,63.11586228580412,4.039806097844333,72.99438338740336,1.1875257416413953,78.54525446256307,1.6485169651637566,78.3503165597176,1.6750212467058092,73.33852596075516,1.5798991243076896,70.2483886181418,2.164903023095554,73.01453459290278,2.0263175988906337,77.47095225164712,2.7944589332664864,78.10721584656501,2.029394894108859,71.5180574809564,1.9190688682619432,77.35690500350145,2.2786707965827,76.89771476754655,2.6420992977276323,73.08499235397521,4.308761840396973,74.87401923654085,1.813510224624274,78.15380657701047,1.01458490832521,69.2292521187349,2.1303054145356333
68.16278405030727,3.32907194120158,66.74946405602401,4.036762357599497,63.39159639845648,4.446516027269009,67.49707017293125,5.05830471213093,73.41446334143204,1.6309652022351195,63.80391596398456,4.15471637261464,73.1356295555238,1.485583183418713,78.57553237101615,1.318936555826406,78.36572816921537,1.811625602904008,73.51893668715164,1.4553074545052007,70.4842075175075,1.8545442098245364,72.99556952979847,1.6794110503035,77.6248392168072,2.551720043966343,77.88395026439902,2.1657119050380977,71.91567814777764,1.9471095363034452,77.56852936972987,2.082792665177729,77.00700300128628,3.1314100245657843,72.50435901100471,4.2196235447550094,74.17436044018865,2.0932587099365403,78.23209947120195,1.3702778273085363,69.57095898242103,1.794506456288699
68.28895653789536,3.289823953664004,67.58407294659064,3.3051630299553008,63.52413211565122,4.162745670311996,67.75014649344709,5.094986201174267,73.91930712172534,1.6491850657685978,64.12425502722634,4.35495846069041,73.2900284411668,1.491404581823991,79.09431319584388,1.103476692905628,78.61810230244822,1.7362020295460634,73.91201817947949,1.6913599879212362,70.84423101659307,2.141551501594975,73.37463733939316,1.6387713977069265,78.09001129071446,2.14428563489084,78.1433206134145,1.764465218911699,71.99288256227757,1.8575914066475538,77.8003115665509,2.5997957610353315,77.40799496920064,3.3291648593842895,72.39363146536324,4.2464974682716194,74.36879189355284,1.8782451744505302,78.09487058554504,1.4641755830219814,69.62426217324814,1.916564349595565
68.4329979419163,2.7770217047737704,68.51346329750743,3.294478170969854,63.611079350560274,3.3773649389288085,68.02681225703178,5.425441362893829,74.18434141321748,1.474782571279272,64.64755316716213,4.264404813922256,73.84818774296824,1.5131005737085552,79.2302195289275,1.6345536977372892,78.99454036130801,1.7820113708894374,74.16175966155957,1.4819064210863624,71.55885547678938,2.435783327284453,73.9119311685342,1.703572165113679,78.5208952664075,2.104064546576394,77.98550766064487,2.0121195340346234,72.36350903270066,1.471611219434343,77.58718271209696,2.501991280929744,77.33335238966386,3.150931489342322,72.72110107477704,3.4385692572465234,74.23379259089869,2.4345545643474593,78.67725245826662,1.2596255920057138,70.35559112737252,1.7825942447728225
68.46742035531035,2.6781798654728024,68.82844769677132,3.5608748812012667,64.43294696071004,3.901879739958227,68.31863592836622,5.14696100210023,74.71136392870926,1.5525456063621832,64.90445495733704,4.170117514333148,74.4320894135807,1.448680363056208,79.42544342332815,1.734158790486512,79.03840381894321,1.6428020556299983,74.64962053539526,1.5703260276795465,71.56173624708792,2.3720003688883167,73.9560078322638,1.863425093626835,78.87318307201969,2.1972306727318087,78.14841282318807,2.374318699245799,72.57935884059629,1.749815549068082,77.47652464733376,2.2732364190197467,77.80124916031843,3.348338360952851,72.51761544728228,3.5177397393390684,74.87386910972316,1.4789696620918826,78.41911186702303,2.433451661490414,70.04888018637357,1.590936813802061
68.65177371866335,2.474527729416958,69.09041534459595,3.906883756380986,64.66255038161393,4.016480381694762,68.59917674298946,5.122233329784616,74.68284595374897,1.6551977567214053,65.12234513906755,3.8440060151470776,74.86907926707258,1.1008861349421264,79.90409627533373,1.4991158537262435,79.60909584655404,1.621876600253454,74.77031701111969,1.6899470153576468,71.75042163336477,2.518678053205423,73.8047051424978,1.8910961290717414,79.11985821684819,1.908671115322876,77.42217648572164,2.753648411497934,72.62041563044907,1.9098805907833614,77.37844095703626,2.512037317866405,77.89826487150901,3.360853476467232,71.98596461138266,3.6320202037828424,75.49666981105108,1.9952207442586438,78.6680673469971,1.9847425655719777,70.25240831260898,1.9149062769999352
69.0829700564568,2.3065950808710274,69.1728721503609,4.0720363591513316,64.80182948617166,4.087005981273589,68.93260916172372,5.130931838660382,75.18187665261203,1.518745821184372,65.33080826127349,3.418695491428835,75.23490316586864,0.9878214621939088,80.0564567998285,1.2116695011536431,79.74258557850354,2.0326455523676987,74.72150360894732,1.7643975250703177,71.9978560708926,2.687469922980061,73.97784606589009,1.7167441967572659,78.78625026799114,1.998232590634363,77.44443650396627,2.7156166051615918,73.24305009647681,1.3947900704894631,76.99363967698136,2.8972587059982216,78.00814693060816,3.065320645207742,71.8166225970128,3.6695990214523584,75.4720217251483,1.8679077138246747,79.04109197455871,2.0348360291146577,70.08304152076039,1.8495313230667674
69.09953690469384,2.1006818483256815,69.33780229832486,4.4713104361238205,65.17194557200847,3.8530760699266353,69.09667829169287,5.139012113807362,75.15936767480417,1.5252833119467433,65.70321879823909,3.640374699200954,75.6829226459322,1.0786366977482402,80.28057286604539,1.47190705844018,79.4397118518095,1.7429134598404106,74.9855640043451,1.5340404420700469,72.32147961808931,3.0539972964768993,74.15742381796352,1.9036169408226142,78.97675947630209,1.7333767543119187,77.87776570807844,2.780569295348339,73.4576353553256,1.6068898411763852,77.15124921388141,2.7425604827473764,78.16963009547767,3.541422295050842,72.20684923675033,4.176088766105741,75.70336172888915,2.1776387226212917,79.11697444399978,1.963959940774548,70.22711680292723,1.738844621554477
69.60007432500036,2.025812952341564,69.81232937409773,4.240326741983511,65.31380872747022,3.7606213151359738,69.57906321913012,5.044870060747082,75.50748252647828,1.4647460429226797,65.82722296070781,3.681124219591773,75.7295999313923,0.9898744910541838,80.10648485628118,1.583907004172482,79.5736317767963,1.838257075652004,74.9633377642468,1.6227424036581892,72.68013092634678,2.889555673250622,74.24195646270172,1.7099397690896994,78.8776924946043,2.2575657391669344,77.85043523005017,2.82272840848912,73.98110429798609,1.4564617266814035,77.17464945757044,2.8168615851683936,78.11800523133657,2.8434540122328458,72.99386818747053,3.6753884574623634,76.2034218086703,2.315321582982984,78.87955061961323,1.916236758573655,70.83329760016008,2.05083645754361
69.96355164232013,1.905125986820673,70.26514393527916,3.9420401213542187,65.46482376147051,3.6629311868747054,69.7817386581287,4.9833988180888396,75.59689545753409,1.4103674606718357,66.17806809410823,3.801115559866031,75.96752522798091,0.8381447703379058,80.01300706097597,1.6244566451996496,79.59092078556931,1.8398137249071935,75.19696406620739,1.7378030890615757,73.21074297475772,2.8134076174140485,74.51616591864153,1.6145317099017715,79.36565564163402,1.95651714795418,77.42045681941626,2.565385255261218,74.07535519281896,1.2649499960624477,77.31411337583259,3.10835469605861,78.10368485749407,3.1605769063372504,72.55810297018382,3.943449247931131,76.09931105457247,1.831778234057605,78.82893570795575,1.8998877420347409,70.60118349961407,1.847246633681763
70.27958433984648,1.604850215784772,70.79915953173912,4.050140801968642,65.77979159817612,3.891580576693745,69.86706879547175,5.048790768599752,75.99105215763069,1.4649885310316104,66.22017981446807,4.147876677886569,76.17858521176083,0.8443574619523467,80.14136447449295,1.55305135988441,79.94511227683995,1.7736207233072943,75.69188547905262,1.5619980273576657,73.59271594173896,2.847101281064911,74.63586855533796,1.6982003452938694,79.36621832163635,2.072553052736429,77.91884049684825,2.604286681760944,74.22721230399793,1.1740100753777865,77.28320064035678,3.4774623897332217,77.98330498420549,3.3045943703700336,72.7249467560498,4.085467290426273,76.27606809508157,2.0289239384549695,78.92911765126284,2.222639907940911,70.6607967296065,1.9313431192758315
70.27630074328188,1.5928781998451818,71.3174671240709,4.058697556443771,66.21040594625501,3.9150670355508814,70.3066037735849,5.332870656475961,76.14894225271584,1.346300360554366,66.08504859919954,3.988845580563449,76.47169811320755,1.044167890598656,80.27186963979418,1.5143545969442187,80.03630646083478,1.911025147081105,75.78759291023442,1.7048340346865838,73.7362778730703,2.5531206055410776,74.42953116066323,1.97985361354047,79.55231560891939,2.169480389320276,78.23070325900514,2.07455280759431,74.43296169239565,0.8975743267659839,77.29388221841052,2.8644347804832573,78.30017152658662,2.871011895274615,73.3363350485992,3.351458033169606,76.98899371069182,2.34209683053665,79.39465408805032,2.0676276522481634,70.70811892510007,1.4609988394428477
70.54546234222902,1.5957621992145035,71.42640689546735,4.195813653620803,66.5079546591575,3.535075685358043,70.37936505667605,5.282103143311106,76.33513915293244,1.441167637638171,66.17290127074429,3.491062254359783,76.50023585242785,0.8519428588199589,80.35577981389099,1.5255903114211018,80.20469131920125,1.196357694598448,76.02252748038136,1.505286248501422,73.93501908260552,2.340136661355125,74.69417801855374,1.9594904046411343,79.75628582455438,1.7629180417229973,78.79243556940494,1.7934506418563567,74.59297588587602,0.9882223213912193,77.99768435798109,3.115940655746059,78.07187066710502,2.8910906527253646,73.42000314469904,3.1884305256536827,76.84515216055118,2.2032497554678825,79.6279249274575,1.989535203798844,70.66510384653868,1.4432782707792482
70.66954458389318,1.6715965222319802,71.58680922839417,4.116243278074485,67.00134366334086,3.235702471810126,70.65039023414049,5.2400741781338125,76.43100145801768,1.3447015872406674,66.51905428971669,3.548207252618458,76.62626147116842,0.8785773518466004,80.7634580748449,1.4905153060434693,80.15151948311845,1.3128233767165045,76.18842734211955,1.4241396245095914,74.33460076045627,2.163797682880025,74.61048057405873,1.7162649722222347,80.02086966465592,1.570881823383814,78.91306212298808,1.608693998481033,74.72126132822551,1.025793260438505,78.43305983590155,3.0648905539577753,78.1508905343206,2.9710036090551366,73.52582978358444,3.490438926630512,76.35281168701219,2.088335277592532,80.06732610995168,2.0684289579601405,70.50716143972097,1.6049115439957742
71.05764969910089,1.852083390544849,71.41901453750162,3.4074207805406935,66.93197249739124,3.3987129486230523,70.87739611475621,5.4916512312069585,76.4568234772789,1.3364603017386356,66.38921051503067,3.499802412095839,76.86192947096073,0.9781348298613493,80.85209485827008,1.4631821885119345,80.15981245622312,1.3765936112894122,76.43209400060037,1.2704004830985354,74.35610446417085,1.8041149202221063,74.71103677973612,1.6029318406277102,79.7964463884958,1.7829453197164373,79.28355990108209,1.395487484050937,74.79723258573122,1.294226538960649,78.52495104135397,3.0646545639386376,78.63158797547065,2.6380686680874477,74.08665322984119,3.171245391264437,76.69639921666166,1.978001488564292,79.61433451977643,2.413588309591299,70.88182740826508,1.3205679554161789
71.2143347246841,2.021017059259321,71.34770427125622,3.259856252920859,66.9766710503745,3.272872323109432,70.96817999885643,5.4608036016944235,76.63974498256047,1.294941271272026,66.52838927325747,3.4619858913886374,77.14391903482189,1.025750187378508,80.9907656241066,1.3584639540661765,80.3196294813883,1.2791288524233855,76.54625764766425,1.2648231006489488,74.21779404196926,1.7117607295137238,74.73554805877981,1.700328881245617,79.68608839842186,1.455214425480505,79.46523529075418,1.4499230137723456,74.87191949225227,1.2966758420800022,78.75192978443593,2.9735945859675303,79.04254102578764,2.411390569187604,74.94139173194579,2.64405313208437,76.96809423065928,2.286910491717118,79.72482703413574,2.0363792703055146,71.34698953627995,1.6132574142178924
71.67379029376028,2.090221569049686,71.5102565935244,3.5303169925304756,67.3951826173969,3.481924211904307,71.23493674505038,5.605717970587011,77.0095061110714,1.3032072023156258,66.16210420984919,3.0717399572068387,77.24880280180115,1.0486835788309703,80.9966406975913,1.326509127755572,80.31019941390893,1.4654557891945816,76.66128225287686,1.2285204056500003,74.28003716675006,1.6816762345498373,74.90701165034665,1.4919477964802117,80.11049960689014,1.294165269545079,79.57301122149953,1.9596913950353958,75.11557429776285,1.3135995360422326,78.817382603102,2.7181113022540817,78.93531556000286,2.4943154613612957,75.22121363733828,3.2378403458122467,77.19433921806876,2.0648303616749857,79.78443284968908,1.8750350062105232,71.32685297691373,1.9165213439370434
71.89238642536525,1.9521513249845357,71.76787603282158,3.581229285881345,67.88532464190754,3.334778657100241,71.40735340366527,5.65948169195558,77.07307659318981,1.3480217389153681,66.31000371672815,3.1338339436342326,77.47748520456301,0.9381990060591505,81.02653172084511,1.3806736287431784,80.65099922806414,1.28197829095255,76.82148268862395,1.2875187503676708,74.55456442805271,1.7313155407435628,75.1754009777854,1.4370962369296416,79.9596877948366,1.449813652505056,79.84975841267119,1.5848713130649612,75.08548474711952,1.4420869527630396,78.38894130428568,2.8674956471189934,78.91728850387398,2.411130421647465,75.93132630014009,3.046601956055726,77.21760013723303,1.966104699413637,79.69437058638533,2.397371154638908,71.38476713268719,1.662778235991879
72.28167483882035,1.6445545037376006,71.86024902434494,3.6779185200216857,67.97149514674138,3.087682511632384,71.42953125670093,5.656902335986782,77.39153431589781,1.2219012470999984,66.7123640158392,3.165675329647885,77.63927208268407,0.9850598980514134,81.01153631724156,1.4592238862732636,80.59182594027418,1.2432775930220565,76.95266822009063,1.20722912513513,74.95375466384573,1.9891995189365548,75.50755507269166,1.726173145655697,80.24287736051349,1.2536563759226294,79.81401798350319,1.6946769637020018,75.18876960244735,1.4946526657397021,78.59234057152659,3.196705448748008,78.80819979128844,2.433526966350811,76.19773276342686,3.080392031847713,76.88333595414062,2.245948454208684,79.66191585779023,2.307545037275473,71.92543564965048,1.436529977978525
72.25182982616651,1.9526799323333188,72.03382319304666,3.7227580559700852,68.25394556267155,3.019985791901562,72.02210086916743,5.990717824809711,77.75817703568163,1.0108740396024725,66.8356873284538,3.0356293357543906,77.9148559011894,0.965072973089542,81.30661024702653,1.1918285202605008,80.78096408966148,1.119395471288106,77.15819419030193,1.227646532854833,75.29305809698079,1.911320877508894,75.61642268984444,1.8350015087081182,79.91165370539798,1.4042687617094556,79.67806495882891,1.611007869844789,75.2154334400732,1.4667931913137164,78.21577653247941,3.4548449449158096,78.72040827996341,2.4228259748355634,76.79237191216835,2.9057562830901227,77.4175148673376,1.884958470479369,79.62417086001831,2.185084520545581,71.86170516925891,1.5005033891758754
72.52705465254249,1.8966968241894924,72.1546511129219,3.6100307913343035,68.3263999085074,2.6539873936971983,71.94807794027248,6.015171329589463,77.60904061414418,1.1951332524883826,66.9565838944404,2.7211677577831304,77.86664951180111,0.9857252292414567,81.20655887692814,1.1222146312244552,80.68905376620778,1.2814274696644705,77.17602321625137,1.2118079457077764,75.14574487855785,1.721061619000994,75.76174750897057,1.4800637796177052,80.01786965161327,1.20212567328198,79.61058455204359,1.6753814683283006,75.3410244313877,1.5667721571286728,78.21589398293091,3.2608845354848985,78.71753084301868,2.256679659970112,76.87409758259352,2.835472319026748,77.82533487727125,1.8783324628152447,79.65861817558005,1.707863459884871,72.2635845091564,1.506882876876159
72.54167262330238,1.7520645161075168,72.4867762687634,2.855329083108784,68.28934953538241,2.6531257012389533,72.23716940671908,6.0144356703640005,77.38227305218012,1.1425433027007277,66.99928520371694,2.8803730306957,77.97755539671195,1.1937548283055919,81.424303073624,0.9881368326055698,80.95939957112223,1.2420011018054682,77.22401715511079,1.156883119342517,75.45975696926376,1.7295234793841698,76.05017869907076,1.4627218434536968,80.12380271622588,1.3420826183788368,79.65804145818441,1.1030784411925774,75.4290207290922,1.6265477017565793,78.73509649749822,3.161362923700581,78.71879914224446,2.043446412189082,77.38155825589708,2.731878394634344,77.66347390993566,1.7421102292373412,79.85360972122945,1.8570141323058216,72.56840600428879,1.329540639483602
72.55700581852493,1.8411927487533761,72.48395259403279,2.9619863920598264,68.07316759353242,2.6182512109899174,72.65636392228623,5.885064370377512,77.40582424337732,1.2075817070118475,67.82312827917482,3.1631302269771058,78.10762126692303,1.1413527858849202,81.41545983502266,0.9988725699851307,81.22031766000944,1.1345201631764257,77.35335744613934,1.1903137556875767,75.49629015425525,1.6835036112753412,76.07614118858025,1.4922979919514552,80.31651631903244,1.247409922130962,79.40513802913551,1.2904408648149708,75.7567656435403,1.6607814264678546,78.31277073296258,3.0729992919203424,78.93965603511128,2.064283878866237,77.65429098343078,2.4964015251925415,77.63055940756837,2.295395987931268,79.58584111281077,2.213116588117024,72.67123189752535,1.2442164016335722
72.85126093669582,1.8156721817333237,73.0988734488477,1.7754869531862465,68.40295648195801,2.732568185445352,72.73388803110882,5.69599982271988,77.54031566306398,1.2284557331553598,67.63124034997426,2.9197527407434705,78.22553897180762,1.0883634796017587,81.32627094412992,0.8135308846045058,81.31226053639847,1.0291112934667728,77.4806999485332,1.3121178222821293,75.62718019099903,1.693737614419247,75.95942700291644,1.5503202980574844,79.96740435752274,1.4684928884241757,79.28089437868132,1.5103760599749052,75.94956253216675,1.6291562004411588,78.94464459312633,2.981087394786314,79.15723108594955,1.7736169209753245,78.08529193114886,2.5344895073602216,77.55618459427004,3.1522092120413663,79.42757476982902,2.3665889629987236,72.91087665122662,1.1870617689027627
72.8909031123565,1.661351066560538,73.38484852817135,1.7648672982707017,68.53203139519921,3.153349128550188,73.02629133486782,5.762604947539719,77.4969619855033,1.1504670572847664,67.7081218636968,2.9356005923049735,78.29256437016599,1.0256540705333494,81.41950333824181,0.8215785004656572,81.41492844582328,0.9166871229688109,77.59460734556164,1.245628383333884,75.7203311078388,1.4411585436905319,75.90289790841638,1.8021992266943034,79.9230846212132,1.6346326124536603,79.24885985103008,1.7874903412363894,75.95708179049852,1.6265279767923626,79.23156103907243,2.8374467351268193,79.0424178306432,2.3753728097823745,78.02307461363603,2.66282120065864,78.45497305102435,2.3334857284294896,79.36594850386723,2.6074375717609417,73.15481721875135,1.1825694200022916
73.18946044091156,1.419779104956674,73.15886541045948,1.8513821025741974,69.05870242758701,3.121098416169739,73.64295313527579,5.235588504707123,77.4949246561633,1.0871804556248945,67.66133874703343,2.5068710539455603,78.38561175764161,0.9363437353674906,81.49072141366196,0.8470523548775349,81.34375089354646,1.0468692074605856,77.72553112400995,1.313177529836201,75.58745317816603,1.3872573057406137,75.99176507591571,1.685211380519814,79.75009292883082,1.5617503401615391,79.64401109427273,1.5249604633352343,76.01849998570324,1.5410849970271636,79.34149200812055,3.047536571581584,79.21868298401623,2.3805000519195847,78.08480828067366,3.0945553337653573,77.80702256026078,2.7004985325268342,79.24670460069196,2.9838022651859406,73.22877648471679,1.3829308795761697
73.17006219172207,1.427609860182879,73.39924226177712,1.979168180881706,69.1550503967403,3.002458954182309,73.88776896132677,4.778497599893798,77.41739938523125,1.1845637040051036,67.73035956823216,2.5100704288648843,78.51154478518836,0.9187575945581733,81.28029165773107,0.6813905578382052,81.38680391736364,1.334468235849068,77.78025591536206,1.359315283328,75.55064693687898,1.267117818028204,76.1118021302452,1.6119321429712123,79.69290156551577,2.06739347687822,79.75795267710343,1.5073820508618914,76.15140467510187,1.5521367695779977,79.21123740081491,3.0912130007192986,79.2136678819072,2.290026139592343,78.70812781471157,2.6708176144641675,77.79298019872758,2.389079069217278,79.25155479305168,2.622922795769422,73.46843948816928,1.472341320056325
73.33366693354682,1.525962199829706,73.51852910900149,2.054699600546509,69.26255289946243,3.037605835219482,74.07497426512639,4.536338491644992,77.51401120896718,1.0907316288008149,68.16295893857944,3.1324009082066664,78.40500972206337,0.8421124966292103,81.51278165389455,0.6768236274000783,81.12432803385566,1.6749848188775514,77.82611803728697,1.2406129144608105,75.60505547294979,1.189371955008876,76.38153379846734,1.4896737832308007,79.88276335353997,2.0944864906807212,79.73764726066568,1.6892153829326,76.27559190209311,1.6266267381908888,79.24039231385109,2.853093562442896,79.27627816538946,2.1415020525641717,78.81962713027565,2.232118808264988,77.2609516184376,2.603212638495124,79.04866750543293,2.79515485173728,73.41430287086813,1.57458507519458
73.51400426061221,1.533469352872039,73.53859571365255,2.189919735330073,69.26568777433053,3.4172456850509247,74.35940694565575,4.60612394852733,77.61262742518907,1.0834791394670635,68.26372903650116,3.2896348686071186,78.45402685043535,0.7854048019358075,81.54139799551062,0.9394884722224985,81.11419298571693,1.573216037172346,78.03768783151995,1.0723374646739514,75.66918776718185,1.2850915466052,76.65985159344038,1.5089119738108476,80.05304319231375,2.169750554067181,80.1449751940866,1.5176775228199224,76.55061979040075,1.7521570763890735,78.75112591681798,2.791380251739784,79.38564259468424,2.1957145325432017,78.87251047281357,2.1878269439891365,77.93031468481477,2.0656486669117555,79.32187638505641,2.5410969094274303,73.20418054701685,1.5848389424989289
73.4897486488805,1.5017104332167728,73.57024391638785,2.2631330121854107,69.275256641217,3.404628435594918,74.61239312573275,4.816678029986615,77.61473792570987,1.1706805881266802,68.49475279517314,2.98348406161165,78.56967201395443,0.7070801721957011,81.49909925366732,0.9028368993464629,81.05072774584656,1.6785620482751822,78.09413514054502,1.1589446537861796,75.76020130965658,1.4598022185073911,76.69769237368106,1.3872447324287955,79.91721712275886,2.034334416157926,80.11852677933146,1.9403795244487902,76.71442051985932,1.742700734845041,79.00789225358155,2.8070623010971185,79.50330273655314,1.9105166477708138,78.82817191387149,2.3170094389150413,78.60670269651999,1.888991275741915,79.44268107860799,2.0525252664875486,73.26327528523635,1.4917985907573594
73.72199425229837,1.1777305310191926,73.9005733403869,2.2783037212954684,69.37618850173718,3.494149188111127,74.79432664674512,4.861281334009219,77.72479661428919,1.1190992026428848,68.73965199239359,3.1743114431090995,78.60482406599849,0.7270868421212413,81.42677399522454,1.191378146717324,81.04130624383409,1.6072287602535749,78.28984429733632,1.1084531070033705,75.74069572925751,1.2713475748866512,76.81174132483093,1.4590201408835934,80.10751919474987,2.272705863035415,80.35472755608298,1.8259441353579269,76.62243891279792,1.8532488722161269,79.23649933515392,2.8488347904301787,79.70017586251268,1.9880753859375755,78.91051028724212,2.3756778674383656,78.63599319426373,1.841079523639328,79.2773909437955,2.0293891820917067,73.27204357958851,1.4291850194075693
73.70889333714612,1.0159165773060643,74.09250786388334,2.403309743668131,69.75064340863598,3.688334047187758,74.82098941950244,4.852909941057686,77.67300543322848,1.1948398881976736,68.84186445524736,3.0031730681518116,78.53517300543324,0.7548283331893882,81.77437803831856,1.244120724945133,80.99013440091507,1.3753736094723796,78.22447812410638,1.126848889012669,76.0969402344867,1.2112238413089096,76.9283671718616,1.5269041488955437,80.44666857306262,2.167507712021833,80.09179296539892,2.1100670067082405,76.62453531598513,2.031828003141677,78.94623963397197,3.100086236237035,79.94981412639405,2.4024861448898123,79.49442379182156,2.1395496556137283,78.7410637689448,1.8147768361940455,80.0497569345153,1.7337664983702874,73.49256505576207,1.3036529425876986
73.86837100902213,1.0947565437261066,74.23440426657514,2.438424448622487,69.90620397775203,3.6393149111967795,75.08571755386836,4.988391479114066,77.7842119561332,1.2227862126139406,68.85400134402838,2.9146760299322945,78.732180900499,0.6893179995981891,81.76196399719757,1.1904791061204791,80.92137434049671,1.685540206477461,78.23160182444701,1.11873234410062,76.1883927422468,1.1558119352719123,77.1330731065643,1.5953457063800836,80.59108651825161,2.0937695888445464,80.12939847581463,2.145526195154016,76.4743562247101,1.7540393951452462,79.33699366590886,2.9603908220165667,80.26751883784439,1.974270639544437,79.53802599408056,2.218954040403163,78.48124794463747,2.5514625996277727,80.16428602067516,1.1206960411608502,73.67291496875849,1.3567616382383394
73.85841745546057,1.292802025756109,74.49869884755068,1.8945220429285061,69.90134118790928,3.247560364275294,75.07892704967256,5.164618398018696,77.94489404901483,1.1909266110964296,69.05616403099887,3.028704894017769,78.77277016786296,0.6718133756517779,81.63358975092225,1.3634655879937985,81.25525465412223,1.7920136862292153,78.46935857473764,1.0537587696956572,76.54751351196775,0.9192898507956395,77.1723526552089,1.5445164913307874,80.38605622122452,1.9900095978026724,80.13740741799879,1.7088585873443805,76.74997855243217,1.4200267070666333,79.26663616345905,2.907547506748688,80.42394692441876,1.9399007517093196,79.51671480454115,2.1542731863652986,78.38971660613686,2.194849248453238,80.54719894763933,1.3564597438578487,73.48808945065629,1.4600874456323323
73.89550595535982,1.5587842833930152,74.7853067760985,1.8860316854460502,70.19774940303415,3.3482894351967203,75.27589115918613,4.9872801658238615,78.069977265253,1.2628679474967575,69.1526659708023,3.00416686618394,78.81836510001858,0.7611158166091991,81.78045955645796,1.4252544381836414,81.13931109427057,1.6409980079791016,78.63448532250455,0.9834729625250738,76.66528447030899,0.8739598056299672,77.08909447073795,1.6296287447500277,80.33086921086121,1.7898258922343435,80.37619571900424,1.497655324370642,76.75636644408539,1.309765571519424,79.99184980768408,2.4483879540752604,80.25923330997897,1.8603609854192038,79.56660994895405,2.2534873706583216,78.64778300470422,2.3365246596246845,80.55878862404737,1.3823251835471988,73.76767662324663,1.649336492748413
74.18311027224891,1.5287321841698644,74.76006634637382,1.9930105043147488,70.58925303134296,2.9215341923977785,75.46928620452985,4.745537661237546,78.08567833447725,1.2298614768070277,69.48281285746968,3.1636135120075806,78.87983299016244,0.7116916625350371,81.71399565316861,1.2982833273705614,81.38755433539235,1.0217303213009625,78.75428963623885,1.0506480484148537,76.83882406771906,1.1068375415469507,77.30138984214139,1.6462250888023728,80.57395332875771,1.8005910474176436,80.37648707389613,2.040502647114542,76.8182338137726,1.1950500566986932,80.07621253717684,2.1746334264640668,80.02559482955846,2.4275672707341354,79.40173873255547,2.342810330971808,78.45301418439715,2.573801002908442,80.60769846716997,1.8199592846491282,73.91672386181652,1.3035234851875788
74.67162365053264,1.373722572597526,74.6977908057482,1.9823218532720102,70.48902552370058,2.8500131619758293,75.5013941517123,4.795392419040841,77.76378065346391,1.0541481116218478,69.79581039536713,3.0592725829778193,78.81375563022809,0.8233302431452488,81.74833774218918,1.348495171426226,81.30649889182814,0.7400890936187771,78.83348823907916,1.0875380855281167,76.76585400729248,1.2855199001303073,77.37813684135268,1.6472121182882455,80.30027883034246,1.5614357758566138,80.91542146278688,1.479200519486789,76.95874740830772,1.2308958036645263,80.32287123757774,1.9230317390732174,80.13769929219991,2.3289606207302644,79.57317509115606,2.006254379333285,78.59698291270465,2.149066732711225,80.8785300636305,1.3573812737345967,74.00428969757633,1.2087815773081487
74.73675179454915,1.3944530859949484,74.8595818914977,2.163482310564112,70.32559270169017,2.7894631189610553,75.56009952240684,4.884695390123023,77.92389967683816,1.0407318300368338,69.86086881917235,3.0676022546913835,78.84405296422341,0.8873392326311451,81.69345382789486,1.5402162520575973,81.4462207223954,1.117480358638798,78.89838991048704,1.0669396526512471,76.71046987159322,1.3545762473925955,77.5731403895101,1.6064831178747687,80.12611891211715,1.858440892022355,81.04727314324934,1.6252776596277863,76.8970743844196,1.4266846180973831,79.83212743443819,2.1581944178500434,80.09880744702147,2.3534109901566724,79.45305573826752,2.1955330010000633,78.69505533789001,2.2928397522512465,80.8632424857723,0.9731273844907177,74.23985472016473,1.2909077309514858
74.88539030214635,1.37226518640022,75.09973832096435,2.4356305309094894,70.45000214491013,2.761596223036058,75.92753063646632,4.30364538521355,78.03040052621796,1.0401433720639477,69.77192455636109,3.4679514843996113,79.02992864598973,0.7358419439521593,81.76311612543434,1.4909573508464524,81.27121673601876,1.4369859443480129,78.86705847025009,1.1392194458607494,76.90518067292979,1.4282475290346561,77.61771981753964,1.7110593035923227,80.20362346817669,1.4730466281054617,80.88012812263165,1.5084160619712603,77.13883288290222,1.276310283658244,79.99242131754679,2.2018224169423517,80.1156821529178,2.256567517590357,79.41958731929132,1.9337418991587672,78.57506470478887,2.612859323239457,80.7071053722849,1.5570829539657276,74.34587390788326,1.524445444031131
74.85371503746497,1.34053153230043,75.16458845735858,2.554978352071609,70.35763312932562,2.905466867133837,75.96036149402278,4.300361857462751,78.17007950580565,1.1256740595982748,69.61019275867986,3.5189683035085424,79.02848481381913,0.8831396891311456,82.00237373448493,1.541364726598815,81.23262597952296,1.4954808923718346,79.04149745467024,0.9823164959377407,77.1187725218784,1.2978692438922155,77.75210204198365,1.5861059062988823,80.14456900989532,1.7986637990118859,80.90974089115142,1.9388608914304561,77.37044557570212,1.230434474804369,80.12740948349827,2.389274755370655,80.29528685008293,2.20356690338876,79.63221415088942,2.11102446126075,78.51498598638678,2.901051154852535,80.19790653777956,2.2912883706134464,74.68841159983984,1.2772094093501085
74.95660007721897,1.4424744095513469,75.36843459981982,1.654215256793709,70.57756931832806,2.6461531418029898,76.09271996682445,4.2880528647223315,78.2362614577226,1.0980654773151914,69.72544365159943,3.498994924429233,79.06021649912057,0.8378524962645832,82.05459667386425,1.4634221916101933,81.2465144213582,1.6318422996560713,78.94710500350347,0.9798490653685831,77.2512905578356,1.387401005213092,77.76265175673163,1.4726775337852522,80.26354549484492,2.1331935054536233,80.74931003417655,2.290100036253613,77.35053123793453,1.3255203287083281,80.25467961276115,2.1382296178201616,80.5014943301254,1.6865252011793053,79.78707583189144,2.079649855898401,78.59490068782085,2.9651104292091053,80.49405842902291,2.2548721700263696,74.6006778109851,1.3784237861329613
74.77548977548979,1.3991597959272943,75.29672529672528,1.784680971750736,70.83783783783784,2.5165896691518443,76.1837551837552,4.070810117207933,78.22436722436723,0.968463239896154,69.49292149292151,3.7248106297784545,79.2060632060632,0.7417851202159437,82.02002002002001,1.466975621736366,81.55455455455456,1.5336025584851711,79.13585013585013,0.7661472181059794,77.42042042042043,1.262911565720518,77.73559273559273,1.4385553187853914,80.76690976690978,1.8080074280177734,80.83240383240384,2.5314429980076363,77.47390247390248,1.1827109931907231,80.01573001573001,2.222327859456675,80.32990132990133,1.7106934497186308,79.74188474188475,2.1845126319596133,78.63635063635063,2.859262895838095,80.70584870584871,2.0774529242399185,74.73459173459173,1.3314472086277265
74.85849933503981,1.1812705753309076,75.24446224027227,2.0521540476465137,70.98771611205652,2.5382685334555353,76.69979550687125,3.8775520518104902,78.3817872413448,1.0255746047313385,69.49820532254144,3.692282109726759,79.29070914784997,0.7602292208484452,82.12301048206038,1.3285126149688422,81.60119549829112,1.5375056917470082,79.11739049607459,0.8112976792065951,77.57425388608446,1.013819444898506,77.84595804315806,1.461701388078924,81.26428234351985,1.7535407420320483,80.95053554319381,2.3808420010908526,77.45155800883754,1.1365544460220454,80.08251226243762,2.224456325375832,80.47962933832886,1.7881835744359829,79.98484176807905,2.39221685269153,78.95651303464943,2.5449989947065226,80.85501008165424,1.9852137758727015,74.84477112499822,1.2977580210854864
74.82953895435305,1.2420563972117746,75.22937878961217,2.106527705979547,71.10928383480152,2.637758182922043,76.9787495709873,3.882644091627429,78.35859741448347,0.9982675132518998,69.64334744308431,3.585848509229345,79.33932044388516,0.6846071919109403,82.13619723143805,1.4757135828290704,81.77911566182358,1.3671587976454986,79.06332227433931,0.8353313395465816,77.59481180642948,0.8253701490194554,77.81203523624296,1.4068621250624946,81.43161537581511,1.7522127526151532,80.95841436906532,1.9935052892188942,77.5667829767761,1.2076025365961134,80.15258551653127,2.12502658467447,80.4619036723487,1.8958537963763418,80.18175838004804,2.6529308197126142,79.2701063951493,2.250669747241701,80.75892346413454,1.8305183590543328,74.92449376501544,1.2361418243407556
75.04168633002988,1.4341077405552165,75.64388576658516,1.6970055857862385,71.4472235331131,2.7120427424737463,77.13558425214867,3.8871947013381813,78.32639752885152,1.1140917921889206,69.65106468173953,3.4376879035335546,79.35175254193659,0.6520277267842278,82.29982696240366,1.604754084099129,81.94002316701703,1.2912418145904956,79.02212307120281,0.8876898119887,77.63825131923292,1.0412745510755852,77.98861670027316,1.5687344742446263,81.01863371802021,1.7423470168973236,81.23843436726871,1.8118488180006602,77.53357072375478,1.2198741386679988,80.0521972914611,2.493359666912311,80.18505012370042,1.713968513336968,80.29273385101604,2.560265006539826,79.02026398958915,2.7453693486051445,81.10672558525319,1.2672800092911243,74.80186480186481,0.9726428889307848
75.32062466035525,1.4541133899638854,75.96959643051227,1.8513772945158729,71.47198466950776,2.7276614629892877,77.30200497668963,3.932342837006444,78.14346594971828,1.065961286087967,69.52363927580585,3.4718866334801657,79.50419014386638,0.6858755658510689,82.1658610531133,1.623729001199936,81.76715384835398,1.2958158080419353,78.97963561479278,0.8156092151248368,77.62577582015274,0.9918309642474813,78.20052627062896,1.5903892856687711,81.3085261562223,1.614235838479716,81.357148986071,1.89931192496406,77.80110402425422,1.1639838797685105,79.6672196321826,2.5307759491661943,80.41157795383691,1.7002456980238243,80.39727712152846,2.3901526735157104,78.90884649486601,2.684167541404076,81.00606355289877,1.1698544197562637,74.6157366358722,1.3818438943124913
75.46657132642116,1.3351979815999824,76.15316410439758,1.5821536941077199,71.42953164104397,2.865497892181422,77.50690025026815,3.9921369298012466,78.22323918484089,1.027249199134452,69.53178405434394,3.5291159431110346,79.39063282087952,0.6103425340857737,82.2655702538434,1.5165023093512404,82.18991776903825,1.0564740417565552,79.05970682874508,0.8202432572254078,77.83425098319628,0.9750874796444459,78.18291026099392,1.526218710404058,80.97504469074008,1.709572022072834,81.47300679299249,1.9267523193263152,78.0461923489453,1.224297354570036,80.0589202717197,2.4238062637473687,80.40143010368253,1.6805074135730607,80.463639613872,2.2086713878509006,79.30911691097603,2.54134047431034,81.03839828387558,1.4487710441237789,74.74722917411512,1.107765918993202
75.62882558206051,1.4150226717341698,76.08489216864024,1.6914765862085899,71.19115039185401,2.354500195718202,77.56592872261312,4.0300121032368486,78.22492992391739,1.0344614881727456,69.41021680681884,3.642292481379441,79.44868714604426,0.6457234723282752,82.3678565299468,1.3023875102355285,82.22455809164235,1.1612238196856617,79.08729477718666,0.8947995401892453,77.93304158800984,0.9781385117924732,78.27198100795148,1.6367401097775565,81.17684915050627,1.6235990192493905,81.51378639665924,1.959732352534013,78.03086207882843,1.2680476190764414,80.05877810193925,2.244527781336972,80.56060866083176,1.783578877499818,80.61681253932842,2.3103235784168197,79.46012813912247,2.688060201445001,81.10362679480579,1.3544491862296697,74.91004519192266,1.0307351109367315
75.66909314531699,1.4545198257716772,75.93467099523761,1.6895063552715481,71.16871415700128,2.043927305977472,77.60436480128139,4.033635686491163,78.2240464510962,0.9772690214688465,69.53205669093146,3.814151721228883,79.65018663386869,0.6599576645763603,82.41251090485248,1.2581319431913136,82.31011255237904,1.282491127719622,78.97444331621928,0.8212597169277238,77.99422221586602,0.9519140460767189,78.32229738426554,1.6129800694142653,81.08304849620296,1.4895113517802174,81.47719634455044,2.0198118942505414,78.09218712011786,1.2849433599121656,80.08895499334982,2.4257986022913274,80.39471990618253,1.7965344246781219,80.69876864551006,2.157519177420538,80.0048624915979,2.0134508662868402,81.11351057591921,1.3234893677814874,75.06299786908457,1.2793746154817103
75.81319184233861,1.3579217035960138,76.00697920540031,1.6183219814919005,71.33148365321358,2.201606692384179,77.93226738365607,4.23731936830646,78.29724550213095,0.8712435840921627,69.61700180200795,3.955985163448018,79.86170304053088,0.6955251376498651,82.24121163582278,1.4546098954672881,82.41526272131804,1.180957377591043,79.20954778181402,0.7827737488824914,78.19084122307716,0.889552814468979,78.52549984268185,1.6329169755582955,80.67489488286947,1.851709769897144,81.19404479276908,2.1727035343233205,78.07328165670319,1.2587778114723125,79.9778324418638,2.691313473024921,80.27273247332741,2.160506362762798,80.69262892937846,2.125303826812421,80.18234604273334,1.759473693926362,81.32747919109866,1.0206385215255893,75.17676839907325,1.1781989960351038
75.84531113685446,1.2581771563676478,75.9634444587463,1.5089087596934727,71.38685087455843,2.105082077129568,78.08040502853218,4.271999754014224,78.43737932809886,0.811431038685197,70.14816721728809,3.6776195418843294,79.68993578467126,0.6233062770933105,82.41000557772344,1.4385966319578878,82.5411535876203,1.2566551244108455,79.18794067590565,0.889637687684672,78.20955077873602,1.066083224798625,78.89761302040874,1.5916739924596275,80.51458074112212,2.026637965824679,81.41845797399924,1.8996019858866007,78.13446604024541,1.214112627049027,80.1315770655454,2.6636107169882153,80.26558544643242,2.262837777348923,80.39501723373522,2.432555921334985,79.91647716708857,1.91988744353844,81.30061068920638,1.202034417468377,75.27509617997454,0.9461680612771396
76.10826659038901,1.3164544213874554,76.2162471395881,1.4860229642739482,71.3508295194508,2.163975166857804,78.29433638443938,4.459350326769692,78.57379862700228,0.9051183072236886,70.32537185354691,3.889657646169271,79.87857551487414,0.6446905998708334,82.47654462242562,1.4800579678477825,82.29033180778032,1.2026268723618327,79.19136155606407,1.0005580582495421,78.25815217391305,1.0193866422813385,78.88000572082379,1.5950786883590562,80.8312356979405,1.9686935086259791,81.25586384439359,1.8433851693058554,78.11670480549199,1.2893715225956948,80.18935926773455,2.5787558158675368,80.07651601830663,2.1284466261893167,80.2937643020595,2.5810053237031148,79.7741704805492,1.9445953858730276,81.5479118993135,1.0744816721740058,75.43149313501144,1.1844639030302953
76.16756532559104,1.2779453808387555,76.27240092106581,1.5782319228460189,71.44510075945023,1.7861846771917695,78.5109912899212,4.275650651874263,78.69506142822408,0.8638673567599678,70.34725897109513,3.7363259592310016,79.98584075859209,0.6131299193872504,82.70884881076674,1.485973270996021,82.37918162445115,0.9765260902031349,79.31363434831732,1.001071041656466,78.16130093393785,1.0953788723003761,78.90244425692586,1.4816791858795313,81.08425463750912,1.5370767736552098,80.9333657517985,2.122398331611534,78.30403752914086,1.2396661262914876,80.19536892690112,2.7745415259357107,80.18392711566241,2.1465302549912937,80.25386518685907,2.67370236608971,79.97268267566754,1.6090267562066558,81.38259986555872,1.1678289398968145,75.5078018850384,1.0073611726833283
76.36846019622988,1.4175919807543786,76.51548957350039,1.5363287370132757,71.62590463113935,1.7862853661603169,78.63010955690953,3.7690483454494452,78.760548070597,0.8880169524473067,69.86098000514889,3.8020584124497776,79.95337395234417,0.729323474826249,82.72547841757486,1.4353010044384344,82.23976658371235,0.9307457573314589,79.21508052289826,0.9276152009818059,78.19989130123858,1.0645270407914686,79.05975571383622,1.454582574067502,80.92293829915045,1.4000053858483608,80.87073428873823,2.0787945911230525,78.29972253210904,1.1648990073881067,80.22955462112762,2.857462025826182,80.38273405989875,2.304145892281331,80.11155925512745,2.6780563532543566,80.11141623044138,1.685619808570395,81.3793300723705,1.3426341829232413,75.5712405961269,1.3248602098146471
76.37441537823419,1.4439824768651772,76.74843028161963,1.6318230403275555,71.83059913897907,1.7208673944780244,78.82303302487234,3.6630601385312755,78.74122173434213,0.9126381536676571,70.30464693851282,3.494191557045395,79.97282492097773,0.6928948284679106,82.74968891685856,1.3683588679708572,82.42187164781099,0.8743486152654266,79.28200580688531,0.862055512666893,78.46603830255876,1.040209034196993,78.90827695696325,1.2535187933658538,80.99532302587355,1.3591647897467218,80.57282206044309,2.265121484489665,78.33130712130097,1.2417490650720726,80.2902012386115,2.7327987974853416,80.4831442996696,2.5863205732704606,80.34483745011941,2.6284587984728947,80.01702018107184,1.506960249791173,81.13877883776476,1.3993606786365125,75.61780396756153,1.3118029542529985
76.549430745466,1.385609328311604,76.75796670290062,1.7046464013094031,71.89641855941416,1.7371654294266319,79.2212083071114,3.438435371830732,78.94888151496082,0.850724407024277,70.44481949768294,3.4302831035987156,80.02760455403629,0.6401331029384658,82.78906115910522,1.30822830097948,82.614423021912,0.9600628200973736,79.26454602666055,0.9851585463677957,78.53452714686195,1.1036534212457,79.05300646490073,1.0921181530965243,80.86889982264432,1.5935762969678209,80.39933634647291,2.031244018434494,78.45271468619487,1.3729947639199624,80.2849133245609,3.0902749450239666,80.55881343326277,2.3144030257068824,80.3020767778477,2.6021968827508313,80.16619943932719,1.8211704321128377,81.45445963727902,1.2281339102239046,75.81011499513701,1.3226521827968212
76.57798755631839,1.296238920471659,76.9471501108489,1.7506655137183904,72.09225488092684,1.6619760736844997,79.09533004362439,3.419964083587749,78.88736322677536,0.9182270165778137,70.3229635986555,3.426571077226421,79.90474147178718,0.6675538892651223,82.83429879138954,1.373898606821869,82.7504827290281,0.9882078135072542,79.22777658585426,1.0945188212095043,78.81770721590502,1.1422658963857895,79.12508045483801,1.1462922517060858,80.71601230065077,1.8310402645647976,80.87649288421655,1.7546301550685803,78.51591217907459,1.299178059026286,80.14732174783666,2.9601964070933455,80.59987127225915,1.7288440597518047,80.43166702424374,2.302779977226351,80.34155760566401,1.8771715065128856,81.16884788671959,1.639029613715458,75.68590431237932,1.4559702910317736
76.54976113510887,1.2658866276045384,77.09285693852448,1.7601964532837195,72.07912578310496,1.607202145203419,79.38553079497669,3.401012098045541,78.80681980719172,0.8578178543824657,70.24272677861373,3.4981187798453557,79.86211631432903,0.7347109388006949,82.89755985925565,1.5318660003140974,82.51609119775722,1.100077883385744,79.22762250765224,1.1555157637696247,78.88863460823298,1.048173087317395,79.22905283634178,1.1859380895234455,80.50147323855022,2.0561785382484956,81.18917527247761,1.7598849522630668,78.63060331264124,1.1937115353979453,80.35314815344566,2.496770588029145,80.875647223732,1.8061902992354888,80.5596876162142,2.234972793561588,80.37760677403666,1.9292832847273782,81.16829247361044,1.3005514022836995,75.72059959378666,1.4895882819155666
76.68259122051693,1.2750731855640178,77.28276572311302,1.7476932879398603,72.05641297040606,1.8355219596137469,79.27610029608228,3.5686841505395126,79.03909144222105,0.8295068643552405,70.39778009812196,3.458971489610322,79.92347632056985,0.7008329730071514,82.7834594424499,1.4509704849252236,82.78245819804616,1.1039942230695055,79.28797219401255,1.1313018698733184,78.87703288372691,0.9767747512031074,79.27581422625265,1.17056447423488,80.812438316193,2.200610939833568,81.32850828887332,1.8083191920772308,78.55777895384264,1.2055403928770025,80.73148055440333,2.1965759495769763,81.05731409036945,1.6456189266519285,80.65223921159155,2.300790673318999,80.60232002631842,1.9285447213438638,81.35268118947836,1.1727115853392855,75.89775864288472,1.3331942432944324
76.628618835107,1.1995491268708944,77.37756036159743,1.8772565264390872,71.9782011671816,1.8237308077803973,79.24962810390204,3.6112196761527593,79.09428996452682,0.9077250398337328,70.78184002746309,3.1595508048264116,79.84151504748829,0.6720812880595628,82.89249342029981,1.4801711569256486,82.89764275088683,1.1479052878274745,79.29811763359653,0.9899483477502736,78.98615402219933,1.0354356177904105,79.41683831101956,1.0103083285567656,80.99053095319832,1.9859278055971417,81.46727314338025,1.5991788345825277,78.61468703512989,1.1674747273350332,80.55655681428081,2.5628993696578486,81.13270969218446,1.7312531296160847,80.77096921844604,2.3611277266322337,80.51536216958462,2.081967351474014,81.28275546401191,0.9768212194824466,76.05046343975283,1.1147191092339213
76.60539829211426,1.3793205065037328,77.46348929353036,1.590534229252443,72.18449171088955,1.8810730645272442,79.62580995837564,3.729738839434929,78.92935303457253,1.0473702576233659,70.71977228190129,3.2061598097920583,79.97296562772668,0.6343074228936385,82.92371729770707,1.3748743548948803,82.85663200354738,1.2278062826700111,79.28523408333453,0.921694002532205,78.96053553804121,0.9720814399085037,79.40810459012172,0.9989267060467921,80.83878073550657,2.4426939833101398,81.32797413854757,1.6449655928117908,78.72709587904623,1.1618959905681023,80.29308692480438,2.6223609189729022,81.10469024903091,1.321987123288837,80.7802777817511,2.2294575583575487,80.42668535709687,2.0120629002163404,81.37617828381799,1.1119660381568364,76.04253980060363,0.9644468964346432
76.57988842797883,1.4135917242414484,77.34258332141323,1.6789700082539802,72.07924474324133,1.8985989541574602,79.74467172078387,3.8378256334974656,78.91202975253898,0.9318970788167064,70.77442425976254,3.2335342412884165,79.97639822629093,0.6415757978725888,82.60134458589616,1.5540750723109242,82.89257616936061,1.237560371306136,79.3957945930482,0.8900412014636219,79.06479759691031,1.0279724252413975,79.40037190673725,0.9601794724299265,81.11314547275067,2.191851970441947,81.39207552567586,1.4616891708715096,78.74667429552282,1.0810496935971654,80.25060792447434,2.4164073523203826,80.86439708196252,1.302595483531007,80.72264339865542,2.382834152482408,80.73494492919468,2.2550313589914364,81.27935917608355,1.2967911564206807,76.23630381919612,1.023443648761144
76.65393583086583,1.3955375925030011,77.24398861376932,1.5807726770853932,71.96355261840394,1.8027617957205369,79.99213262956128,3.470280003903897,78.95878928321103,0.9493146726881754,70.8788567995537,3.3988250992633326,80.125162711525,0.603731035374815,82.70794890500508,1.3183151936495556,82.65344948432963,1.2676859703645282,79.42768456135833,0.8422747530487825,79.08094808965942,1.1330476368380173,79.25431632550888,1.2056358462450758,81.01632121758286,1.897488359858855,81.37164027521492,1.3907425812922776,78.90185812985452,1.0376857995279072,80.43713971019467,2.277637564295945,81.10558011128754,1.4024102478231295,80.73524152827245,2.6974106213094013,80.8129139309674,1.9936162810113325,81.22745283153816,1.0499646130174454,76.3572644437769,0.9326947979193365
76.76760885735538,1.4901468102291526,77.29086799794015,1.5604591889189467,72.06972020369628,1.9826749869683118,80.05435715511817,3.6558940306862935,79.0095554156892,0.9434295264720233,70.946100589346,3.5689461544688768,80.08883103507468,0.6156013090377133,82.83787263260285,1.3672566028692468,82.75404817760486,1.3187541390890598,79.47345082107913,0.8180454193910793,79.23370715797905,1.112993092913429,79.299364879556,1.11598743416369,81.49238999828347,1.4895526681786786,81.64344567145392,1.3654258237756762,78.83217943582994,0.9931281481368928,80.35117583109229,2.490936211713261,81.07727298735482,1.4265959441825955,80.47748469416948,3.156940680679568,80.55873433655663,2.3279522185930728,81.3416204154031,0.856805325489711,76.73513760942953,1.0009192929913604
76.65140829959803,1.4362325607562976,77.33374340194831,1.7057470429512995,72.18919421517158,2.108714638030485,79.96824352353842,3.5831109794933704,79.00024318022516,1.0000971359826567,70.97715536355443,3.523081508115702,80.11887221594404,0.6029475764512747,82.8831161400146,1.3313529660491368,82.84392120960705,1.2799573075994526,79.47787775187035,0.8699859691478818,79.28576537399688,1.3180408956487089,79.50462757663755,1.1945745897923854,81.3598066001974,1.557872812432273,81.90052498319196,1.1667651499764875,79.14529303217132,1.0574000483186679,80.60165648647488,2.504578202276086,81.16354585377717,1.3474598957069728,80.66888866637103,3.015052639001492,80.47734847726267,2.669134867864687,81.42818315762369,0.7265777892897443,76.65941894230906,1.1191069252801247
76.69842359740223,1.4383122170894245,77.60220868022773,1.5882726889957732,72.24100935542013,2.052465734557655,79.9705318570652,3.686256772014999,79.1016507882013,1.0578352902513963,70.99476439790575,3.174602696527023,80.22773438617571,0.645373099568492,83.09014962950248,1.2227706244071874,82.8418161531199,1.425413580224395,79.43223757617372,0.7763503532515288,79.33396274997855,1.3912811468233575,79.48802677881727,1.2218522719480442,81.32291934883986,1.27864082269765,81.93187995307986,1.3080178622925547,79.26415472205532,0.9898385409358085,80.72425828970333,2.172067220986509,81.23194003375961,1.6833821303956997,80.82911338082567,2.87153094419509,80.4784996995966,2.588934966779884,81.5211855920808,0.9969591423034441,76.71744914599604,1.2465680981983913
76.83842357485159,1.4216350585876576,77.50289678849869,1.4990488945489109,72.26078249052287,1.8571671647595973,79.90587225520349,3.6010368652264453,79.05242829554395,0.9315284324240857,70.95386596094701,3.024984722499542,80.28781918317716,0.6899764861305716,83.1199485015378,1.3365968213594672,82.80480652313854,1.3683318623411391,79.58028753308061,0.8397403285094832,78.98476503826622,1.2100545755878207,79.52921822473357,1.3024668882738397,81.20949860524998,1.485177726351569,82.05464559044418,1.174913740493914,79.15800014305128,1.0472677316583638,81.22366068235462,2.073779111336802,81.06058221872541,1.8779576407648408,80.8480080108719,2.667361934940684,80.75845790715972,2.3265032252880555,81.46656176239182,1.1114642523626237,76.77090336885773,1.3872719443414165
76.85611696040284,1.4569912866103119,77.69483863584344,1.7432755869939398,72.09129663538566,1.7731530458829323,80.06637674525064,3.5605190065050376,79.07058251316091,0.9700288525533108,70.80882352941175,3.2624970826508397,80.2695124742504,0.6413408665224029,83.15103570611124,1.4223673214461934,82.739328221561,1.386189198937015,79.59472991531241,0.7806708589257597,79.00463492790112,1.1862275426798639,79.7829880979629,1.3844617124940577,81.06217097734036,1.4563455816027175,81.98143167772946,1.1990825461505583,79.21163309681847,1.0416037942112497,81.15458342870221,2.179801100794864,80.9239814602884,2.0207284706488893,80.83299954222933,2.4829978186090105,80.67678530556192,2.653608433319695,81.43496795605402,1.404434483094085,76.86741817349508,1.342082888232336
76.96279129651087,1.520131507399588,77.6404446161109,1.7680103990163383,72.02494885770281,1.6540903993509781,80.10400125888732,3.551790085998609,79.16813298427823,0.9350617372037304,70.5799464972891,3.4102824357906893,80.3590689956082,0.6359477497277986,83.1131711085361,1.5472391278351942,82.66726749924896,1.44653342155812,79.5751255310931,0.814229734358191,79.11005250132325,1.2966921680281833,79.62619630058796,1.295190618757913,80.81942119794573,1.89900533328924,81.74656309457392,1.0641226003934299,79.25196343504571,1.0037275883299157,81.01955566999985,2.24085381943217,80.88565583737466,1.9793425686924095,80.92184884768893,2.453934571396779,80.67822554110695,3.2819495809870927,81.66316180993661,1.2247091031153978,77.10012445817776,1.3898333148364306
77.09378844668251,1.3072784982246908,77.65514577551428,1.9529662949342688,72.09836628422649,1.6121948076148622,80.25550055792395,3.5576686406191267,79.38227804640783,0.9201884049072195,70.814712025407,3.431990843599061,80.35850190266373,0.7385568051857925,83.18517352865442,1.4697979557918242,82.61322995050213,1.4053578637394653,79.65365797831248,0.8007212287072033,79.4691139023204,1.1315819119834418,79.71774770392837,1.384992258902562,80.63503190180538,1.6583520151799414,81.88792881462618,1.306720842618181,79.41775628737375,0.9068491642107341,81.3237103373294,2.1642105480970253,81.08337386626991,1.7983807169596073,81.04460530456927,2.4625019751099986,80.80741609682127,3.0347054805507794,81.67963720637462,1.1608889182483924,77.33269434350947,1.309480865068244
77.13008397590879,1.5192871308835831,77.62034877898743,2.002908928929896,72.12185805639405,1.711556758884001,80.5237407190169,3.194003370057254,79.40773379493855,0.9123161159158052,70.73904522109841,3.594330278269342,80.41015149997854,0.6435476624263896,83.2836440108153,1.3891291759161704,82.72685655426962,1.3108398704406146,79.56366861704412,0.8952237782293274,79.44192500822592,1.2069102691040827,79.73920258651522,1.1929866774504922,80.43289795568018,2.018203498660135,81.84046007925494,1.4759981566113376,79.49557230940903,0.937106096762922,81.66435387190455,2.026759594122862,81.15377462411125,1.8558109873677844,81.13374629833622,2.4205494079983287,80.75792907111486,2.811114228323839,81.51256777442383,1.09537777431395,77.42807685154719,1.2604669426664734
77.27238912732476,1.487749419508191,77.63690987124464,2.22165735625301,72.24506437768238,1.6295175278161786,80.58526466380543,3.0963208538717546,79.49484978540772,0.8156841394490391,71.19184549356223,3.9982782069386564,80.4456366237482,0.5750806939092582,83.25622317596564,1.2944315502042085,82.80386266094419,1.3458643910762638,79.69513590844063,0.896821701549026,79.37711015736767,1.2592684254524347,79.85436337625178,1.207716611406935,80.59842632331902,1.8469637432888597,81.75479256080116,1.3941109814799955,79.420886981402,0.9803121281407683,81.8140200286123,1.6907347509251973,80.90572246065808,1.6562443069696,81.11802575107296,2.360800455279175,80.81230329041489,2.6193657147664426,81.58354792560803,1.1141122514307755,77.52274678111587,1.3375260572394865
77.37707263337101,1.4530105968923839,77.67664773458847,2.264090593236051,72.21762829225024,1.5561983562578352,80.64593198758209,3.022968164253826,79.5012804188901,0.9348825004274725,71.07726863045251,3.9110220184940805,80.48927738594259,0.7220064686982174,83.14954434255141,1.3656687752903123,82.76727850183838,1.388962020842261,79.74048269646204,0.9433281568239245,79.21515329260792,1.097854384622248,79.89270232764417,1.3211603329539672,80.64349990700869,1.5418541031886877,81.5993075723544,1.5932647325346811,79.43260990858238,1.0428578569827718,81.7681225768609,1.6588448651509824,80.93849697420565,1.5934257305621582,81.06410678264352,2.3451970535102253,80.815176182778,2.3079887340483567,81.20230618463783,1.0628964590108578,77.6005379189974,1.2226940627074978
77.39234312855876,1.4396610717322929,77.6674582963747,2.1795851045735164,72.34813585510315,1.678882149313456,80.75352656728376,2.9661432696121106,79.589973962059,0.9861895104360809,71.21434089673525,4.00296094678344,80.48928438581935,0.6490529598630139,83.32927980771981,1.3793347497880235,82.83298520701594,1.5752997376486053,79.72874760365104,0.9789752529066704,79.10126183867922,0.934191878517512,79.88626284013849,1.2080340905309923,80.42347420527054,1.9837018735696623,81.85785001001459,1.6846122274348558,79.58510973132277,0.8510280862809758,81.79976537239979,1.2106548350057307,81.04480814901714,1.5133580094536883,81.26355546653694,2.3092112976595844,80.5605310595439,2.2049524842123174,80.98615124896277,1.3628948499595124,77.87676328364189,1.25565093215111
77.42764353262658,1.5730023340167978,77.8939010257951,2.10406322440705,72.24272858634848,1.6254903980388122,80.80132194514786,2.9658450465240125,79.55148289626163,0.997563373870779,71.26443194986909,3.824773904857115,80.53764825385926,0.6472998695279908,83.35550882012103,1.2479932004958396,82.83617322631872,1.8906334265472784,79.73189121135383,0.9699060305077999,79.12642888822124,0.9400191766804812,79.87052377069115,1.171475407990187,80.57584731819678,1.7668126289245893,81.78290913773124,1.7693769805693527,79.67723936649642,0.7751434158144314,81.9558779346753,1.352243833281744,81.18002203241913,1.4847824715705076,81.34869879966234,2.4675279903731853,80.51261141393765,2.3310239852128474,80.99117272558193,1.36337174501713,78.04827102736883,1.2394573278705905
