random : rwll,uncnormprop++switchKkde : rwll0010,uncnormswitchK : rwll0010,uncnormprop++ : rwll0010,unc : rwll0010,uncnormprop : rwll0010,unc : rwll,uncnormprop++kde : rwll0010,uncnormpropdecaytau : rwll0010,uncnormprop++decaytaukde : rwll0010,vopt : rwll0100,uncnormprop++decaytau : rwll0010,uncnormkde : rwll0010,uncnormprop++switchK : rwll0010,mcvopt : rwll,uncnormdecaytaukde : rwll0010,uncnormdecaytau : rwll0010,uncnorm : rwll,uncnormpropswitchK : rwll0010,uncnorm : rwll0010
40.43407382174749,40.43407382174749,40.43407382174749,40.43407382174749,40.43407382174749,40.43407382174749,40.43407382174749,40.43407382174749,40.43407382174749,40.43407382174749,40.43407382174749,40.43407382174749,40.43407382174749,40.43407382174749,40.43407382174749,40.43407382174749,40.43407382174749,40.43407382174749,40.43407382174749,40.43407382174749
45.63482407903061,49.21407367755122,48.304053725242106,41.59083167064091,48.09236459195095,45.9706068421821,48.99751812740279,48.66660178110857,40.44235729232566,49.84184145213879,50.58397002287216,45.28687527373595,48.515742858533265,48.4184145213879,50.50610735315587,49.00968416954596,48.586305902963645,47.11178159521145,42.50328483137866,48.304053725242106
52.505049030342846,53.587853127965545,52.28362167554809,41.333917317565756,52.15709175852252,48.88434678930336,53.879845244178405,47.30515609411879,40.05158527386427,53.92364406161034,54.55872691437331,49.42453220429715,52.69484390588121,52.30795435189916,53.536754507628295,53.079300192228146,53.00386889553982,46.86230138452928,45.0057181789425,52.28362167554809
49.11670235546038,54.450554798520535,54.8788203231458,46.56900914930893,55.41415222892739,52.01236130036987,53.50885730971384,49.53766789955227,50.282265913957566,59.176075530465255,56.13198364804361,49.30163519563948,55.54555187852832,54.49678800856531,55.584485108039715,55.51148530270586,55.69155148919603,50.114366361689704,54.696320809811176,54.8788203231458
53.794865555420365,58.27472928580119,57.66638277162672,50.82126779413554,59.08991361479499,52.076894999391655,51.96739262684025,54.52244798637304,51.149774911789756,60.91495315731841,55.658839274850955,58.45723324005353,57.96082248448717,58.32339700693515,58.45236646794014,58.81007421827473,60.00973354422679,51.660785983696314,57.128604453096486,57.66638277162672
58.787170876526986,60.11583199493843,61.25468438214825,49.63254976395581,60.39324475592544,50.085170584513556,53.59419866647199,59.58047403513895,55.69182849077724,57.4682435392028,57.42444152431012,56.60437046770818,62.517642478220665,61.35202219302088,64.63717330997225,63.756266121574924,64.54956928018689,55.86216965980435,62.85589137100307,61.25468438214825
57.270094663324656,61.321879638867934,65.46127077604459,51.78497554327988,64.38322828705618,50.40274499306451,58.136422261699074,62.52889786581656,55.08480763147008,56.37943202005208,62.76738130581851,60.426349986615726,66.5441802740126,60.20490107804249,62.37072007397854,68.26223444382255,67.84123816708441,55.46443433188134,64.89426422991751,65.46127077604459
57.12790810863429,61.912294363866444,65.4093254161394,55.903825562153216,63.017132288523314,53.94480677504137,62.04857393166553,65.76705928161199,59.235374282098704,59.955709140465295,61.71274213958922,65.67701742431616,64.61598364645187,60.87559622310912,62.10211233330089,68.74330769979558,68.19088873746715,55.91599338070671,66.97897400953957,65.4093254161394
58.35341072254265,61.758049207855734,65.77596067265338,59.19057701199776,63.36667396753547,55.70562896984741,65.99011949088609,69.02728091309532,63.99698230756127,63.656275096736515,60.65561801854421,67.05361271324621,64.73680367963787,62.196101336058994,62.80207344674016,70.17351731522717,69.52373999172568,57.09279404249106,67.01710836922928,65.77596067265338
58.938914577756144,64.55341932343636,67.15745923582381,60.01216841080555,65.35166707228036,57.04794353857386,66.91652470187394,68.54709174981747,65.58773424190801,60.520807982477486,60.742273059138476,70.28717449501094,66.7802385008518,64.4658067656364,64.09832075930883,71.43587247505475,71.05621805792164,55.74835726454125,67.2304697006571,67.15745923582381
58.97928886076566,66.3389228260605,67.67504684952176,63.476842950668065,65.16829321716274,60.21562948721069,67.56309474555233,69.4614130302514,65.13178709630314,65.08797975127163,61.038234077246955,74.1658351383582,66.3632602399669,67.10555136411205,67.6336732458809,71.77103360996861,71.50818953977951,58.50957677237217,67.68964929786561,67.67504684952176
58.77141744548287,66.14583333333333,68.74026479750779,65.87811526479751,66.45735981308411,60.24873442367601,63.106016355140184,69.22702492211837,63.59277647975078,68.18535825545172,63.6536214953271,75.10465342679127,67.00253115264798,68.22429906542057,68.0052570093458,72.36419392523365,72.33498831775701,54.05714563862929,70.50963785046729,68.74026479750779
62.5672353785869,70.46997833864727,70.08542848102806,64.93538102076083,68.49368413366759,63.13189086572395,64.10300094920534,68.10426655633168,64.42913817022416,68.6226787061601,68.01177988171442,76.31367585854406,69.32363034536472,69.72765108185071,68.17971621194052,73.94553021637014,73.85304354175287,56.251369046170325,72.52172219923577,70.08542848102806
62.37161076765808,73.1976829090201,69.53706858784014,63.79058560093463,68.4685781044638,63.97556345227085,66.03952684612763,70.73212286423599,68.02560482889548,70.39624202891495,66.4776322835029,75.60482889548751,69.51516331597138,72.18273864576742,68.73874312417855,74.10066689383245,73.96680134352334,56.49856398773305,71.2237745217349,69.53706858784014
62.13459900206888,73.81039308750152,69.11524887428502,65.70281124497993,68.12705366922235,63.663137398077154,66.39406109285628,70.31033223804309,69.42923207983449,71.55896312522819,66.27723013265182,74.73287087744919,69.45357186321041,72.65668735548253,70.09614214433492,73.71790191067299,74.1852257514908,57.0597541681879,71.60520871364245,69.11524887428502
63.66712102034855,72.29821828449032,70.98383799045857,67.63216824067763,70.24875864083342,66.02326939927953,66.2812773829228,71.56070489728361,70.68688540551067,73.10875279914322,67.19160743841886,75.56713075649888,70.63090254113523,72.36880537435498,70.62116639080908,75.41378638886184,76.62350306688735,56.14594489338916,71.49255184500049,70.98383799045857
64.04108755446292,73.677676897987,69.97784971886182,69.55431687072512,69.00907918116982,66.83299661660541,67.11535184869655,69.06749750505075,72.23669157559088,72.78192926514616,65.74252123749483,75.32069225713799,69.72957184236789,72.34379183603924,70.66426502446268,75.55193145583331,75.3109558698245,57.305941630358056,71.86670885767836,69.97784971886182
61.26770848546809,73.3825032861107,71.66155493890268,69.45134121999902,70.37388637359427,68.8622754491018,66.47923664865391,70.59782873277834,73.39710822257923,75.16673969134901,66.48653911688818,75.99435275789884,71.03354267075605,72.42831410350031,71.05301591938075,78.03417555133635,77.63497395452997,59.80721483861545,71.34754880482937,71.66155493890268
62.73216328716438,72.86093327815779,73.44757917285364,70.26362552031352,71.92619459117354,68.4623061756043,68.58888537280008,71.94323409848835,73.11165745721867,76.95041503371388,66.73644750614639,75.91343930284073,72.35705070470534,72.01869477373968,71.2957328205253,78.17239112971933,77.89975901268227,64.52617998588156,73.81271147245685,73.44757917285364
62.88948393378773,73.2838364167478,74.29649464459591,71.24634858812074,72.2444011684518,69.49367088607595,68.38851022395326,72.92112950340798,71.44109055501461,76.71129503407984,68.56864654333009,77.04235637779942,73.4396299902629,71.55793573515092,71.73563777994158,78.87536514118793,77.87487828627069,62.699610516066215,72.59250243427459,74.29649464459591
63.59453735485285,73.55583144672461,74.09381922636871,72.21694783222571,72.56018890430633,68.37556902553617,68.87460746366757,70.7587818593442,72.05628179848584,77.22193821660703,68.82348645293216,77.46537160106136,73.52905377443463,72.90099564254241,72.56018890430633,79.27895031524623,78.5486501618832,63.23425594586042,73.76761849119988,74.09381922636871
65.19061298018404,74.2465553337553,73.02448999464434,71.59550124154049,72.8979015531428,68.686401480111,68.54764107308048,71.1913919859779,70.55601538536443,77.95657042699256,70.76780758556892,78.47022737231609,73.07804664297191,72.41345732508886,73.83270850576952,78.56273431033644,77.54759238521837,65.56064073226544,74.95252933443693,73.02448999464434
66.1124230104438,74.72064659054945,73.08226014558025,72.35192443459843,73.55210945297856,69.12870949679869,68.38863597633713,71.2612897728656,73.63244638118655,77.0479830562115,70.02215351656645,79.70883949655526,73.57401952430801,71.90641965089954,74.70847432869977,77.92925481412956,77.00416291355259,65.43807970397059,74.79854906638752,73.08226014558025
66.47920927062032,75.03408316291753,73.93611841464602,73.3420975752264,74.43519330022397,70.07985198169247,68.34891420780991,72.00311617489531,74.37919953257376,77.95793163891324,70.99766286882851,79.84224364592463,74.01402278702892,71.83270036030773,73.87282111208492,80.32914597331775,79.35290680689454,64.65089103125914,76.01762586425163,73.93611841464602
66.83140596469872,74.82410225197809,74.61959829580036,73.97200243457091,74.65368228849665,68.93000608642727,67.98782714546562,72.05356055995131,73.67985392574559,77.53864881314668,71.35970785149118,78.36640292148509,75.01643335362142,72.119293974437,73.73097991479001,80.57455873402313,79.02373706634205,65.64820450395618,76.82288496652465,74.61959829580036
67.84096995666359,74.62141500706042,74.88922432682476,74.14666212202367,74.19535472561718,69.74728538734966,68.88542630374447,72.66640697278083,72.92934703218582,77.24594634075083,71.82889419097239,77.22646929931344,75.80951453474218,73.20932950284852,74.74071188586454,79.83882748210547,78.3220528801675,65.84213857914983,76.83692847056533,74.88922432682476
67.8134054001412,75.18564507097119,76.23012684732062,73.94882282764833,74.15333674189857,70.19696637693862,69.15491929004456,72.64382927957539,74.54532174421152,76.6269812285443,71.64073722396708,77.96362573953692,76.5052467557763,73.31093419034403,74.00969006403233,79.11279916246683,80.0818055657001,65.6489664743262,77.40364716480413,76.23012684732062
70.2985001947799,75.83755356447215,76.74084534476042,74.77356836774445,75.27269185820023,70.56632255551227,69.98198285936891,72.76490066225166,74.82469809115699,76.93319049474094,70.89014413712505,78.95159719516946,77.21805609661082,74.85634982469809,74.58609271523179,80.71192052980132,79.41906895208415,64.501363459291,77.73665757693806,76.74084534476042
71.52978987606828,75.86374814345889,76.78654038129093,74.54895181514938,76.0439239365976,71.08665481726766,70.12977526722018,72.7593679238392,74.77782376859585,74.41990699033381,71.55170314820677,79.0411726035402,77.0154123347374,75.8418348713204,74.23242677314894,79.8154415524336,79.98100849747998,65.67651140707555,76.88636750992184,76.78654038129093
70.90090090090091,75.47358168979791,76.72510348186024,74.35110786462138,76.7372778183589,70.65497930362795,70.02921840759679,72.3009495982469,74.03214024835647,75.92159727294863,70.88629169710251,78.99683467251035,77.08302897492086,74.89895300706111,74.52641831020209,80.60871682493304,80.38957876795715,65.22279035792549,77.08059410762114,76.72510348186024
72.04460785507317,75.73352163432273,77.00698823930459,74.67919842216757,76.6271396917383,71.04628795441818,69.59263678200102,71.64771482139814,73.41790645012053,74.92269108086391,70.55199785726461,79.72923616352966,77.55971657454528,74.95434512649443,75.12722491416883,80.15047846307434,80.11638949085685,64.57912293944338,78.00530813995958,77.00698823930459
72.56501412291809,81.21408395831304,81.46001753189832,74.91477549430213,76.55839096133242,72.1997662413558,69.19499366903672,72.06827700399337,73.02766143956364,75.36037790980812,71.26473166455635,79.17843576507256,77.79292880101295,79.19791565208922,74.35229375669621,80.58342261614882,80.61994740430505,65.55225479692218,78.10217200740236,77.63708970487971
71.9969805439891,81.12352984147856,81.47904643631139,75.77130055762534,76.70148781259893,74.46855139162831,70.1633915309129,72.80298049528818,72.90525239243188,73.93284145420897,69.6593371807047,79.5237051647308,77.23476270484818,78.30861762485694,74.5927386953028,81.2160615579419,80.06428519249032,65.52706552706553,78.39871429615019,77.86300435873085
71.8915891491745,81.4956411630059,81.37875614863877,75.52476501241904,77.14410948229678,74.70169970291725,70.26006915696684,72.66838747382263,72.3006866994594,72.16675595383042,70.02142891930063,79.37953538206789,77.66278673355087,79.35031412847611,76.12623581551648,80.78946086787123,80.81624701699702,65.71616422344519,78.79024010130034,78.5175084011104
74.38938268598564,81.42700596615123,81.40508949226836,75.4438085961281,76.88299038110313,74.98843297211738,70.20820650188725,73.3666139047851,71.49640813344698,72.41690003652745,70.97041276025813,78.54864239620115,77.98368440277609,79.39120905880921,76.40082795568001,80.01461098258858,80.9789358334348,66.87933763545598,77.65980762206259,78.44880068184585
75.08036236119229,80.37940775375024,80.35505552308591,75.83771673485292,77.12107929086304,76.38320670173388,70.28053769725307,74.27186830313657,73.14923046951101,72.69384375608806,70.73592441067602,79.93132670952659,77.89304500292226,79.4881161114358,76.70465614650303,80.26251704656147,81.06370543541789,67.08552503409312,78.23397623222287,77.62760568868109
74.86788593137375,80.71012833938096,80.86598641112437,76.29496140077443,77.72690743491708,76.8623821932153,70.19214377907119,73.71599736989504,72.10871100504103,71.38299685848574,72.24021625307455,80.36188296032925,78.10681148479166,78.8714901492828,76.25112631809658,80.01607286364855,80.16462508827898,66.5124321165039,79.74332123809755,77.95095341304824
75.35190687253422,79.86215966100043,81.37450684331012,76.39179776922703,77.8456967512542,76.1044274511714,70.22064195606643,73.98811553260923,71.99600603964737,75.7537382494764,71.62096342116799,80.39062880522137,77.97233451853295,79.47250499245044,76.31630217719547,80.61955092299449,80.76567142370075,67.21299498319614,80.52457259753544,78.0405240855292
75.92362582499209,80.62882053530113,81.34239302501157,76.71269574535447,77.3994788241884,76.20613233968973,70.4244903923431,74.51839945447018,71.38160298093081,76.61771510679233,71.668980297606,78.4028640315628,77.62840651713304,79.41842624388106,76.51055746328633,80.30734760478313,80.8747960351672,66.72511629039721,80.58011251552568,77.78670758140328
76.12518265952265,80.73307355090112,81.85582075012178,77.23575255723331,77.62542620555286,76.46614710180224,70.37262542620556,75.00974184120798,71.39551875304433,77.08962493911349,71.06673161227472,78.11008280565026,77.64490988796882,80.13882123721383,76.5757428153921,80.65026790063322,80.86458840720896,66.31514856307842,82.8300048709206,77.5791524598149
75.83477434910738,80.95910762561192,81.83589468813172,77.09393799167053,77.63705886650916,76.11242358557199,69.99196278526024,75.26486275846952,72.8975376896661,75.47918848486324,71.29253026133125,80.34779220146618,78.56499184100927,80.45008402542682,76.46070289096178,80.90552619401349,80.98833386102925,66.10487347475583,81.95279962980102,77.4105555420249
75.77329631253349,80.6444541867602,82.31526133761996,76.67933167713966,77.94339714550149,75.02313799990257,69.78177212723465,75.65395294461493,71.5232110672707,76.2847678893273,71.75702664523357,81.46280870963028,78.60343903745921,80.44960787179113,76.93993862341078,80.72482829168493,81.26309123678699,66.29889424716255,82.5076720736519,77.44653904233036
76.80298122122902,80.88023966680468,82.53647368292862,77.44111844508853,78.21808704971137,75.19789560854421,69.84436271524953,75.62900358038824,73.47589935942713,77.0441094088706,72.79392064690552,81.435565189858,78.61753172418832,79.68921255815086,76.1185668704484,80.5441215870619,81.19930827873445,68.71909783958887,80.9703582823879,77.45573227464257
76.22272018706157,81.43998441153546,81.7980319563523,78.08602883865939,78.86788776305534,74.60541699142634,69.34431021044428,75.95722915042869,71.96999220576774,77.72554559625877,71.89935697583788,80.68735385814497,78.47574045206547,78.13474279033515,76.24951286048324,81.15744349181605,81.21590023382697,68.85960639127046,79.22593530787218,78.23704208885425
76.3975155279503,81.08878333942272,82.66958957496041,77.57885763000853,78.99890390938984,74.4318597004019,69.13895993179881,75.51820728291317,70.7075873827792,77.49117038119596,71.11923030081599,81.69285105346486,78.68469126781147,78.6822555109,76.73364998173183,81.59542077700645,81.23980026793326,68.86128364389234,81.0839118255998,78.44598709048837
76.09002776830516,81.37087738101037,82.43289326253228,78.0995761679739,79.47824816095874,74.36059823646904,69.62293564573488,75.98528766989818,72.0806742339358,78.24572514249525,72.26092463584547,81.73381400107176,79.06172358357286,78.91557460905149,76.82077264091197,80.91537974375213,81.70702002240951,68.7338627173966,79.42222438739222,78.92044624153554
76.26726426814119,81.48247387523445,83.12668988868049,78.38160426765401,79.02711129515504,73.88254207975056,69.56617056000779,76.14790636494288,70.46257277178282,79.37300562687258,71.54410152729399,82.1669549119431,79.65313131805227,79.19518670986287,76.20149562760334,80.44722675565733,81.8868292207634,68.34823277227,76.6740554892456,78.86634350717365
75.50667446165838,81.48445873526259,83.26025528597876,78.38594952742862,78.51505407775504,75.1900029231219,69.87966481535614,76.32027672220599,69.94056318815161,79.51622332651272,71.90636266198968,82.11780181233557,79.55763422001364,78.13261229659943,77.00233849751535,80.81457663451232,81.92536295430186,68.64708174997564,79.20198772288805,79.00711292994251
75.84224501230177,81.27207619790018,82.59969306472436,78.21490341282795,77.58154490755402,75.34043019658473,70.24189422912961,76.03712455238606,68.6584979659448,78.91403376288032,71.55245913619643,82.6240530072349,79.22584102701518,78.37080704489537,76.63881513239629,80.66064164088573,82.09300626050522,69.62802367786412,80.85064919246791,78.84338992959977
75.9780755176614,81.81973203410475,81.30328867235079,78.3483556638246,77.64920828258222,75.71254567600488,70.51644336175396,75.42752740560293,71.98051157125457,78.63824604141291,71.46894031668697,82.85505481120585,79.55907429963459,79.82704019488429,76.37515225334957,81.15712545676004,81.36175395858709,68.92326431181486,80.35322777101096,79.00609013398295
76.37701283831518,81.55862505785768,80.26992131355209,78.21871421959122,78.04087797510293,75.77772905551902,70.44264172087018,75.22960364442496,71.58274257594582,79.31740115471753,72.24292918219689,83.06901507953908,79.71935978951984,80.11401008550756,77.2345245925601,81.48066944383541,81.2565470535214,68.8055738264026,81.6049112036834,79.5171624156496
76.83931007600857,81.68729292535568,80.70307932176964,78.89543948548041,77.71389592671994,75.40927694406548,70.41512375755214,75.20220229974665,70.81465601247321,78.86133307347495,72.30072110699669,82.83229389982459,79.86503605534983,80.52767491717015,77.69197037614501,81.79935685051647,81.48265445332294,69.6793997271487,81.94552718768271,79.61898265445332
76.08838648378688,81.63324968938046,82.42989743464808,79.27010500158354,77.75233269179233,75.53779813384656,70.33400735741954,75.81796477209053,69.72738567983043,79.14342095646454,71.8152361926572,83.25090749628475,79.25792384339903,81.7185177966721,77.28944868078057,81.94021487563037,81.90367140107682,69.96613638024704,82.32270324262431,79.2359977586669
76.03664181649856,81.35506504896945,82.81196706134581,79.0600789358281,78.3998440773766,76.6116064902792,70.8205428056327,75.27651902743264,70.72796374799006,79.81532914291283,73.20567168542611,83.48681966574088,79.01622569799737,82.43677824879404,77.1500267992009,81.93733859572187,81.86668615699459,69.91424255713102,80.85806168688788,78.4607513521415
76.57449141186503,80.57985138262882,83.55463515653551,78.92313314654648,78.6039712510659,76.72798148373737,71.07077597758558,75.29297112924839,74.63515653550981,79.20331343647216,73.20989158240955,83.27932756730418,79.0035327080034,82.26824217322451,77.25666950907541,82.01729808746498,81.61286392983311,69.6479473748325,81.52515531733464,79.0035327080034
76.66163141993958,81.34441087613293,83.68336419452295,79.04200370334276,78.63025046291784,77.0612026118312,71.35025825942891,74.9780723126401,73.68433875840562,79.29782672254166,72.54653542539714,83.07669817756553,78.98840268979632,81.76590975538447,77.58990351817562,82.49683266738134,81.88529383101063,69.5010232920768,81.84631127570412,79.2344800701686
77.13861072533685,81.69968082255195,83.69514899008357,79.73588675291766,78.97327193431279,76.81699680822553,71.10591331043052,75.37948005750067,75.61825402626513,79.62624564481153,72.47520892722267,82.79365543454426,79.3704163925639,82.10413468801013,77.46509758058622,82.82045659430354,82.01154886338718,69.56362838973759,82.23814048680651,78.81733791389519
77.50109643779543,81.72116368598022,83.07100043857511,79.87183860435651,79.14088007407047,76.15369621363482,71.34398908435261,75.60547731592028,77.06008479118951,80.51995516787682,72.76448516154184,83.34145509478095,79.54534379416208,82.29131133960334,76.87978168705229,82.97597582963793,81.08522976463135,69.12187515228302,81.35812094927148,78.79001997953316
77.856290051412,81.39177895275456,83.51648351648352,79.63743573499671,78.90158621865939,75.95331497770522,71.58694963573012,76.53322287468629,78.36553690212227,81.01167125557369,72.59326039813844,82.80987305377549,79.31824273287688,82.2226553933871,77.10582100826004,83.24358568261007,81.20903486757145,68.95787139689578,80.00536049316537,78.14624399990254
77.99707602339181,81.71052631578948,83.23099415204679,79.46150097465888,78.6159844054581,76.50828460038986,71.53265107212475,76.8859649122807,77.57066276803118,81.65204678362574,74.19103313840156,83.07261208576998,79.1593567251462,82.36842105263158,77.21978557504873,82.62426900584795,81.09649122807018,69.10087719298245,80.57748538011695,78.44541910331384
77.48483150174225,82.09508028948073,83.80077487268208,79.94346840809962,78.10619167133702,76.94875606130753,71.39062842661858,76.4979653500329,78.32793196715319,81.56631496868832,73.76641731036331,82.60922537098857,78.90786812544165,81.9561880162772,77.09983186724823,82.45327615195302,81.27147347644923,68.8662004434806,80.90840420088209,78.8006530373547
77.33076660655978,82.36999853794045,83.71021979628637,80.12330035576782,78.32496710366003,76.39504849164189,70.92938252351479,76.67283980700815,78.66367756713291,82.07514986110434,73.83157073931478,82.86709878649057,79.18270870900142,82.09708075442273,77.2162386081193,82.65022661923096,81.59754373994834,68.63394902285687,80.90306545153273,78.97071007359033
77.56414942612764,82.54745717279528,83.80485902965616,80.23003630869702,78.44871701147744,76.56261422618613,71.27957696712723,76.39447328021055,79.06523381338792,82.14050734702829,73.8747959158808,83.31993079416137,79.32841094621926,82.55476764870727,77.60801228159953,82.1721860759802,81.05855691205497,68.52109072300607,80.67110168871993,78.9921290542681
77.66107807778536,82.95155473243007,83.62657179062286,80.21493322935959,78.31660005848524,76.36709230919193,71.4689540890925,76.21356857393508,77.7390583877571,82.19124671020568,74.31767228774734,83.41943659226045,79.64226532800468,82.39838190856808,77.21512818013451,82.24485817331124,80.97036748221075,69.0515644799688,80.0248562238035,78.9989277707379
77.49969538199099,82.86828317290119,83.36785670768856,80.13159497989521,78.50371633971001,76.71499939076398,70.95406360424029,76.42012915803582,78.21128305105398,82.3687096381138,75.0895576946509,83.49214085536737,79.26404289021566,82.44425490434995,77.6532228585354,82.23711465821859,81.23309370049958,69.21652248080906,80.20714024613135,79.02278542707445
77.08973046741727,83.09206999073939,83.69157284203344,79.82161134668812,78.64697567870546,77.19939562314178,74.38221962275186,75.97358288248769,78.47394843300677,81.90768630891456,75.19617877857387,83.33333333333333,79.34639567188185,82.32441390066774,78.20100404542575,81.99785543695472,81.13759321538237,69.00375298532924,80.6404445094312,79.14168738119608
76.96975605000853,83.17939219652474,83.72529427533937,79.83574196378525,78.48073501815612,76.2508225087125,76.70655326200863,76.04367216630517,78.86579094874857,82.22406355859917,74.77883654619453,83.1720810079692,79.59690980430385,82.23624887285843,78.04693783052664,82.2825530670436,81.23217897789584,68.45709550849317,80.29634684278507,79.13630492530402
78.32179762136869,83.38613764866446,83.72733476311171,80.30317800740885,78.83603041528563,76.53782413725872,77.20559563267693,76.174692922597,79.00662897250926,82.5989471631897,74.84889842074479,83.26915578085396,79.33076623123416,81.76301423279392,78.17557028660558,82.03109767985963,81.3584519399493,69.3044453109768,81.20003899395594,79.17966465197894
78.8282030659745,82.94947722453755,83.64407399283469,80.78282274377909,78.45287709292974,77.21235163656748,77.64373278740464,76.49582023348201,78.35538982720382,81.86736857497989,74.65331091126221,82.41329726304501,79.13528795301114,81.61390168409251,78.05074212181034,82.40598571811557,81.3433745217031,69.72045526553094,81.14839999025128,79.47893056469499
78.92761394101876,81.979039727029,83.68754569826956,80.18523031927857,78.22081403850841,77.41896173531562,77.98196441628077,76.41969290762856,78.88861808432854,82.5639775773824,74.39434560077991,82.6200341213746,79.45162076529368,81.34048257372655,78.27443334145747,82.51523275651962,81.4745308310992,70.1121130879844,81.70606873019742,79.2907628564465
79.5218016524897,80.66489556167589,83.70177191742427,80.19205927514685,78.32264983304492,77.0455043993273,77.81812864071755,76.57023081235224,79.51448975115163,82.59280021448244,74.53995954081259,82.85846596309928,78.75161471154549,81.49114041287869,78.0301737795218,82.29057495917522,81.3790245923615,70.01632991298837,81.02317872724171,79.56567306051817
79.52861460466023,81.08852490981768,83.60875499658769,80.52793214390172,78.30749731890417,76.77927269182022,78.07594813298235,76.87432972604076,80.07214585161353,82.18777420298333,74.37359851808522,82.18777420298333,78.90708784244906,81.91235253972897,77.73228039387735,82.34132787364726,81.9489129375061,69.42575801891391,80.8910987618212,79.65048259725066
80.13747044629147,81.2172471786872,83.20618129524459,80.40802398420553,78.43127696395057,76.74945767421454,78.1071002023058,76.7202086430887,80.21546786262705,82.40914519706534,73.86111585053744,82.87712969507885,78.77982791820021,81.86560070197675,77.63180344651083,82.32871036146928,81.92409876422843,70.45360372437663,80.4860214005411,79.67192336753845
80.45142105006582,81.29966362794326,83.56651879296057,79.89567591283576,78.55750012187393,77.22176180958417,78.30887729732365,77.175449714815,80.33929703115098,83.02783600643494,74.44791108077804,82.97908643299371,78.89387217861844,82.20884317262224,77.97981767659533,82.871837371423,82.01384487885731,70.50894554672647,79.7786769365768,80.13942378004192
80.39488117001828,81.64777574649604,82.87141986593541,80.26325411334552,78.53747714808044,77.73065204143815,78.85923217550274,77.5405240706886,79.94881170018282,83.41011578305911,74.14990859232175,82.78366849482023,78.43266301035953,82.01340645947593,78.89579524680073,82.94210847044485,82.09140767824498,71.0956733698964,79.33698964046313,79.7830591102986
80.68203978159126,82.54436427457098,83.56328003120124,80.54065912636506,78.83921606864274,77.42053432137286,79.96294851794072,77.94461778471138,80.23108424336974,82.97581903276131,74.63679797191888,83.15376365054603,78.65639625585024,81.65951638065522,78.97815912636506,82.9051287051482,82.04465678627145,70.86095943837753,80.65035101404057,79.44617784711389
80.38905004509665,81.81020403188455,84.09185091290252,81.05940569924189,79.0946542183653,78.2512249226044,79.96977305414036,77.741754625454,81.26660653779587,83.74814128659533,74.84094288569827,82.54637642298223,78.73875630743728,81.16422494698097,79.13609438607611,82.97052872778686,82.0198425273627,71.221022353314,80.87414377300539,79.34573288155426
80.3666325386378,81.80000975086539,83.82331431914582,80.70791282726341,78.96738335527279,78.35795426844132,80.1301740529472,78.08249232119351,80.6786602310955,82.9798644629711,74.52098873775047,81.00287650528985,78.74555116766614,80.17405294719906,78.9405684754522,82.83603919847887,82.48013261176929,71.59085368826483,81.0833211447516,79.48661693725317
80.29545842373419,81.03898003461642,84.25684405548378,81.06823334389703,79.10338607054923,78.36230223544038,80.31739840569465,78.34280002925331,81.09748665317764,83.38412032861217,75.01279832281027,81.69230394188342,79.08388386436215,80.82933131810536,78.78403744423588,83.15496940591404,82.4455766558592,71.45120791789572,80.87077350625289,79.7323322200824
80.80936128717698,81.88932228181375,84.02242808386153,81.14578254509995,79.51243295953194,77.89127254997562,79.80253534861043,77.99122379327157,80.37786445636274,83.64943929790346,74.69039492930278,80.36567528035104,79.30277913213067,81.42369575816674,78.63237445148708,83.30814236957582,82.25012189176012,71.6138469039493,80.94831789371038,79.57825450999512
81.21602184353593,82.20336917038446,83.83675857529438,81.40617762500305,79.69965138106731,78.34905775372388,80.02876715668349,78.12477144737804,80.63092713132939,83.5856554279724,75.41627050878861,78.87808088934396,79.15843877227626,82.20093127575026,78.68061142397426,83.29310807186913,81.8645018162315,71.81062434481582,81.41592920353982,79.28277139862016
81.4764249841533,81.96645375201132,83.93632063971914,81.20337412843142,79.55044126968647,78.40704081135111,80.45248427519626,77.90726022721732,81.12292164415622,83.41459846896484,75.44736457165148,79.4651128772734,79.40172607148081,82.55887659076502,78.54844214734995,83.72178068165196,81.45204544346385,71.84406845775025,81.80067287532303,78.992149787898
80.6299826901041,81.34919667454957,84.33820123363483,81.41258502572104,79.71816563863764,78.12858083233782,80.54465221737328,77.9920520759685,81.23461003973962,83.81159031621036,75.19321257039763,80.03754540800156,79.58895092278811,82.8924592242241,78.44796060170174,83.39956603359583,81.16878367506156,71.64590291830217,81.72221274105858,78.77465441158544
80.88550809440218,81.63887263506925,84.46947532670177,82.0314023795592,80.00536376048372,78.2353228008582,80.91964111566217,78.12317144528964,81.8192900331578,83.46986541837332,75.31938755607568,80.49541642285938,79.53969182757947,83.05295494441194,78.78145114101814,83.14803978935049,81.46576945582211,71.77686756387752,81.01472596060074,79.36415057538521
80.72900158478605,81.95050591247104,84.4008289650128,82.01633548701695,79.84395952700231,78.24698281116665,81.22881872485677,77.76667073022065,81.93587711812751,83.41094721443375,75.13592588077533,80.84359380714373,79.60258442033403,82.87211995611362,78.2372302816043,83.25490674143606,81.64817749603803,71.32756308667561,81.60429111300743,79.09057661831038
80.72609352903886,82.05734627200468,84.26634807626664,82.55961379041302,80.15311844735943,77.7368703369581,81.50631491685766,77.851465353294,81.52825864339006,83.14234163944019,74.73057980201882,80.01901789632808,79.75813136977618,82.3986931291754,78.47808065538597,83.00336470473496,81.82815623933291,71.68284000585166,81.71843760667089,79.25342565953089
80.96701046009802,82.0008290054373,84.07821910126057,82.71036012971497,80.3940214078463,77.8728695779387,81.53756126106356,77.53882915173237,81.84234267183577,82.72498963743203,75.71989369224393,80.93043669080535,80.00633945334407,82.66159510399142,77.98015263453051,83.23702240752932,82.02521151829907,70.52885670397191,82.10811206202911,79.57964547826299
81.0323807666049,82.35638349751292,84.06076270359895,82.02477323710134,80.6154296303521,78.21857017458305,81.63708182970838,77.56266458597484,81.95893884716668,82.74895152638253,76.27035989466498,81.44201697064274,80.29844923437042,82.42709450892421,77.80649565980688,83.18053252706525,82.00039012971813,70.45986540524724,82.0077050619331,79.43041061152833
81.27331691497403,82.79973665601912,84.4114993538319,82.09017092975056,80.47840823193778,78.37165638487235,81.39035868425545,77.4718977835215,81.37816683328863,82.60710541074346,75.90890248957596,81.86584087196118,80.36380483284972,81.80000487674039,78.04247640876838,82.97529930994124,82.21208943941869,70.3421033381288,82.50957060300895,79.72007510180195
81.6605705925384,82.81638624725677,84.14776883686906,82.31406973908803,80.53889295293831,78.53450377956597,81.37527432333577,77.89319678127286,81.04608632040966,82.57498171177761,75.8327237259205,82.75542550597416,80.64374542794441,82.2457937088515,78.02731041209461,82.53596683735674,82.42623750304804,70.11948305291392,82.69446476469155,79.66837356742258
81.47235972591382,82.55992586993099,84.39610817137701,82.45263234899656,80.5506108415226,78.75100587675875,81.41871296544662,77.51956887512497,80.55548781974689,82.80133629203345,75.5541466507352,83.29391109268697,80.70179716647566,82.5867492501646,78.1974688483016,82.8354751396035,82.3697237191836,70.6893608720037,82.68428881465044,79.25333463386086
81.29877097151775,82.06691377292236,83.97385875926649,81.97668747561451,80.57208349590324,78.76024190401873,81.19391338275459,77.70435037065938,80.58915333593445,82.93503706593836,76.0656457276629,83.73731954740538,80.67450253609051,82.52048380803745,78.52370269215763,82.83017947717518,82.11324619586422,71.43728053062817,82.56681623097933,79.45035115099493
81.46414026873461,80.93496232350574,84.15636354768698,82.12744165630258,80.84717243397469,78.75728534152705,81.15687565537591,77.79891238081304,81.0227522130368,83.04191967225108,76.0992025751701,83.99053820079499,80.6155046699344,82.50054868680957,78.53781061769942,82.49323286268198,82.37617967664058,71.32196941985515,82.79562025995561,79.47423610603067
81.2807881773399,80.95400673072233,84.08037848119787,82.37818855777203,80.6930693069307,78.88601668048578,80.81256401502219,78.02028971370044,81.58074428132468,82.88543140028288,76.51075452372824,83.80480905233381,80.77354533482905,82.23186850704775,78.89089401550993,81.93435107057503,82.39282056284446,70.95790859874165,83.10247280885724,79.57372091888992
81.45104255578588,82.05096939397635,83.44104377514937,82.60943787343007,80.9876844287282,79.02450920619437,80.86330935251799,77.95878551396171,81.89976832093647,82.97280819412266,76.31752225338373,83.26545543226436,81.19253749542739,81.58517253993415,79.0293866601634,82.02658212413121,82.37044262894769,74.68845262772832,83.15815144494574,79.16595537129618
81.5530192176373,82.60657496829577,83.18944493220174,82.78948395278509,81.1335479465418,79.53614281533508,80.86528143595747,78.17042239781485,81.99443956687152,82.96507657789483,76.79738562091504,84.06740805775047,80.85308750365817,82.39440054628817,78.81913959613696,82.24807335869671,82.72363671836894,74.2756804214223,82.44317627548531,79.27275387767047
81.6842670048533,82.13057581152599,83.93776065165963,82.9695388142331,81.10382167158501,79.74294563812404,81.04041167719436,78.44304075311562,81.85986391239665,82.93051727922347,76.75048167207278,84.18164524546984,80.42582250079262,82.2573958003073,79.27712606394654,82.39641001877911,82.90856766578055,75.25059142013998,82.86466843889471,79.25517645050363
81.39846836739672,82.5398761036047,83.48617140627286,82.86181161894542,81.52773035461685,79.80586312862788,80.13755426564558,78.43032047217208,81.96185551924296,82.68377152334033,76.4987073801278,84.06175308521536,80.81556997219649,81.74235403151066,79.01077996195308,82.7032827666943,82.34964148090337,75.43290571191649,82.76669430759475,79.43758841032145
81.1150947537865,81.84434525987172,83.82722372625058,83.45406209604644,81.54679154166972,78.88100290236824,80.21755566937392,77.95907416892271,82.0467793468452,82.483354064535,76.39813663081388,84.24184775981074,80.73217726396918,81.69556840077071,79.11758249798785,83.12724079900491,81.77849320748274,74.74451842637984,83.11504597448842,79.82976024975001
81.15365853658537,82.0170731707317,83.08780487804879,83.52439024390245,81.29024390243903,78.52926829268293,79.90731707317073,77.92439024390244,81.94634146341464,82.81463414634146,76.74634146341464,84.08780487804879,80.9390243902439,82.72195121951219,78.90731707317073,83.10487804878049,80.90731707317073,75.23658536585366,84.1219512195122,79.8219512195122
81.29954389131443,82.22639576575038,82.61177101880534,82.41908339227786,81.3971072465182,78.68484597185297,80.58489231444669,78.04580599526818,81.8532159320959,82.7654333032513,76.41893704724505,84.01180516597965,80.95807214810117,82.61908827044562,78.88241176614063,82.98007268469962,81.36783823995707,75.41159540476598,83.91668089465597,79.6238932656894
