mcvopt : rwll : avg,mcvopt : rwll : std,random : rwll : avg,random : rwll : std,sopt : rwll0010 : avg,sopt : rwll0010 : std,sopt : rwll0100 : avg,sopt : rwll0100 : std,unc : rwll : avg,unc : rwll : std,unc : rwll0010 : avg,unc : rwll0010 : std,uncnorm : rwll : avg,uncnorm : rwll : std,uncnorm : rwll0010 : avg,uncnorm : rwll0010 : std,uncnormdecaytau : rwll0010 : avg,uncnormdecaytau : rwll0010 : std,uncnormdecaytaukde : rwll0010 : avg,uncnormdecaytaukde : rwll0010 : std,uncnormkde : rwll0010 : avg,uncnormkde : rwll0010 : std,uncnormprop : rwll0010 : avg,uncnormprop : rwll0010 : std,uncnormprop++ : rwll0010 : avg,uncnormprop++ : rwll0010 : std,uncnormprop++decaytau : rwll0010 : avg,uncnormprop++decaytau : rwll0010 : std,uncnormprop++decaytaukde : rwll0010 : avg,uncnormprop++decaytaukde : rwll0010 : std,uncnormprop++kde : rwll0010 : avg,uncnormprop++kde : rwll0010 : std,uncnormprop++switchK : rwll0010 : avg,uncnormprop++switchK : rwll0010 : std,uncnormprop++switchKkde : rwll0010 : avg,uncnormprop++switchKkde : rwll0010 : std,uncnormpropdecaytau : rwll0010 : avg,uncnormpropdecaytau : rwll0010 : std,uncnormpropswitchK : rwll0010 : avg,uncnormpropswitchK : rwll0010 : std,uncnormswitchK : rwll0010 : avg,uncnormswitchK : rwll0010 : std,vopt : rwll0100 : avg,vopt : rwll0100 : std
51.0589025243939,4.094878895396408,51.0589025243939,4.094878895396408,51.0589025243939,4.094878895396408,51.0589025243939,4.094878895396408,51.0589025243939,4.094878895396408,51.0589025243939,4.094878895396408,51.0589025243939,4.094878895396408,51.0589025243939,4.094878895396408,51.0589025243939,4.094878895396408,51.0589025243939,4.094878895396408,51.0589025243939,4.094878895396408,51.0589025243939,4.094878895396408,51.0589025243939,4.094878895396408,51.0589025243939,4.094878895396408,51.0589025243939,4.094878895396408,51.0589025243939,4.094878895396408,51.0589025243939,4.094878895396408,51.0589025243939,4.094878895396408,51.0589025243939,4.094878895396408,51.0589025243939,4.094878895396408,51.0589025243939,4.094878895396408,51.0589025243939,4.094878895396408
50.44902565860906,4.529685799835651,51.74109949139952,4.2769886335662735,51.48894222527001,4.882000723608822,53.834504828847365,4.666563055191646,52.45942625292874,4.077734912220648,54.763272186982114,3.6386578315339686,51.703668781073205,4.038527557337895,55.02600148579919,4.167083448557088,55.29115949482828,4.118843815833203,55.56503228755929,4.011380873276329,55.35787759300531,4.0611384206056895,52.14226527230128,5.163229591272721,55.631893251042925,3.980859129417658,53.77507286130636,5.175010424556769,54.41553803074461,3.968472362253128,53.170895479741695,4.696220813687982,55.35244871135494,4.969619754934875,55.50431453225899,4.689535084701051,52.02968741070919,5.166833900662901,52.46114063660781,3.117073882578239,55.02600148579919,4.167083448557088,49.214097948454196,4.386055444672308
56.95392528037716,5.777582193000356,54.46803343095935,5.751373019339407,52.840345738981355,4.193473685880833,55.84898921351525,4.535946053701709,55.103935995428245,2.8386706587848334,59.069219229945,4.386379341050146,54.499464247446255,3.902539450288052,58.998642760197164,4.910936367015059,59.62697335523967,4.926546745557792,59.46324737481249,3.9422797405931775,58.765911850846486,4.0020076707842,53.71012215158224,4.956297029569179,59.07750553610972,3.629650903172542,57.37138367026216,4.55408280939545,57.19151367954854,4.79459084454372,56.76334023858847,3.6356769257761203,58.87977712693764,3.5465970304081194,56.57704121722979,3.704843235583895,55.86013286663333,5.733560543507283,55.71669404957496,4.904379079311529,58.998642760197164,4.910936367015059,55.836845488963505,3.325353266659119
60.82864245506757,4.903988771817858,56.660856644855265,5.685661286569575,54.945852501643,5.187676187279297,57.96025373603452,4.998749123008183,56.03794610966654,3.881434725992484,61.93287996113952,4.337327161634469,56.54113209703688,3.0543586291485596,62.02045889647684,3.9850441196101403,63.45272451924451,3.3130102957307255,63.41957882104181,3.046379655486333,61.991456410549475,3.945869300836653,56.33811469554534,4.5176242371457045,62.00374317798668,3.442112453827982,62.19804554676116,3.5128250159752126,61.423979198216976,3.640434397254156,58.79203931765579,3.952030785570872,61.64285510186587,3.6322516757661996,59.53053118838758,3.648697616006106,58.0135440180587,5.675667216498596,58.26456553418865,4.119739693166577,62.02045889647684,3.9850441196101403,58.658885047289765,3.183538112062223
63.56578514994358,4.911604264231642,57.04284714185703,6.600082555659519,55.640278313545636,7.0394490803446494,59.432943294329434,5.78808750579522,59.443230037289446,4.876905179885798,63.63907819353365,3.7715222958003687,59.62139071049961,3.2272592778612257,63.707942222793726,4.337047471176366,65.84587030131584,3.375827101253459,65.08222250796508,3.8716750405404126,63.86667238152387,3.4565027588552506,59.279499378509286,4.875115922338753,65.27681339562528,3.430689264342891,65.06164902204506,2.4465440837422374,65.45468832597547,4.116642407361469,62.380238023802384,4.493649388193917,64.76533367622476,3.4063223331440473,62.93429342934294,4.121128327576135,61.486434357721485,5.259024438826949,59.65825153943966,4.762261228426417,63.707942222793726,4.337047471176366,61.32170359893132,3.7806164976023218
64.92356269287919,5.089906587669809,59.7042519145045,6.486385850896658,59.28934735398332,5.845853760027739,60.66021831066407,5.028075133915766,61.72534003886159,3.8373539186951007,65.98196936792776,3.4973668077428717,61.57360841238998,2.4214907398770364,66.23642702023088,3.0690718700587793,69.14475940107441,3.9597266336208423,67.11952794605097,2.492127674150237,65.69493656417876,2.322110340102904,61.47516859069609,4.068776193005321,65.96125271459596,3.2585569642424477,70.54920562349983,3.0693990222325738,70.19802263115784,4.549410714694241,65.32646588181505,4.177295745661329,66.95293747856898,2.5610550984130622,66.01783060921247,3.9977629596315096,64.64324494227913,3.798149845838243,60.26160132586582,4.942451174473456,66.23642702023088,3.0690718700587793,63.98574122756887,3.451193054855775
69.12631624065952,4.988472313344304,61.12014401851667,7.041959675798892,60.26917746567417,5.681214899553876,61.98768413081682,5.173677012561476,64.50929405209243,3.3571980654554343,68.2502035976054,4.095879728879232,62.386163935363115,3.0811913758558767,68.75698304067666,3.458688908063409,71.99754254118386,3.198130834932121,71.40760954979926,3.5445389503406726,69.22290008715406,3.1485288910819964,63.32999957137347,3.954641556357545,68.6968324498864,4.0440509987494435,74.57358803274707,3.4709447170223435,74.79975996913889,4.188319189961998,67.12291580346044,3.6915434949444204,68.29992427597834,3.5429501349483004,68.07203783343573,3.7143500665298075,67.8903001814519,4.62116799252523,61.95039362203713,5.1710282746850895,68.75698304067666,3.458688908063409,65.35854609878413,4.963535588304795
70.540362908987,4.1206410105984235,62.17545363623375,5.043218755431681,60.03614802114588,5.924319183672556,62.81868838405486,5.826110600901159,65.46692384626374,2.430151225596225,72.64694956422346,3.5948671289128673,63.918416916702384,2.427694593477724,72.87412487498213,3.3342085011614957,76.68795542220317,2.8930443555270418,76.38419774253464,3.5139898318979195,73.41691670238606,3.231661496786422,65.62480354336334,3.7337145994723073,71.39991427346763,3.509049268476954,77.9829975710816,3.2595360707546313,78.29761394484927,4.7713343469624485,68.98942706100871,3.3039136098187436,70.36990998714103,3.100708282718948,71.0464352050293,4.445229006503681,71.37691098728389,4.003679984047207,63.671238748392625,4.920092174121476,72.87412487498213,3.3342085011614957,67.4293470495785,3.988825488972126
73.4836902941891,3.966966797554945,64.14007915529584,5.995211715189883,61.55252968323593,5.951665932068738,63.26208404177798,6.60564428420478,66.38528911686122,2.47496628978685,76.16782637271572,3.923850352975203,64.47198845532868,2.9885033792478035,76.82521539099001,2.925423117455839,81.14346540170598,3.6181867563874524,80.82941605109373,3.981049786397468,76.68719370186743,3.643886486863457,66.48744802754719,3.962002614022811,72.39094714883768,2.8317927712704556,80.20803269085141,3.561687570586362,80.96529454628583,4.870441864541956,71.14189372615697,3.392481869910951,71.69526639900556,3.1679247516190734,73.15092371658402,4.277377557323672,73.55770192458814,4.392522470782803,65.61473945905784,5.708236052173534,76.82521539099001,2.925423117455839,70.73482975896214,2.956062063678662
74.52749042693033,3.186481803674578,65.80642395839286,6.312065244748063,62.561867748756924,6.318695250537563,63.79379322169515,6.442929728438484,68.92810196033605,1.945493513937619,77.8100531519689,2.608650664498275,65.78642052923358,3.0765965487591442,78.1129622220952,2.6182011847593563,82.8413442304395,2.0157755303310214,83.26798879807968,2.440461539428263,79.02468994684803,2.5021862714367185,68.55560953306282,3.688912668437333,74.06684002971937,2.4154489945361237,80.98131108189978,3.050160119625986,81.73458307138365,3.8699639550783944,73.5871863748071,3.0367981080989117,73.81522546722294,2.596257461765091,74.1177058924387,3.4601628768291057,77.82262673601187,4.933131247040832,67.5327198948391,5.155849953825429,78.1129622220952,2.6182011847593563,72.21195062010631,2.8274722927980562
74.89862403017703,2.8831510381911696,68.36326746395758,7.118732528749895,63.571234657865034,4.644929953447763,65.51245231257234,5.636251047485989,70.73127866603798,3.2994383973213024,78.63274608141512,2.4923963946935936,66.01368825639047,3.064487312150778,78.99867118179091,2.022245052343846,84.30051295240546,0.8319922128650087,84.40124594567564,1.144108335587669,79.3354480117736,2.5435613097302716,69.32130252761227,4.732698506820294,75.69777244345377,2.138933560032726,82.97798162515896,1.330038889051731,82.8489576635661,4.37667472028714,75.67262491605582,3.068866474967883,75.88337834169202,3.0435761807169253,75.84094188920798,2.168493180659089,80.62511609298869,3.220752049665334,70.2991984225642,6.03153678804999,78.99867118179091,2.022245052343846,75.52173975166815,4.107227718642174
75.30606121224245,2.310448930458919,68.75075015002999,6.797163674008551,64.60306346983683,4.516898419991465,67.00625839453605,5.555897385616687,70.7761552310462,3.5730421638600904,79.40702426199526,1.812803895508791,66.61432286457291,3.657334610691013,79.74537764695796,1.8698193907579082,85.46052067556369,1.166636870102608,85.32363615580259,1.7144423069101853,80.02371902952021,1.6458176400998268,69.8376818220787,4.876626666436342,76.65404509473323,2.204461934732516,84.81939244991855,1.7084445929065823,84.52376189523618,3.0100985400785683,76.64632926585317,2.641631841096524,77.11213671305691,2.6860213927500824,77.248878347098,1.611579804346124,82.24430600405795,3.875682969599205,71.54202269025234,5.076269754456058,79.74537764695796,1.8698193907579082,75.95604835252765,4.109252813788482
76.58841180252911,2.2664710822022403,69.50146459955705,5.622152419243341,66.01557476602129,4.515635431929519,68.00342930627991,4.335140315002697,72.05672644138029,3.014584110542351,79.74194470243624,2.236574094285267,67.58333928699008,5.067719721609495,80.33621490319354,2.068879302574086,86.96477816675002,1.407756892203779,85.86711438165321,2.003692155232394,80.60813031363863,2.1154654672238595,71.37086518539688,4.184286550600113,77.64492391226692,2.4482278168729565,86.04629563477889,1.4095764709970873,86.30020718725441,2.732905396502133,77.55218975494749,2.551028031998227,79.02950632278343,2.687926458486804,78.89176252054013,2.4655105192552713,83.45731228120312,2.6668321797378676,73.12124026577125,5.099269103183466,80.33621490319354,2.068879302574086,76.53997285132527,4.354537920015828
78.27260516689527,2.107691447057833,70.76831847279377,4.553753807901646,65.881630086877,4.453205010504507,68.07927526291724,5.098757306684314,72.4825674439872,2.910183961301994,80.3936614083219,2.19031407763425,68.16143689986282,5.253944653082167,81.18984339277549,1.7024676307346358,87.400548696845,1.5333078895418966,87.26551783264748,1.5724347935391918,81.90000571559213,1.9376178153278256,72.18892889803385,4.6524224420018445,78.40292066758117,2.64256017291671,87.70247485139461,1.04713154783717,86.91729538180155,2.5958097909463738,78.70284636488338,2.866901731518816,79.77237654320986,2.5692651107677618,79.75022862368542,2.466703509769509,84.77137631458619,3.4439822712419677,73.99805669867399,5.285485436868542,81.18984339277549,1.7024676307346358,77.55201188843164,2.930787604559215
77.83890373376393,1.449905464194262,71.45778260434676,4.68387999683869,67.38836574596688,3.8164793615933683,68.61594958775702,4.668682856422113,73.47755883571725,3.1183023722973706,82.1572381864167,2.399119395349624,69.49702070502835,4.943535452405924,82.36986125201834,1.9904946302969266,87.85233556720918,1.8775728604699113,89.28325450466542,2.024349577315182,83.16634039695354,1.9494853415671962,72.63735478616236,4.558222661875671,79.48458911449924,2.741989668426955,88.33859651629682,1.7566068286360017,89.09063629738652,2.673979203503934,79.62733806781647,3.064673008185321,79.91483646028321,2.7019492113859305,80.7896203363674,2.490835297437575,86.464569966992,3.6324747982833743,75.49962133661032,4.718141265507076,82.36986125201834,1.9904946302969266,77.1355900718746,2.794574930538517
78.01234603183676,1.330473341267421,72.47792289445859,4.654764991316684,68.19667914606615,3.2344531904760525,69.87268154668342,4.127934329995704,74.60175473693235,2.8168289463255647,83.18367580234917,1.962694036421221,69.46529107484781,4.913567649120459,83.46517675973823,1.5461223168149376,88.83984453145095,1.0788496890682504,89.61961647280731,1.171759357958809,84.2060815638307,1.163388191406191,73.69923694664342,3.9068881444127364,80.19690777628533,3.044059268434332,88.64207939184362,1.5422527691417034,89.19022034237375,2.6748225332838236,80.81620988254123,2.653375560223822,80.21634134491725,2.5526966479398445,81.61441513532051,2.264775807527421,87.13326283901573,2.9366935631851816,76.37435340516134,5.021927097855847,83.46517675973823,1.5461223168149376,78.5004715498271,2.5589626074184277
79.01487546619796,1.5561849792240352,72.54183278318399,4.7362602130867115,68.36970034723711,3.176523004511715,70.47169946128236,4.2166417182065095,75.49492004972778,1.8423201929232307,84.25372601134593,1.763258430316276,69.85024506651804,5.028087172107808,84.37032908932426,1.5105482345191095,90.838227518898,1.251332110436734,90.48127348851831,1.918660189122042,84.85188836970035,1.1375269529536443,75.4289021305783,3.496943814484485,80.41139737928866,2.936885907366905,89.91040425258284,1.222633099693024,90.75106100227204,2.305681075187928,81.69874680270358,2.6211407832666587,80.43640416684529,3.049251053664246,82.38421857361284,1.8283977247228336,88.09848387419441,2.8619530260751893,76.73925779854532,4.88451129227974,84.37032908932426,1.5105482345191095,79.61346651233906,2.1526407370841736
79.57459274078306,1.6939714031334003,73.16061731923406,4.71208501025375,68.97270648756788,3.968706321974257,70.48742497856531,4.058404937841466,77.10888825378679,2.2497768489721475,85.5152900828808,1.529003640552454,70.1144612746499,3.7218623735582885,85.33581023149472,1.6928154667276587,91.86410402972278,1.9802989552926715,91.61903400971707,1.7326942003739083,85.52815090025722,1.129490944495994,75.88339525578736,3.099114303517325,80.97213489568448,2.3998033573185933,91.74078308088026,2.15873489584908,91.52157759359817,1.7565577278921276,82.32866533295227,2.3177286328494153,81.35867390683055,3.1871470728965328,83.7417833666762,1.5158899698609785,89.73020863103746,2.4118706098193132,77.58016576164619,4.23292451257177,85.33581023149472,1.6928154667276587,79.08916833380965,2.5168840081122488
80.39597593563784,1.651760479257167,73.78099144028923,4.388519597751476,69.1118764200689,4.244621352243928,70.77994827019533,3.417464395838897,78.04684262421583,2.072780444404852,86.0975435487789,1.7842049252291703,70.48271624344446,3.9683221108979088,85.98579573872162,1.759148261374821,92.75711284814017,1.7350886667009007,92.68351934151676,2.0379731313324956,86.14169965275298,0.9379265939423057,76.14341445290731,3.0078013600436417,81.80682776261449,2.0254529260122367,92.37828491404565,2.357920032985096,92.11320539018848,1.5507725679894728,82.47159862244388,2.6872552249947947,81.54574943911744,2.3540631309060975,84.78329213049628,1.5585255128778461,89.82480458423242,2.3934024707995882,78.17745323597077,3.741954524822036,85.98579573872162,1.759148261374821,79.47670015290302,1.8811642318515325
81.01331847151963,1.765105826489935,74.61702249278343,4.912788187959273,69.44239618165707,4.292142006779694,71.01160364686045,2.9158086483116326,78.05381691388722,2.096352031887838,86.59235759810225,1.6298544385238345,71.42244705478865,3.848722710026077,86.32227271428164,1.7779116766861596,93.8722169824802,1.7916981289224228,93.28546114493126,2.0853780699852704,86.83171854011262,0.894695934379608,77.54794363942955,2.961924466896354,82.67998513818628,2.304931278354855,92.45319957700993,2.60517919975095,93.02866615221926,1.3744615309807047,83.45222784303638,2.6601198755932542,82.09180028008802,2.3761999998544705,84.98628140272658,1.6524568640231472,89.84480836834432,2.3419197722876643,78.86464317356884,3.9205740894735666,86.32227271428164,1.7779116766861596,80.02257852467919,2.0658510217035544
82.2423081869757,1.6066658824132267,75.66857681809738,5.334682838022621,69.49554853737656,4.3966232457138075,71.34672821069782,3.1502835976442407,79.4538205410349,2.0629222059095986,87.07489603726938,1.3534809380389947,72.17928748017206,2.6561386928281157,86.66276062134702,1.6207827125394265,93.77252525829915,1.2353306297246882,93.85455221001186,1.1760557804274103,86.8168112379782,0.7879830394354126,78.29029538276862,3.2473243395049565,83.30151335438788,2.242020229161926,93.05843348528802,2.198186314463104,93.6766366091716,1.4338857028421024,84.01331866184604,2.4580765873784247,82.50882432799348,2.160315394148521,85.23100447289825,1.9661881197583713,90.61434471326292,2.841377567682357,79.69447104048474,3.6717041200716776,86.66276062134702,1.6207827125394265,80.02014947768552,2.0080228629442742
82.18303418314852,1.596848981706946,76.74431233565795,4.772132398787935,70.24894249456958,4.017724368313339,72.04527266491368,2.4561952264119618,80.20692808963074,2.624530226043937,86.93194809649023,1.2397873565930468,72.77123585229222,2.5348162468068436,86.98553789870812,1.3044147998331517,94.01723448039328,1.490555595658809,93.97779238596091,1.0003008063267607,86.69915399565568,0.956057494198235,78.50177203612667,3.1622690270280045,84.15142334514691,2.194948031666165,93.30198925345833,1.7581407257852668,93.52935292100148,1.682053879112769,84.45052589459243,2.5597853676587428,91.89807934148851,4.43319610887957,92.4113981936664,2.2678975395504404,90.69452383674403,2.737331357466475,85.3959929118555,5.090596268067396,94.3010460729393,0.8326905292343889,80.26366182691208,2.1675634673858966
82.5906395141122,1.2115795407943202,77.6881743479814,4.362851081643248,70.80943193997857,3.442648627239412,72.25780635941408,2.1541023059719056,80.75927116827438,1.6423783984392604,87.05966416577348,0.9884596420039408,72.84415862808146,2.3055520953042556,87.14898177920686,1.1557662843760481,93.81750625223293,1.6650723768223754,93.77920685959273,0.9757117184386725,87.03608431582708,1.037219715195399,79.4159342622365,3.2126052293648892,84.3159699892819,1.8779616764901392,93.86223651304036,1.206752504127195,93.22486602357985,1.916292510176424,85.10225080385851,2.401915081187354,92.82329403358342,4.029211287990459,93.39692747409791,1.8687750783698271,90.67309753483387,3.4155536866468545,88.20521614862452,3.687005946113268,94.49431939978564,0.952953974186063,80.20878885316185,1.9935848516707837
82.80647097493355,1.3164495457522263,78.31265898762398,3.5842301944621933,71.16000228656358,2.99567334284593,72.55837882642125,2.2342317652832637,80.73655929345185,2.134844296674409,87.00545917054907,1.271395856393202,72.979678166176,2.778230458585557,87.43161745791294,1.1780772378583513,93.8139880527053,1.0770085009127504,93.66236030525624,0.8413793882797316,87.17037756881126,0.9843691486208785,79.9605567782319,2.8182852136752077,84.85323120016007,1.8286718525849206,94.20070311830108,1.6084640601838902,93.15431445965643,2.0619274888596575,85.42658701803528,2.3910747853921785,93.08486009089088,3.2779496443848655,93.39654728899305,2.334335863575462,90.51504844656587,3.889671811421554,91.02666704776058,2.668429174031401,94.3872009603567,0.9048213286831619,80.69039929116529,1.8532415822207433
83.1572177840024,1.6977552808356384,78.83226387320823,2.7414090874478956,71.76539522387206,2.239852800283406,72.88454118016949,2.2071927860515883,81.09770911637345,1.6282365526917177,87.3071041687508,1.3854160391935275,73.61153587812443,2.86555278987503,87.58321066697155,1.0282021007205393,93.63368727937919,1.4227857520250422,93.90393437468738,0.7097775358331813,87.3718434253212,0.8766711933037376,80.322838809255,3.8345438881679357,85.26917525331199,1.8283655130883987,94.3589670301402,1.2443691647949988,93.6781329941549,1.929194505616751,86.05304903319852,2.5394893204040514,93.32928415245881,1.9370005117911342,94.03026881797264,2.032343855606831,90.8251754248067,2.920100385886379,91.89187257942349,2.1671059075792396,94.54246637988938,0.8423518105703125,80.16320580795448,1.6885757910757786
83.40693420225233,1.7140799538002935,79.84608128965873,3.4274228082059364,72.58732064254272,2.0325006268914505,73.12482135711427,1.7848754979777075,81.72411821871606,1.0029943660976337,87.5617389813068,1.3572089727765004,72.70836906191047,2.457783442492666,87.88286743268736,1.0190622398119902,94.18181558337622,1.0352484941148874,93.87040530497913,1.028368505248349,87.70908363345339,0.7900813813254726,80.8786371691534,3.5539144645709033,85.67412679357457,2.1159250292331095,94.67101126164752,1.1311715463089367,94.12107700222946,1.2966923551509772,86.68996169896529,2.296492336965447,93.34333733493398,2.1220257843312305,93.92599897101698,1.415014257546418,90.83690619104785,2.102671388509309,92.43540273252158,1.9361222739998671,94.54624707025667,0.9868748768749234,79.8668038644029,1.5102403815822463
83.40140915522144,1.7095412094051525,80.39616412513756,3.1329271567194747,73.18832087579139,2.6538592203113205,73.70053307798945,2.0308753424519836,82.13559903388547,1.3270120588096845,88.08477797944862,1.4188806733624213,73.16974175015363,2.2253812634350494,88.1498049191808,1.2852727440554756,94.23489731460177,1.053672632807964,93.77084792271083,1.3071545740715864,87.79865944462705,0.8965884820174654,81.52734704377528,2.9279779849487038,85.6939303425705,1.7933736263675224,94.94118992153892,0.8901534456842155,94.4295493847451,1.2902164993139364,87.09250975404095,2.6193350944075955,93.40083748981722,1.9004054518343505,93.35453259207387,2.080871047852749,90.22866616169557,1.8166647632614994,93.30093896042646,1.8060121859710252,94.4043961069586,1.1333634376846038,80.48134227036915,2.2160477041075493
83.31985136487066,1.647903672594154,81.12848363584393,3.3431308111523936,73.49235386594256,2.53848150542497,73.5155066457053,1.8197394249607932,83.2085179362584,1.5624947111474998,88.09646991567816,1.4961018622417976,73.03915963984566,1.8433592300237778,88.44004573388597,1.0146711254540728,94.48735172216665,1.2361475772344417,94.32385307989139,0.9927484854353836,88.29426897241676,0.5242811813342648,81.59225382306703,3.123414868040438,85.77733314277548,1.5719243471170787,95.1459196798628,0.7932452889879089,94.31356295555238,1.6892553656757237,87.41417750464484,2.3820493003906567,93.81592110904674,1.8827416297290047,93.67085893954552,1.7005819057049754,91.03372874088896,1.9881033559090473,93.31470630270115,2.3535122254866163,94.25410890381593,1.1042565796793786,80.94311847934829,1.9614176207011238
83.850991153225,1.6933132278054823,81.64558590232816,3.3886356576969,74.0332147093713,2.730802585947443,73.68305964069802,1.8602903068156296,83.8572796524175,1.3359617180697034,88.18419585816575,1.5984999039841985,73.4032214266318,1.527852786132541,88.79160771198676,1.0815442416503334,94.88887936085979,1.2674825054377727,94.58731724049223,0.9896725369841449,88.34841143935174,0.8796125879485419,82.33646329088596,2.894438773840195,86.31951292715345,1.6149578562362854,95.08439451757206,0.5848290278290712,94.38094013062928,1.7207832048099625,87.83275450556675,2.0432405663612396,93.98762309022567,1.9617546451675496,94.05693950177934,1.5564880730156225,90.68759021852534,1.6977370328319794,93.69092026468866,2.0040787704977503,94.29504494847717,0.8978184107385403,80.70216810301704,2.2966935447348416
83.82474845643723,1.9447686262437116,82.73539332266179,3.3515899099916155,74.1793391264578,2.6066966212026594,73.97195860965013,1.8782957921251422,83.83089412302766,1.8391642872277278,88.57792133546764,1.6327831794595387,73.98982391950605,1.3532108007271977,88.82717813857764,1.0573480329240108,94.84421449805626,1.0004061435393377,95.06488680539675,1.2301288851469885,88.59821632746399,0.7769380055925535,82.51972330208095,2.8369145922016656,86.41493254058997,1.6776719809612433,95.11333752572605,0.5341372527730357,94.67599474045277,1.7214812282825525,88.20203521609879,2.2164429631884097,93.7298479304825,1.8902722436323856,94.51191973473587,1.1279485946802823,90.26040475646009,2.632114338348674,93.7948776583581,1.4955817116312415,94.47261605305282,0.831846693120164,80.22767550880403,2.175081797644518
84.17682621807424,1.7382300274734745,83.40203238669659,3.2569640757120224,74.53299412580216,3.2078991772754417,73.84181113953721,1.8777964578749498,84.4126516786485,1.8038737089426025,88.84874297883289,1.4375136079046296,75.00864693355439,1.7182559376042856,89.17289579373133,0.7508648799745337,95.08725542041248,0.7081254665830686,95.40511955636228,1.0739621784610769,88.88104392070548,0.7779486084996318,82.85563194077207,1.994785233360065,86.75847185101547,1.777106172804453,95.29749739162747,0.6383092339624375,94.62718138551031,1.576416758878807,88.51244157960181,1.757246181666079,93.95443566252662,1.7730355132061202,94.62417997055755,1.0210614346844937,91.5111409664556,2.7545207314352775,94.06605971386512,1.717152661145606,94.58859176468907,0.807904369840292,79.87236840224678,2.28706960619263
84.20604293513993,1.581549594821589,83.55243975645314,3.3872685135253766,74.83663493696938,3.001193139285997,73.5527256095818,1.9681754372220177,84.76116971100248,2.144863954720903,89.0125203670354,1.3350896147741822,75.34130863562304,1.6436646930114724,89.29437155189663,0.6667753394826205,94.83177543378211,0.758182517652128,95.57785209959124,1.1468625593932082,89.04996712689022,0.6144027329471954,83.35920304147729,2.524680372735404,86.96852757053428,1.506260633168,95.1675099333962,0.8280256440620978,94.89537775490952,1.5177385595031716,88.2024126004059,2.05518112613363,93.91976102678444,1.8305962103820679,94.56493153817568,1.3991266810451797,91.71726267043992,2.126026706360735,94.3582597261527,1.6955121218295057,94.6684103707515,0.8656700017172457,79.72286539176172,2.0536020262926473
84.56113771171299,1.4802694034703034,83.65639962838563,3.4257261307299167,75.56106624740941,2.7947935486340025,74.07260773243765,2.605589484656729,84.79654112770672,2.786445997935859,89.1430000714643,1.0976165977694725,76.08718645036804,1.8585897941843652,89.39669834917459,0.7492167622617554,95.09797756020868,0.9162651370119996,95.59608375616381,0.9251950574591632,89.30579575502037,0.4972883707625626,83.4341456442507,2.601965736977582,87.23233045093976,1.3612251389129608,94.88058314871722,0.9790968053067227,94.84599442578433,1.5360543462786873,88.04130636746945,1.6665440598233474,94.1765168298435,1.6918656952202142,94.5825770027871,1.2410332277215634,91.77974701636533,2.8165694284689056,94.3137282927178,1.9388839743373103,94.70949760594583,0.9046557206377422,79.69156006574715,1.509847609723749
84.48416328397461,1.6596870813116336,83.94374249614087,3.4072772488266185,76.07841175461665,3.073450516933174,74.51617974958549,2.711440862765534,84.98342004459435,2.9052062833133054,89.40426505059744,0.9569874256261556,76.17246012234862,2.2824987535110624,89.59650677491281,0.7612572968476323,94.90152078211652,1.0613184407609615,95.4946829798182,0.9583050712343846,89.37339203018695,0.8249658971788509,84.01034817906353,2.378114930063247,87.39551769481447,1.4564943504162369,95.13035275284433,1.2439628176830357,94.68240809559202,1.5614536302307835,88.21436738894288,1.7859608877679303,94.29478017266024,1.6357945759809207,94.458864558916,1.4875113232040047,91.23063289691842,2.7291948131777057,94.45314733291406,1.6343075537241056,94.47272883197073,0.988499210028001,79.29506603396032,1.5994602649017915
84.3903205980304,1.416896911501011,84.21665737604164,3.242790224928082,75.99402541343281,3.0280404898115187,74.48851535811787,2.399263109669944,84.72321084001544,2.770104507574657,89.499306776439,0.9421234087497746,76.63307748381287,2.621985682279367,89.72885668138873,0.7645974632210933,94.89172848505639,0.9976072166782793,95.37812843931792,0.9243675509214595,89.45171018967167,0.7033239717809132,84.41075997312865,2.3963767300064203,87.61988479624944,1.5532726974221496,95.1201349284622,1.1509643809904122,95.11827680345326,1.3151906834239528,88.70360047453654,2.0127535028095735,94.33557737661337,1.5980257334107646,94.15176593342196,2.584271803006135,91.53709818046681,2.886197824066195,94.77838285951145,1.4361739862572334,94.41704901162042,0.9342907845231271,79.86378514357588,1.690412146519777
84.69869357651297,1.4308023311403335,84.59363654555332,3.2871824179603606,76.41419627797947,3.0321496833380386,74.18384265744261,1.9662991138096775,85.11248963723163,2.6334576911618535,89.61650610331323,0.7293729332696203,76.69549183842658,2.3737266799532333,89.98713587376004,0.9077248865307653,95.02244075355193,0.633930685399834,95.13507332551957,0.8470296536160682,89.47986049569768,0.8069995575041158,84.80132071696065,2.8010264939712606,87.84754581058289,1.4048005801072032,95.23098253337527,0.9269771659400788,94.9675538149281,1.3280115166508426,88.48903690574885,2.0223375135172033,94.11652039678684,1.6310105793517324,94.368085532146,1.4064514810805109,90.935650781853,3.454925481263498,94.74872073411281,1.342575627538492,94.41425345187386,1.0318520762982903,79.93453589091222,1.222155651427541
84.71634196195022,1.3993598563663403,84.8224010520147,3.2223526969484997,77.09523877588943,3.141765828965083,75.03794971484112,1.789582864525801,85.20475693600721,2.566164854135751,89.74628721716385,0.9104795026552644,77.10924658023757,2.049369616981981,90.1204957047498,1.0770226642459328,95.09669673103586,0.3759472067903499,95.4024385014508,0.7795534615767545,89.75057532053572,0.8653768944509662,85.00107202584296,2.677687005854102,88.05034233358586,1.4120176606104085,95.24234930890066,1.1841180328704484,95.09969840339618,1.3088144228762053,88.33607295493202,1.4503291155312406,94.13516101828161,1.5663316499361717,94.6418719000586,1.3234470292078715,91.21124626577664,3.0032979995378732,95.00493131887767,1.2645879788385106,94.30639927959864,0.944387539549129,80.17609811180515,1.4498138871548603
84.7833047455689,1.4648629927418273,85.1482275586049,3.1727799751683743,77.12421383647799,3.007336717355525,75.67467124070897,2.0257033492134737,85.67324185248712,2.116064894611005,89.85777587192683,0.8705272935266525,76.96355060034304,2.124993936641217,90.215837621498,1.111890401973991,95.40437392795882,0.6260845889806187,95.50957690108633,0.7274446521286151,89.78787878787878,0.862720094429133,85.34662664379644,2.528333972669445,87.93081761006289,1.0618209612215797,95.27987421383646,0.8620070938195813,95.14050886220699,1.336071895388699,88.54273870783304,1.3892197949315763,94.19382504288166,1.5291024393324506,94.56403659233848,1.277081705272829,90.5062893081761,3.528299975845115,94.84819897084047,1.470925463214308,94.13436249285306,1.157904194929272,80.35934819897084,1.3773425292684218
84.62813933875555,1.4577924910395397,85.5138009405509,2.8945290318120738,77.71923555225203,2.882284732202008,76.29740276447635,1.8098313544057814,85.14086822281622,2.129717014941966,89.7820151803199,0.6745373832782506,76.9677954230335,2.3543973393403688,90.27058705813405,1.1745210408274638,95.33012192855816,0.5115326152704807,95.54581969439243,0.9702620097982495,89.89379493703454,0.7286212882561981,85.10899240984006,2.2702352441652924,88.38691233436728,1.6144356927545858,95.22648980116924,0.9400674755008185,95.18818164925172,1.3468842327163306,88.82331079632357,1.1833940262643077,94.03936591432124,1.3238532894187287,95.02494318100601,0.7764653195799364,90.66410326048114,3.5242301564701433,95.0032161694707,1.450048255265505,94.16258094026502,1.1255450560820774,80.43368258551439,1.7395019102651967
84.63006375253724,1.4131893260402644,85.65439263558135,2.9299074925053383,78.00880528316989,3.0091001423742143,76.20629520569484,1.6581258114045554,85.4775722576403,2.282170289295678,89.90337059378484,0.8574244706760357,77.4068726950456,2.1377400446060006,90.27716629977986,1.2439385100751745,95.49644072157581,0.6322554713403101,95.68126590239856,0.8064587697916256,90.30389662368849,0.7510682914087072,85.42139569455959,1.9902630046633147,88.56528202635869,1.7364664588725651,95.05203121873123,0.9684725958624048,95.39580891391977,1.4810590613661891,89.07873295405815,1.265822216627738,94.0998885045313,0.7683245029810483,94.54215386374683,1.2977808320459596,90.34463535264015,4.10413372000533,94.87578261242459,1.650888464368151,94.25712570399382,1.3940635245172532,80.31190142657023,1.6636441229870607
84.6264133682119,1.2777913854364449,85.95651614563232,2.6709584002686024,78.21776233972297,3.2608799561809607,76.23969009534429,1.7948355094487871,85.41232471375274,3.1115073943217073,90.0590362651343,0.9427542417558984,77.56135912060265,2.4364180359039027,90.39109738839572,1.3089372460204292,95.8101405148877,0.576265141762772,95.70064468173308,0.7626099251021341,90.2485812713524,0.918410091644779,85.60672984833539,1.4526948313672903,88.76038137713167,1.451341215104916,94.89815172177194,1.459350133051316,95.11499921380278,1.8380285475599083,89.47596380633819,1.2765217988670738,94.13868519233242,0.7425604881376124,94.75234787083494,1.2199568143752904,90.2913218119702,4.404418709695135,95.21749074431439,1.361834846262855,94.22102148462628,1.3270916952498306,79.51527366811041,1.6221869344760458
84.78143404425639,1.458708501769377,86.48050202984733,2.75928190012985,78.51892618217165,3.072560924410357,76.54339870775917,1.9767187935568082,85.51317971296243,3.0584970772574325,90.16481788552808,0.6923718691397196,77.91697638515639,2.5496875919167317,90.77477271427756,1.2104002025399618,95.91686202756019,0.6849396530072868,95.76390874263822,0.8384596675325912,90.3903882440391,0.8931747050836275,86.05166104408485,1.3780805133081369,89.20521470638688,1.417094091261884,95.085482303162,1.2055719409061758,95.18282920693007,1.7689727857760147,89.83360969752414,1.2478344232520928,93.97020984618902,0.8336949652277545,94.68365829950255,1.1736776102718074,90.75976327977587,4.198197716827772,95.11450054319859,1.3396932681313158,94.29941677625936,1.3621800804447204,79.10386528675167,1.8317650371241148
84.75419912801087,1.3227598797301834,86.73833178471874,2.458406613084154,78.68858551926239,2.9622635155062396,77.24637266814382,1.750862216684557,85.95868772782504,2.8118184334792837,90.27617754270602,0.9812526508825433,78.19398184547208,2.530394891076479,90.83467943678077,1.193139922800132,96.0314487885069,0.770131043773999,95.6187549138732,1.1188971911758316,90.67929383174898,0.8444221382632013,86.56064612965477,1.5569904363169793,89.2752483739547,1.4509255950077689,95.2592380816239,1.0155935554181295,95.25366306911585,1.5536686468987815,89.50925595025373,0.867190608279527,94.06861553856051,0.8696604212644802,94.85297691373025,1.4162387994849452,91.64391394467872,3.310621054001779,95.0223715245515,1.2701447144760505,94.39882781788292,1.3509555510056928,78.97233936101779,2.049777010384812
85.05517911770593,1.458163017013547,87.07221888669699,2.431334786493123,79.07839437344542,3.1023747121637353,77.19915944763702,1.410431247382237,86.45509906509992,2.7439357853270825,90.54335706321298,0.9876161279640969,78.15593104039797,2.5754266911288957,91.17777396574891,0.9658097674907327,95.95848700574663,0.738576324029804,95.35308917288505,1.5156789911205162,90.67258484146723,0.7275475488710236,87.21302570260455,1.6495146366619715,89.26537438888413,1.3019709658490346,95.24573291019814,1.455162506246999,95.3676701832633,1.285855631631792,89.64676787603283,1.3590805652130553,93.80378534465507,0.9002355605695135,94.99428195671442,1.320594143451832,92.32238328044143,2.9171651406375756,95.3716728135632,1.032903438097205,94.41004088400949,1.1944474736483504,78.8816936844212,1.8205088811837924
85.12658499278086,1.339969306718987,87.23986104956185,2.230295407531426,78.77875144740038,3.4009457409719035,77.08132603319372,1.5971575176231436,87.01585350163681,2.185005375641811,90.72863208154048,0.8742616740217949,78.97116635455235,2.566400725309857,91.5510414135205,0.9234637041250218,95.97529769988422,0.7787367289359722,95.7697311051706,1.007481217622238,90.95192486383715,0.7293513302009217,87.21098451817649,1.6443900034224987,89.50223721641675,1.1616280304499194,95.23637299329549,1.4634085780407404,95.38232813460465,1.2747682249678778,89.85504553057052,1.549441232464365,93.89504381513302,0.9647802979884141,94.4605663802839,1.720262894361763,92.11713579117409,3.450912854515799,95.30055894672137,1.0803396633417335,94.45570597401112,1.1952394871739191,78.37905450802683,1.8668800606370395
85.0873456084172,1.304917939831373,87.08257090576396,2.3570173285308433,78.77473124428181,3.1212319942479896,76.87728728270814,1.600056000653027,87.26355215004574,2.0894859017065324,90.98081541628545,0.7950866436314213,79.03962717291856,2.460915487215784,91.82939730100641,0.6835401829206681,95.91505603842634,0.7317568476222789,95.86416399817017,0.8528369089680223,91.1505032021958,0.6606224879557065,87.43223924977126,1.8338982255930545,89.63646500457455,1.217155310573133,95.6771786367795,0.7926983242335947,95.36167657822507,1.1503820533900333,90.3831198536139,1.5861079025607026,94.0600697621226,0.87751711066924,94.65347666971638,1.2821652238899797,92.61236276303751,3.0982879858949084,95.43973010064045,0.768460827776054,94.26663998170173,1.2248488999568676,78.20405420860018,1.6614638274647233
84.96776314848964,1.340049802613353,87.20247030063902,2.3664707129919478,78.59430172549358,2.9135147333160147,77.22291318208461,1.5717571574369016,87.00018584437677,2.092117368171063,91.23557919114809,0.6663305469561285,79.10494488999443,2.337235192420602,91.90847879229747,0.7634762290915067,96.0406570313505,0.74829032796186,95.87954425240524,0.747512057088328,91.38025189060913,0.7495245991013341,87.21690897914254,2.019145554780873,90.02244428242628,1.1647501012784365,95.62650998556131,0.7320188404062674,95.27369158410887,1.2176649380143942,90.60985547025774,1.72372211887563,93.92145930722936,0.9371686545812541,94.34018098383153,1.7022322344314536,93.05513859701792,2.8332203820031534,95.28069648754128,0.9991772042419186,94.44797072236281,1.123728091411175,78.00360252176525,1.6352839341975787
85.29106504646177,1.3706523859336552,87.59656897784132,2.383540251765887,78.98384560400285,2.6710918383815,77.43045032165833,1.5079534841770141,87.01872766261616,2.2540927056222797,91.28277340957827,0.8354852682961746,79.27033595425304,2.2932904583843943,91.97083631165118,0.9644496385884742,96.02344531808436,0.7649798311345425,95.90650464617583,0.6391318738505346,91.42244460328806,0.6868075738654795,87.40171551107935,1.9258510731535106,90.11593995711222,1.1844697576126864,95.68520371694066,0.7756373796894022,95.29864188706219,1.1399964459573888,90.63230879199428,1.681668333960152,93.93652609006435,1.0006486652304019,94.55353824160113,1.559678780625663,93.55296640457469,2.241999629975929,95.08863473909936,1.3274007164265906,94.47619728377413,1.185620069441503,77.93023588277342,1.6112680012161282
85.40007719910221,1.196053447566966,87.80254185192068,2.0910580490846895,79.14108850734107,2.330864751179849,77.86544482408611,2.056058413102995,87.58209552674091,1.902222863744451,91.37228552230911,0.80282005464538,79.61400448898483,2.480920914705921,92.01746987090596,0.710850696154926,95.99879912507683,0.7398953227160483,95.64911578435718,0.762912868950439,91.59273184748888,0.5563644600085665,87.89603854236658,1.993889020950934,90.10135956196658,1.0812954291997465,95.48957097313756,0.8852225595079931,95.11129537234271,1.0154538649844849,90.64446954209497,1.5175862154629098,93.92643211482651,1.1972023841269395,94.82737422979598,0.8054934455468042,93.5245678994696,2.331428757917028,95.33588757523339,1.0261057168984467,94.35331455774921,1.3208194154895654,78.18324779482195,1.321198373377684
85.33024532509864,1.4230667509287873,87.97735460627896,2.2597452239033933,79.53494024132212,2.2713905673136026,78.15648767655973,1.9890517822235252,88.1194601704123,1.9808456185172267,91.46222908446275,0.8618522409339491,79.8923486018185,2.4906479095925675,92.11514267741751,0.5883211900347992,95.99145079201693,0.7577579040762328,95.55341110539257,0.8840083911535278,91.6029050151541,0.6084017386807427,88.2482701435352,2.062579533283153,90.23345914107622,1.2553943707420712,95.52210213301309,0.9025625451408422,94.92637387773775,0.9495935802324839,90.73669011265513,1.7020919708548463,94.25115800308801,1.3771908792599383,94.87304855035168,0.5215943897394903,93.91762452107278,2.1285309361953018,95.54640590152684,0.8087083451019226,94.33178932921598,1.2032338622330945,78.02424658317607,1.5439161129555368
85.42753799305187,1.1450733305469945,88.071539880195,2.294706193832435,79.94424349864899,2.5715454394650505,78.17733426737388,2.113230207608275,88.57849514632508,1.904370772554004,91.49055713611735,0.7337424550088902,79.47560295652423,2.9883012272668847,92.13089910932561,0.7104038605363264,96.14236493344961,0.5399108465302158,95.27485095858292,1.3629913195401535,91.66468897879824,0.8285440749760059,88.68328877578737,2.142175747538558,90.17699115044248,0.878128618862134,95.54791484981487,0.7718220411078116,94.95060545841852,1.261680598183613,91.2092012523768,1.8053558540629369,94.28352895763935,1.3308609889025589,94.72715055685019,0.8314527740547882,94.19703489785122,1.835721790020297,95.43096916236577,0.9053004687085918,94.10310663788297,0.9534490353988261,77.88811528728895,1.5676755793642019
85.55528550596175,1.1379969157487417,88.26966517027422,2.3055633471836297,79.99056414948676,2.444872741334356,78.20561576072971,2.0239736357098366,88.8192319789552,1.6415013825255662,91.56377777142367,0.6978207404840826,79.81485717553542,2.7761852439176637,92.18654390529836,0.7091158109939422,96.19377805735853,0.5220214738526585,95.33440082349242,1.3795272965189866,91.74205815915136,0.6121255242873942,88.72430160409458,2.1182037021038562,90.3735738998656,0.9462418158933493,95.62233723157863,0.6695456539944782,94.84716781517169,1.2051085692736236,91.26754925228035,1.7284475174811198,94.22768993223345,1.3963259914996538,94.10059188516854,1.5517179790340092,94.26300288794214,2.0374923508153544,95.53426929345495,0.7855425401055116,94.23483830383438,1.08768740005051,77.3772624596117,1.6247653370223736
85.70505397097722,1.129474098442991,87.61841446851096,1.8315539456894896,79.74780184430624,2.173997556766402,78.71942240331688,2.2680658073781745,88.79262277503753,1.8086940652168906,91.60640503252557,0.6127330320395243,79.75509328758311,2.732876029176773,92.26906855386373,0.7151507541258012,96.16498677532347,0.573751737417615,95.51233111730647,0.980875732424894,91.84473514904568,0.6692421788510313,88.8466652369719,2.3779186630388653,90.40660518979197,0.9748695233107418,95.53677889770533,0.8182533689836087,94.66252055186217,1.229666167852649,91.53034527128459,1.5969899676167594,94.42747873329043,1.4928667102319868,94.26406462220316,1.338509829832187,94.78661805704482,1.1970487256648241,95.65687325755951,0.9420854914084967,94.13381942955179,1.0416661147408692,77.04096075487882,1.7221324778216385
85.97964085554159,1.0086448117879576,87.59750657668994,1.8606604748470672,79.88304929658014,2.129279432404219,79.29086126043691,1.8244028476030745,88.9575946471463,1.5727802019049535,91.65246482900605,0.6838090910072364,80.2742193755004,2.246450763267015,92.49442411071715,0.618069386929502,96.19638567997255,0.6136164421039029,95.41347363605169,0.847809059014147,92.14929086126043,0.7079881103951309,88.81762552899464,2.199975787755128,90.58775591902094,1.0452274312537349,95.49210797209196,1.047528433673938,94.35248198558847,1.2184261521803268,91.607428800183,1.4681553819634636,94.45656525220177,1.429465128821908,94.64485874413816,1.187728741503077,95.24405238476496,0.8557906051505506,95.86283312364176,0.9361001837888715,94.20693697815395,0.9648996210361289,76.82002745053187,1.3388757292529987
85.98901963027038,1.077060398758007,87.97420756902048,1.7770655631253964,79.98069856883463,2.483882775603345,79.4109489155455,1.7700076662860966,88.73983100524714,1.3424610216187454,91.83949787684259,0.7905980596807554,80.57875698783295,2.837102419018262,92.5705217105357,0.6044631470256129,96.21220136396781,0.6781638862929811,95.45229687030869,0.8309843961160496,92.28142916374762,0.7657366186031118,89.13343722745664,2.1615584160402275,90.46480705717514,0.9578103724628819,95.40182720215032,1.2118868837771157,94.33638820182148,1.178965255189438,91.81976752498461,1.6122147247037812,94.7524412736085,1.2075256490075317,94.52282572952262,1.0882199610218508,95.34235019944812,0.7955648452318591,95.96199762663883,0.8584316747702079,94.29692749810559,1.002164210657401,76.91005533076934,1.3707235525860142
85.93262989334019,1.1382744254093693,88.041091189843,1.7051979862243218,80.11223585256354,2.467234047555197,79.54662434588658,2.007580003584019,88.73352206113637,1.5755974317409747,91.94418232249579,0.9183097940360827,80.73975579766093,2.735799766540267,92.7182522661634,0.6010178290312711,96.15438506190843,0.6569184038453675,95.52100311686827,0.6666169471513903,92.44230934202623,0.5769472386543134,89.18818449572504,1.9983688045103478,90.65053901804353,0.9609613469698453,95.53258414114552,0.8173694823909666,94.37176517686082,1.3861191755145044,92.12704812558977,1.6714619432646964,94.85630951359697,1.0824900763471306,94.70132395413343,1.0513366991736546,95.36873409396358,0.8607306897306186,95.94778530782648,0.8340760750384048,94.18875639815846,0.9200495950933206,77.02539246804494,1.5008434277855653
86.08741653679529,0.9783715781696818,88.24623611329548,1.6661283522382953,80.30754493072732,2.488792039065544,79.7220514433594,2.1237318548509903,88.88220071202872,1.7516366578432803,92.01598490155989,0.768026776298467,80.73762170972677,2.770780677535805,92.7307301868718,0.6911161123924581,96.1357429833717,0.6052897919878114,95.37109849730486,0.6251140107451649,92.23459773237444,0.4944752664402116,89.44910710455957,1.8181365948511492,90.56490470539455,1.0741447726910118,95.58856750689867,0.6464235196056033,94.58128994438171,1.391546697952909,92.09147710212893,1.6604437524265963,94.72684119472126,1.0371353820092848,94.77373786477173,0.8668545475371854,95.65719678014327,0.8544847892646537,95.88610400194449,0.8376509137627787,94.41357715789022,1.07743936723823,77.49531748187759,1.376288654345511
86.08721761509867,1.0319184981193072,88.21461252502147,1.472538735474547,80.3818987703746,2.453488641736774,79.71432656562769,2.4532494390196575,89.24449528167,1.2456254973675043,91.98241349728337,0.8647234877703451,81.30411781527025,2.4626709804149254,92.70260223048328,0.5494342709367527,96.16728624535317,0.651668206452297,95.42779525307407,0.600345442321311,92.27895338861882,0.48609036567801667,89.60809265084357,1.898303636033399,90.6584215041464,1.0374836268369068,95.69245067200458,0.8104073705463919,94.53074063482985,1.4050458184527632,91.72790963683157,1.9254989568669945,94.69273663139833,1.011475898634951,95.1289676865885,0.6344641845395806,95.69345152988276,0.7886008856543569,96.04661138118387,0.7503369610181276,94.42250500428939,0.7738621918539542,78.22090363168431,1.4872351990671406
86.06771615264731,0.9238396407236149,88.37472654741988,1.1906666089986144,80.41707773917271,2.23426696961866,80.06091022176469,2.3745306956980556,89.66756745163642,1.2883937372114065,91.95341654870671,0.8150433459182843,81.1372767697565,2.3305223109252395,92.77456068860006,0.6136882936084811,96.1273395387409,0.584426126922533,95.36424598578762,0.7521991509350243,92.37221006877422,0.6095815884290509,89.64283161040335,1.61850847675638,90.8214301033758,1.0446325078721301,95.65435593874665,0.7174108118261723,94.45445316633068,1.3955287863584052,91.66373554097143,1.6402969860551853,94.53609574057393,1.049901830968066,95.10902357768913,0.6946541105307701,95.76202118989406,0.9326945682703952,96.00108666123336,0.7914828643524553,94.43600852171178,0.83343643642891,78.08032714222392,1.6189175700521408
86.09425491149304,1.0285656066312374,88.52412136463724,1.3139758692256434,80.64657267865825,2.346814195276234,79.92521948011095,2.6384969980910538,89.61208498956219,1.4557845456479166,91.97446309588493,0.762058360508661,80.91409534158826,2.487869226389764,92.84895192885128,0.775275187164707,96.11813320369471,0.6101882095289494,95.37704824272927,0.6224082053785746,92.56355629271641,0.6072309270217324,89.839715176299,1.5399100734791737,90.87363093025252,0.9650040839245787,95.66830621407533,0.5298425226499683,94.60207612456747,1.3614064025473898,91.53721867940178,1.7448362447977952,94.67399696874375,1.1257861663353312,95.0772112442449,0.5624083045529915,95.86390803282907,0.7745454368044287,96.01890245646146,0.7419340459719326,94.24819125511166,1.1141461451173478,77.87769166976466,1.2677428902485544
86.21216237470865,1.1172581553456198,88.66079471524372,1.5176618726621602,80.87464432274763,2.4831035556150556,79.99857014169896,2.4052486437727465,89.56074752991978,1.480527436384365,92.1566552754622,0.6283833399699752,80.75153352302786,2.0888934742534104,92.8345510959864,0.7414788137410679,96.00826458098003,0.6405050379219432,95.2821825357107,0.6151559674148919,92.7471867537927,0.762539879411371,90.02402161945751,1.321831027354034,90.99060583096215,0.8505545365287978,95.78949626092054,0.46375709895873674,94.72739751490629,1.200198434576213,91.86639404035061,1.7545592130779937,94.70251798046812,1.1454322475451166,95.10001858815792,0.5352169721423999,96.05888156483692,0.7885307622124753,96.08461901425568,0.7734111480773939,94.33432946794974,1.0186052420248475,78.22783362168809,1.1963789058698935
86.37797414779227,1.0412180376062574,88.77244909631662,1.644696166253133,80.79343971631207,2.610329873443421,79.81011210249372,2.5340849135649135,89.69772363303592,1.5059741993557498,92.15439830702356,0.6155618702713958,80.98204072294668,2.3844603439307384,92.93196636925188,0.6337936373508619,96.03623312743079,0.6943657999315187,95.20747540608555,0.6578088910398243,92.75980896819951,0.6431032066074438,90.41795355753831,1.3596792183738373,91.11988103408831,0.9893823193458863,95.8949611072981,0.529284813680755,94.59319949668269,1.3430072546652534,91.59074010523906,1.58038676264233,94.76936055822468,1.197010325193038,95.05547929535575,0.6558325571327221,96.06397277510867,0.9598057329989073,96.02450812171128,0.7561046978839879,94.09831846259438,0.9394482259442903,78.21508236101577,1.3998641819074702
86.4690069350111,0.9286962327050802,88.6884964609995,1.8748930737906306,80.82748266247229,2.8273124527762805,80.09394437692143,2.6446459326266996,89.95567312504468,1.3299295909637339,92.32258525773933,0.5880199606404521,80.90884392650318,2.300429730555636,92.98906127118036,0.6310676504798146,95.98141131050261,0.6443869543535589,95.16965753914349,0.7019612232909276,92.75856152141273,0.7889864612566774,90.08179023378852,0.9682436603787322,91.27289626081361,0.9998274070995776,95.74647887323944,1.0937618582066513,94.55951955387145,1.2247842074757962,91.6122113391006,1.3454968464969819,94.70265246300137,1.2378362455813339,95.09401587188104,0.6401574204431698,95.97383284478445,0.8267298377331331,95.73747050832917,0.8070518755246219,94.46028454993923,0.8176347629778596,78.12182741116752,1.4142304812642217
86.50141562044212,0.9710096593681073,88.81788543483859,1.694997625774566,80.79732319043669,2.916312938283567,80.32716561329254,2.5883830857631307,89.89389996282209,0.8941531609410249,92.28215174307203,0.5548055766181439,81.32396259330224,2.2497245591504673,93.02699688277518,0.6004696357160139,95.8549489518689,0.6862567960592353,95.23936854748763,0.7289693433102025,92.87714130465869,0.7794906407993754,90.178310978923,1.067337851646237,91.41590642605885,1.0406954343235633,95.6084308061887,1.3014309407211029,94.4856579060257,1.274600271978189,91.76180398661596,1.0661588701082276,94.89518689049676,1.3085207034591155,94.94065833500159,0.9733480519880413,96.03183001115336,0.8831736212811686,95.77315754854578,0.6395012447503713,94.2605885549232,0.9017492728241598,78.12866416907369,1.2271492110129907
86.72372127607852,0.8199614227427197,88.89522828993465,1.8383428363013645,80.81835471093761,3.1387892379881683,80.39423448157523,2.9497240278957304,89.4587676776343,1.3317473213048299,92.25844737105514,0.5614813926979529,81.39933936768051,2.0829225090140535,92.94796448028828,0.7070862290462616,95.88263051778132,0.6348612557069409,95.34826190782606,0.740537089295392,92.96969956958803,0.6051712718709986,90.48517867101367,0.9858372413351015,91.6744598401327,1.081943176570265,95.64039866729584,1.0322251674476308,94.46412995295496,1.2309394359833752,92.0395235439635,1.2985082706287796,94.90026167903565,1.3646545684045113,94.96389401284087,0.7786300031955419,95.99673973660502,0.902132008319278,95.8122774655742,0.6647834979985716,94.30697953755738,0.7442755177874644,78.24460555102742,1.2283924086952185
86.83320940342045,0.785670288428363,89.08525424698277,1.956958061732462,80.4870445575702,3.072533859849583,80.16601841789165,2.997437212536327,89.95080935766171,1.2323751634788274,92.39561288108447,0.5115408549806282,81.90871131956757,2.4982965004512936,93.07341417376881,0.6928059024274754,95.94134301893268,0.5738586977959871,95.27112051707374,0.7505118943971552,93.10215638048389,0.4009772522392629,90.64176628725048,0.8861619448140498,91.75913744780645,0.8219293233618818,95.60330034891037,0.7849485807208634,94.62334839558426,1.601393769228501,92.1765429274152,1.2112936386118431,94.91019847852199,1.2567432009130428,94.69713435909169,1.2007420744095265,96.1961619859292,0.5375561719508543,96.04973402734083,0.5199668611377254,94.5498484241835,0.8241023213380423,78.4065949779786,1.3236294405747178
86.84674893823913,0.5580454929985303,89.1294275786132,2.108192347268279,80.74773705509718,2.674647914406787,80.27169638643805,2.854400635973024,90.0480473609701,1.2003034545627025,92.52849237105147,0.5378756892414671,82.01384221589852,2.524336839662932,93.13780726716334,0.5835530752504565,95.90238949821966,0.5754401425277075,95.3095193833922,0.8372443882510053,93.05629835123192,0.5922734718394328,90.89316612089058,0.855026333987928,91.56182522772448,0.6496963856778535,95.60080650927341,0.6966024915877973,94.55820737584189,1.554106100123238,92.20946361413392,1.4973445501289122,94.7559737455492,1.369323057374846,94.9257124880239,1.0895657955574025,96.20239950808654,0.549812736442075,95.99948520684674,0.4662493283481933,94.65945002931461,0.8399312071939458,78.45018661251804,1.2904906128404154
87.16416416416418,0.7236698670917776,89.37952237952238,2.114769105938818,80.5998855998856,2.76362560650142,80.32818532818531,2.951562390615753,90.28213928213928,1.1230395940231164,92.6161876161876,0.5066534620430496,82.33118833118834,2.239186432030781,93.15272415272415,0.654871040145103,95.85871585871585,0.6214582865650917,95.22436722436723,0.9178580225404528,93.06163306163305,0.5615712295552293,90.85356785356785,0.8589152023051597,91.56170456170456,0.601985917073421,95.62147862147862,0.6565087974187215,94.64564564564563,1.4812451604178365,92.37523237523236,1.3553186618487638,94.76976976976977,1.18619928799553,94.93350493350492,0.9880900118424288,96.18604318604318,0.6224838930872113,96.04261404261405,0.4226408840924586,94.73015873015875,0.8544264647191326,78.22465322465322,0.9872345542008522
87.0584449942084,0.8452574819522156,89.59087074032232,1.935372613472158,80.67296829641495,2.9874178251345813,80.29973258590857,2.9508775598089176,90.47062020048907,1.1030421276988511,92.70903344821177,0.46796305254789655,82.15060990433155,1.8183000589532086,93.14662014328819,0.6484376618083283,95.83820732457207,0.5663327367869935,95.34999785496719,0.9221665595430921,93.13317793762245,0.5272762160711182,90.83470377096769,1.0380725327577016,91.59590441733758,0.7449597242131958,95.71551144732514,0.6120485123556612,94.57535500293156,1.4098050691038528,92.65826767149538,1.390711827675494,94.58936921734903,1.3752677660052133,94.87866264353845,1.065137289637941,96.14780706144803,0.6917019821512277,96.15038110083084,0.4840762414715875,94.70405697207168,0.9546895468087239,78.32129731584892,1.0700809004925005
87.03180414140259,0.9605108371418376,89.57985356366548,2.1308434201751503,80.74161995195058,2.6695660049695618,80.36766388285093,2.5383712377643337,90.85259123670062,0.9594584865726178,92.63814208900584,0.5685370641153321,81.99419402814324,1.1355224889105338,93.23675780803111,0.5445954182500801,95.74905617206268,0.6451140157517057,95.19906189223202,0.9238703883752514,93.13951492964192,0.5545589836780231,90.74190596041643,1.1730376685353308,91.60007436220113,0.7920922877384124,95.71959730008008,0.8299665078840223,94.6020192197689,1.3724079875521193,92.4123384052168,1.227051393424514,94.70183617435075,1.280647810463855,94.64649353620868,1.3905064515085463,96.23627159363917,0.5910409927396552,96.10513671204669,0.5123541320083146,94.63777027800023,0.8996509950403607,78.65304313007664,1.146431186080417
87.12013957412731,0.9120924826115547,89.69496760907805,2.133912059876871,80.77609507057359,3.0382551945429497,80.24168060977877,2.4988035095839103,91.07726629199021,0.859473964827874,92.64275601698915,0.5418156856009838,82.21116307005877,1.0667621913683327,93.3171736239221,0.5132564647623531,95.69794213965993,0.7164911522482301,95.22230325911308,0.9941506910532393,93.27884794142462,0.5771973076167314,91.18351995652608,1.1530406415203531,91.73280707023038,0.7394340086763861,95.52776466886897,0.8200658944021479,94.8158794171064,1.128362026498161,92.59270381969769,1.2708386359031283,94.8370443462468,1.19293743060616,94.72621448081568,1.326616573899548,96.2689662076165,0.5791143359470787,96.16857580047765,0.46120081148825237,94.66515080012013,1.0271901638135492,78.50930255838232,1.0393852904262453
87.33232274118355,0.7672731722738477,90.04776477991018,2.099406682545009,81.1709521494151,3.153106207168848,80.3512284414953,2.6876050112206364,91.33984497897777,0.966588389327558,92.59316992248948,0.5515317843437806,82.29985985184338,1.138254262782031,93.41904298830192,0.49994646175951596,95.64267940394132,0.7382181753019375,95.33635557589453,0.8759003420859844,93.23041501015359,0.7485572699216895,91.33998798730086,1.1993529581548363,91.83965906815777,0.5492256198871394,95.53971341132053,0.8058115983807944,94.93736235448903,1.0217542772049666,92.88676600978177,1.2823769318632559,94.89217172439434,1.2661634288932595,94.66936475702887,1.179661129094063,96.22729742871036,0.5767192340689778,96.28993507422133,0.3957679056601501,94.64719846695077,1.1271362267426739,78.37814260789978,0.7918948336903381
87.42853056846621,0.6514307352711111,90.09009653199855,2.2195146723758437,81.39606721487307,3.028722374027428,80.56632105827673,2.7162252557414694,91.42981766178048,0.9518276458727931,92.69831962817305,0.5279252683116699,82.5092599213443,0.9564958943479831,93.42638541294244,0.47816910458498396,95.58655702538434,0.6580955681678874,95.35702538434037,0.7790708720277834,93.03496603503753,0.8263069403667608,91.28766535573828,1.239784992525644,91.83239184840903,0.7119911039771469,95.55352163031822,0.6315791230041334,94.84833750446907,1.1402183656887699,92.7111905613157,1.2175395890407414,94.94086521272793,1.223718788324101,94.77440114408294,1.1458807826295396,96.07379335001787,0.6701338897510793,96.27786914551305,0.4908386058884546,94.63811226313908,1.0668483466682397,78.59678226671434,0.9767827585240247
87.3226646072879,0.6894670577169543,90.18677421200161,1.9373852963235356,81.43727475544878,2.671601709540037,80.72693209770608,2.432483275372128,91.52494136491048,0.9984307866882942,92.72724672501573,0.6185749630614827,82.77587094559809,0.9787299406483758,93.4072707511012,0.5250174248922606,95.65370974200559,0.5007225688148853,95.2502717235856,0.7563166022004701,92.86668382815628,0.5657432437299471,91.26637492134316,1.3476410305002016,91.94239459985127,0.6298104320955369,95.75024312110291,0.5273611397866114,94.86957267890854,1.1908298027591406,92.95249127624277,1.1791403325183862,94.93049596704995,1.2448874987482976,94.79005777701505,1.1789754625270417,95.96576282821349,0.7879694448529659,96.39537211829987,0.46533182541627693,94.64161089182542,0.9848285459844511,78.44688518963446,0.839438963346569
87.31018405960843,0.7692384542220132,90.40716216409479,1.992455574520193,81.56300501980752,2.483577087858275,80.76784462909202,2.4030306366332286,91.76065100181629,1.096457225023263,92.71756074539135,0.6437800110451254,83.14517397708906,0.9421505988951119,93.39072980278306,0.3805577932401773,95.66408763926033,0.4942041706047442,95.2173104700885,0.7447700354048201,92.977131988044,0.4905959621941598,91.03099123321368,1.081185562615801,92.08515080874676,0.8029484475224155,95.73201950717218,0.628093403503286,94.95201864908543,1.2823475879191568,92.99200549175521,0.8238876162114176,94.91869628019393,1.3204920805452653,94.50938889921771,1.710381513732579,96.02491311871631,0.8274998130737955,96.44380246842955,0.5514245858091338,94.60763983238705,1.036099089054655,78.83500421892653,0.9684613072271592
87.26566745802467,0.8598076697925497,90.37484625725808,2.105887253527627,81.5105403163525,2.356860247730959,80.7974600268871,2.3132582265077484,91.86450616401135,1.0564336422384948,92.77780955922313,0.6069022761581395,83.3340007436858,1.3523962774411842,93.3455850805183,0.500603711416903,95.60495981236235,0.5553614449272083,95.09210262864335,0.7631007531951586,93.04853980149309,0.6460095859115782,91.08263493607163,0.9752443799414848,92.24078258631046,0.8719492825757048,95.72967020394154,0.6242441704626358,94.97683132633506,1.2780425731482588,93.1928434541346,0.8328861887876498,94.89531191899546,1.3675113756484873,94.65504419209978,1.6812527820545722,96.0291467635365,0.751120514700316,96.49352135236406,0.6607095643925678,94.39933068276079,0.9966626032820557,78.53179256886244,0.9308454151214177
87.40721671600807,0.7435834091771327,90.24170134866492,2.0839473714255865,81.53845053703465,2.3680260002123843,80.84981622116388,1.977229558969463,91.82806309978403,0.9172571243525638,92.92730367128615,0.5595067899987148,83.49265599748287,1.2009689990677022,93.32375109051644,0.5274404857671511,95.47303385249066,0.6496512884989473,95.17298093562735,0.7208556134844412,93.24523390683771,0.6665861235869897,91.09409190371993,0.9988236620311272,92.25254215471747,0.8446355031545356,95.66439267172953,0.5929598908373365,95.15853606212725,1.3323832208212034,93.00195935412822,1.0549241428309324,94.90410606255634,1.3625908622983525,94.58903619799487,1.3634245993728118,96.10031321062343,0.7196312122449513,96.49118290642295,0.6444439327981241,94.35791822199339,1.1092010120250186,78.57410506142648,0.7439804600452792
87.4854118993135,0.6496605011365616,90.51558924485127,1.8475420441566952,81.3403890160183,2.253429771113118,80.82680205949657,1.8750329948118643,92.00185926773456,0.8376959454318541,93.0629290617849,0.5055769738049023,83.38258009153319,0.869926798487877,93.3774313501144,0.5319121285003141,95.5437643020595,0.6355442597350309,95.22954805491992,0.6717025088804204,93.3342391304348,0.6458386471841224,91.06078375286043,1.1666515348197153,91.97511441647598,0.7084787582921719,95.55592105263158,0.7239108739789437,95.08223684210526,1.3605597007840349,93.14502288329518,1.1032340227488713,94.95366132723112,1.3462312468530406,94.6674771167048,0.9601144683058923,96.0296052631579,0.7649645941127,96.46395881006865,0.7293523671926575,94.4274885583524,1.0902943245440293,78.50014302059495,0.6171132507540561
87.4686422860739,0.5391531669858316,90.5384802414222,1.827697419584826,81.18851814242194,1.999484831839224,80.76931878316338,1.8527937446777987,92.25775540268025,0.7925395564438024,92.90007008109384,0.728041098236678,83.64464594745348,0.8023114408816009,93.39221098699926,0.6400286173081031,95.52353437549165,0.620590860908427,95.16869520445088,0.6347785632308764,93.21386175431573,0.7777422852743889,91.10256153549106,1.0266449660968355,92.01232855160971,0.6242765251397472,95.48563337576338,0.662975028492015,95.15854059697651,1.3267575165952399,93.41023183970023,1.0246400395977662,95.07029562779788,1.395518127905248,94.82758620689656,0.9102678734505157,96.19073499334947,0.7269451805195432,96.48922324403955,0.6009824457291538,94.5672850012157,1.141976854192286,78.55775969335946,0.6813814744352812
87.48491089562059,0.403677415392215,90.71869904745559,1.9628319449675138,81.31740038330615,1.811869695847162,81.00217397522813,1.843174112003463,92.39609256557682,0.7655410850989309,92.9424468663291,0.7404141560932057,83.75039331788666,0.7777237928857547,93.47564289596384,0.6303635329684029,95.46468720501159,0.5998571961829043,95.19751709145,0.6935867976094354,93.23021253468349,0.69931760463518,91.30023742097886,0.9756502211946705,92.01922251780658,0.5681303481690727,95.594982694013,0.758936599237182,95.07723333047285,1.3779343638908106,93.15955833976946,1.0721726227756545,94.99070339540603,1.3963811768276453,94.98340913641694,0.9162541939344009,96.16021625332533,0.7588820432237755,96.5129151291513,0.6051862577177799,94.4868274264138,1.1011466864412054,78.51182814153722,0.7142388333004164
87.64549394281792,0.5322272219531933,90.94941144499907,1.9135025163097956,81.30039904458143,2.1475813874378793,81.12204471015632,2.1511622182996537,92.52127522633981,0.7491372254251599,93.00041477752191,0.761035132531666,84.06825235636539,0.9339446260134517,93.47712287426519,0.6206935674669842,95.49537308522964,0.6119713401439084,95.16598252213339,0.6377769654828621,93.31535964071685,0.7811708564868486,91.57543944963314,1.0396953028823306,92.01038374072114,0.6159198227702248,95.51310839995996,0.7815825149190421,95.07301514653088,1.3795185628835887,93.1394367607306,1.4146875253736826,95.16340804096285,1.198808941200348,95.2991404093425,0.7188569778123027,96.0397328260652,0.9224220624351016,96.4822575339331,0.6807986041244833,94.4594304675544,1.1487712278366922,78.64081696869145,0.774638390585424
87.61613936724068,0.5320020890219473,91.10160764345787,1.8122252051140202,81.55472281022942,2.171887326925711,81.31715201098461,2.383774523881122,92.61914297156588,0.7465083372709486,93.07654900165912,0.6373748768944236,84.17472395445962,1.1874045804047493,93.46315578694434,0.6118315881867534,95.42350820985183,0.638920306887408,95.10755764059728,0.6566283402646854,93.2692087648035,0.9213690146135609,91.59977687510727,1.0263439410691013,92.18161794152984,0.4559370897112846,95.58942159162424,0.8692843966601296,94.98212140282624,1.4447063516221947,93.2431775273185,1.2553932372699215,95.15633045368727,1.2135336019673368,95.21926311573888,0.7085187861509302,96.09974826935178,0.9433114813502415,96.53898964471652,0.6304746146391237,94.42044739401568,1.2411104069151897,78.86635391040677,0.73697908930976
87.67331759994279,0.6897852707261515,91.12193377672888,1.8933591909491858,81.74039905599656,2.0657132041632877,81.44089251233639,2.3884130559373147,92.84860187370379,0.7607979967105694,93.1551169276979,0.6766549853961955,84.28835013945506,1.3153859492086066,93.4880926839734,0.5523989641213229,95.40184509761853,0.6357844133323501,95.09690338267896,0.6593128319641629,93.05356504326683,0.8277388370551351,91.80447686476437,1.0266131264650995,92.25273546449259,0.4964534763181687,95.69219766859756,0.8570573058352808,94.97332475148396,1.4442283652186696,93.27039977115068,1.3497460402421317,95.1561181434599,1.2952221244788187,95.11077737252377,0.7828838977955341,96.24744332403634,0.9000083589965386,96.49345633984123,0.6514526281658735,94.47357505542443,1.6697113213975276,79.0784524064936,0.5960522070158145
87.84163400749492,0.6638350069825614,91.1601396000801,1.9535841695152385,81.79749406413593,1.8897756243025576,81.4712360900535,2.3819666788804468,92.8879766570358,0.704454827450154,93.02557427696884,0.8413714328428372,84.87184254941785,1.299921091183704,93.46325485596591,0.5655243441493029,95.3940555539663,0.5333514443850387,95.09368652916442,0.6460507636875944,93.1478673799239,0.8019375278915446,91.93966873587551,0.9917388067366808,92.36705094830792,0.3602732221210376,95.58128557942615,0.7019405771040064,94.89630117000888,1.5400006724466824,93.46339788883486,1.293425284196773,95.17450010012301,1.1649805556604202,94.93477701175729,0.8582241630729749,96.14254655719886,0.8629436143347834,96.55104843092943,0.6961699494589868,94.34362216437337,1.754463256228212,79.04883142146066,0.6023975949523915
87.81127973338292,0.6550734416479952,91.20921716991117,1.9791172613515047,81.57152460915708,1.7609826998953668,81.62773733068242,2.464192726732074,92.94251426773273,0.6520332370218037,92.93879535994738,0.6901193922317131,84.86204282465351,1.2769915276949348,93.53239025646161,0.5619623369643418,95.45063149914894,0.5265574297439791,95.12293850929012,0.6902329254487978,93.24746470613479,0.7616698392363176,92.02723384778224,0.908902420526655,92.33361463533248,0.5491020027732716,95.69336174960308,0.5889087910009346,94.96416975383691,1.5253190000416395,93.81216654985482,1.2509890317997217,95.14811265429893,1.134959372404837,94.9736100582152,0.7740238831559016,96.12475505270837,0.9337018725621267,96.52139087151174,0.7748052279298399,94.21194913678428,1.7017499508637173,79.1320641368558,0.7985684769431046
87.73958690925735,0.5297279747464998,91.25014303696075,1.9053326180885606,81.87535759240188,1.641249126578613,81.96146584277378,2.3260548515515933,93.1073349353473,0.5657225900611403,93.03681771369722,0.6470466128111291,84.92819544570315,1.118609941012782,93.46149445016593,0.6749385990376632,95.42281725597894,0.49693065862829133,95.1739329442728,0.6467684715073594,93.29056528206888,0.8592667404223412,91.83802494564596,0.7750322262923567,92.50042911088225,0.55445393682479,95.62921959034215,0.6576045673604192,94.94893580501201,1.5233867506483465,94.02634740817027,1.2378357841263412,95.05921730175075,1.1707464354873984,95.0759526261586,0.8889130292705955,96.18334477629018,0.7438364947814167,96.5001716443529,0.7989086893380718,94.2593546172331,1.6578350533697301,79.30069229889003,0.783591158906723
87.8442591294646,0.6257886414375164,91.25545336213185,1.6734062667140592,81.74993920842215,1.2866394515095074,82.00912588862982,2.213806181475117,92.97535437913919,1.0323708889922687,93.01168628685042,0.7888979753596076,84.9890575159846,1.2214099110158048,93.45324770064795,0.629252457115371,95.41917580924319,0.5356402103838592,95.22421364306045,0.6616576286263407,93.36098754130252,0.8346269538223067,91.83619172948461,0.7684201887756719,92.5598260645678,0.6936262906446616,95.70968803192632,0.5213367385655544,94.94786228204431,1.4573678560831695,94.27629414541346,1.1895344738088467,95.22106678491224,1.1940707458468296,95.08074551930311,0.9920964120195865,96.24050578592782,0.7695089241998099,96.46679349458597,0.8235346933843928,94.18331879103428,1.4895538853453496,79.56859435568079,0.6907498035392098
87.80918323558862,0.6618564385110113,91.34530110141611,1.7777212305608758,81.90201687884422,1.5542604168905196,82.36446860248891,2.4479932269455675,93.11943927907309,0.8636291882247538,93.09397797167786,0.7370965269817129,84.70662280074382,1.6778824265604757,93.40566442569016,0.577547784459735,95.42654841939637,0.5519798543812144,95.23902159919896,0.5672876147201797,93.3853525961951,0.7274697395175242,91.99213274209698,0.7250516745776877,92.74796166499785,0.6693961976892724,95.77442425976255,0.4433937861403545,94.9462165641539,1.4410906464112516,94.45630095837507,1.146416025983313,95.27306536976113,1.328497379725606,95.26319553711915,0.9169637177441301,96.17250750965526,0.8371883294578831,96.42898011729368,0.9112312918280943,94.19768273494493,1.6877986202610693,79.82749249034472,0.7891281249571179
87.88739647255719,0.701797724627329,91.56703714829278,1.6205109173167478,82.35620592484516,1.7399329086247637,82.46420346450385,2.7032257767447363,93.18700024317329,0.8935394039842735,93.13822254645325,0.7759148719367653,84.58310088829765,1.6930795094794784,93.47580425982349,0.5114557958784454,95.4053126206926,0.5659192302969261,95.17744496416769,0.5286591949832729,93.35807978944055,0.8139255523115992,92.13148521649573,0.67473258407826,92.69922327597305,0.6123803369707516,95.83758886552518,0.49207094221757997,94.89078659400079,1.4924286129504205,94.38284054985766,1.2124683491827943,95.20190533407717,1.3703645412564687,95.36883663047675,0.8608654569280185,96.2263800082965,0.7743644334645351,96.4332203292852,0.972268741382068,94.12722253214895,1.7151036009992533,79.77427798995838,0.8868206536476092
87.84931624420668,0.613289456755889,91.63800995594208,1.7061116302240722,82.65048349259027,1.8987726612131195,82.49184642673228,2.5773036655175843,93.46011901356069,0.9692045838458627,93.08448246266522,0.7374978891428604,84.74824054471591,1.751988392686389,93.50403387309035,0.5281500285112992,95.38994106540022,0.6031431326479031,95.07610001716543,0.6082015809610674,93.526921096298,0.8601847783554709,92.08416776334612,0.8421148723999758,92.8347256394118,0.5642972151716049,95.84410940092692,0.6112866699129135,94.91245637123076,1.507967400117945,94.35515248612462,1.441810311018816,95.14676431881902,1.4371669338035011,95.36219030726097,0.9288756963849751,96.28225668020828,0.8398448351342813,96.46993191051095,0.9332453824507944,94.10038908279452,1.5636463713998365,79.8715454597471,0.5640581146660728
87.86173058491997,0.5838040490924045,91.63245454675499,1.6373865677780632,82.56784013045903,1.8794992235183552,82.41706839086214,2.799779401619415,93.46088374554766,0.8789166914786548,93.13359177192555,0.7847800064036989,85.01022787417568,1.8657129684403673,93.66901740884317,0.5940795836343455,95.34510134893502,0.5385826294463112,95.05256984279114,0.7032561896160087,93.47075400174518,0.6518923397492162,92.11194873188664,0.823277796228698,92.81273692191054,0.7193946074877178,95.8539202082767,0.7350828137624914,94.85030111433761,1.4237165794975577,94.52572703734961,1.3625758877246508,95.15785257556468,1.5013628340136287,95.28158839601186,0.9669567432983752,96.20224011901526,0.9151808827259027,96.56057333314261,0.7780263486479906,94.06497203427412,1.6025384732300982,80.36448424335188,0.6012435961765258
87.78373816267558,0.7139267577184304,91.87065487940949,1.3573883960221227,82.6700140188253,1.8271428916863326,82.53011186450377,2.711772835715517,93.72285640717534,0.8227113359408149,93.20344462564015,0.7693413019266857,85.24919177180786,1.7621406451328137,93.6850914084628,0.5442489612522549,95.3344491173862,0.5474856137214514,94.95093411152118,0.5687926942090561,93.35850999914172,0.8485513412673725,92.16190312705632,0.8349268345677675,92.73009469859525,0.750083543357943,95.93468371813579,0.6535163202705172,94.89199782565159,1.3715355899062855,94.30063227762996,1.4270855779128189,95.12903041226791,1.4207182532541414,95.29038995222156,0.8938858416281551,96.32206105341459,0.8255573267465264,96.53920979601178,0.8371326569946537,94.07618802391785,1.592252584124302,80.26235230166222,0.6024298490957339
87.90901938344896,0.870151881151772,91.81574994635577,1.3881319201309423,82.49567269866247,1.9179651446931254,82.14276518131751,2.5799500676068376,94.02846720549317,0.7862320840481426,93.19433516915815,0.8117189822398875,85.239396323582,1.6150193708867717,93.60417709748945,0.562580888900442,95.22780916958729,0.637686619058192,94.93584149917746,0.576626381777886,93.46713396752736,0.8013364178507312,92.36692654316573,0.7977072294020258,92.89693154996067,0.751749727337098,95.88512981904015,0.5884102048037931,94.85287175452399,1.3636429121655131,94.50182390386954,1.3967825427721987,95.12896073242258,1.3522686290861423,95.4054788641728,0.9699174116924667,96.32587082469067,0.9585294716568872,96.514984621987,0.765634419774336,94.08211143695014,1.631128105154662,80.33974679922753,0.49259403748960867
87.85019455252919,0.8414203779972156,91.94609750514994,1.481747196088218,82.38627260242619,2.0775857374363516,82.01934081025406,2.5962023546845017,94.0551327534905,0.7706823548941333,93.14245250629435,0.7684217328123116,85.08497367818723,1.3816011542817628,93.70222018768598,0.6676589346528227,95.2610723277638,0.6968204075356869,94.93262188143741,0.6284686433562352,93.50623712520027,0.817936410723245,92.31918059052416,0.8382473035193333,92.94131952391851,0.8253517771579357,95.7992389562829,0.7703767174863676,94.8483634699016,1.4074550079857282,94.1760128175784,1.4005949402667253,95.14620050354773,1.2522032536781094,95.3633554589151,0.9500028954249062,96.25114442664226,0.983159695535131,96.57845044632639,0.6686462626005946,93.96229114213777,1.5612685013293712,80.6878004119936,0.3902892316732022
87.74787920403989,0.878905783926938,91.88089209332932,1.4689964061887937,82.46584552880421,1.9379238795816203,82.28087492668412,2.424096199428549,94.11699068709497,0.8193170466128632,93.2040112727637,0.8276779596901164,85.26658369454816,1.2109176610019976,93.70155787305265,0.5996873202588207,95.3372530506559,0.6833512025441003,94.93126189147819,0.6681132705509296,93.48068037137175,0.8173282883081752,92.14883481395648,0.8720130087201454,92.7130452198046,0.3912891710584225,95.79789136374691,0.9610875439808516,94.8292634078652,1.3945014717044417,94.3227043188418,1.2599365793460506,95.22495457991789,1.178836276665164,95.40720712987998,0.9071277251328684,96.26081856286568,1.0971548718469193,96.58440982504328,0.6430988231499855,94.03487690084832,1.5439559032334471,80.98321960430883,0.5531213711018202
87.69477268175447,0.8640858315924408,91.9141083230809,1.4407382344137187,82.096363480301,1.8821868970786038,82.23155274527196,2.5338393845834175,94.01447741123286,0.9557450070777627,93.16113988154845,0.8731977737623425,85.30785957483334,1.2565121132221808,93.68029527052158,0.6789865202155183,95.22617378615776,0.6936907410089193,95.10715001001401,0.5411402271965138,93.50104431918973,0.6801261797838924,92.30208005493405,0.892536398666523,92.7242425109439,0.48250130233712396,95.80798832651426,0.8148860369955088,94.79428342536694,1.4479462873039908,93.79717318531658,1.4252496615641692,95.12932391061773,1.2212151295398863,95.45420731881778,0.9123771792063541,96.43801321850592,0.8665788757339838,96.64759234356671,0.5592451905428404,93.95568081027724,1.5627355423478182,81.42671168206918,0.5343130410874462
87.83236291326304,0.7750882465020076,91.9460379679833,1.4539230130529048,82.07021358778844,1.860901554067107,82.23702092960043,2.3820255985521364,94.12697958541366,0.8833555743627661,93.18078425201357,0.8014318801404354,85.04055735969443,0.8278051390099361,93.78048954950573,0.637932718512448,95.33096808343228,0.7240203020431247,95.03812534870747,0.6487008588728018,93.56017796598044,0.7462443940176194,92.12586372154905,0.991255432606506,92.71483955880458,0.640845493898102,95.87030228465974,0.6889370515611165,94.7668845939257,1.4433638508124338,93.950301140184,1.2473531966366844,95.18004034277048,1.2653078857905766,95.50678817184303,0.8497594745315695,96.45112373213544,0.8570172257616708,96.66900330467375,0.5326299069118399,93.90595270453926,1.4423306262274416,81.49225332970917,0.522680043620061
87.7304721030043,0.8150711161575667,91.9351931330472,1.5463197689565054,82.04377682403434,1.6620226949594539,82.10829756795422,2.2402312571421477,94.1304721030043,0.9511617466120236,93.25221745350501,0.8808373315646,85.02145922746779,0.890758490727617,93.81645207439199,0.46623221440361157,95.2728183118741,0.7724635824991201,95.0525035765379,0.7358492696316141,93.49399141630902,0.7473172807630352,92.27138769670958,1.006203636646182,92.83462088698141,0.6352988737722198,96.00214592274678,0.46412703674137273,94.71044349070098,1.45064930739677,94.16409155937052,1.1986176829193322,95.13633762517883,1.268074887922483,95.51359084406293,0.8679677906557761,96.4453505007153,0.9080041419249851,96.73905579399141,0.4251831591535971,93.95193133047209,1.4461125134202795,81.63662374821175,0.8273357704760096
87.82686447588665,0.823375600582165,91.91862544528533,1.5449251030956228,82.23751412752685,1.5209866213420966,82.2950256799096,2.209907467469842,94.17130431050516,0.8816653038252568,93.35441136496945,0.7965837263669785,85.05643857565917,0.961798832268005,93.83338817436588,0.6173895428485314,95.36817407974362,0.6950849477778633,95.08047325426688,0.590597527024089,93.36471194151562,0.6935009727915615,92.41033491180131,1.1164117016792376,92.97643743115067,0.5873348045929612,96.02068699123019,0.4141022963409123,94.81852387015552,1.352895893004784,94.26458175367317,1.315376223410236,95.14098914147557,1.2402352165122386,95.6128127727149,0.8173383506025566,96.54630252221061,0.861693693166321,96.68764932259403,0.5170159815439839,93.93210203293322,1.4705602681815917,81.83135667176927,0.9405930553516901
87.76817648573635,0.7655279697614887,91.88517554150333,1.5144938504405578,82.45414747203067,1.5566729384123015,82.50178832012361,2.2053937968458563,94.21070703024407,0.821580146360825,93.27677472889067,0.760012727431991,85.29585968124982,1.0938026821009303,93.88251452115942,0.6724817216500216,95.34249907007356,0.7683103451586889,95.10501015765831,0.5798720256427713,93.50224613007525,0.6620803148619561,92.23540015451086,1.2532117977086707,93.01768290938226,0.5548748544915096,96.05568113536866,0.408151918318668,94.9150190277261,1.3312591403796323,94.18037712094767,1.3998992663106289,95.06638244298836,1.3213376231392802,95.60330767690063,0.9031818860870504,96.53623851898482,0.9035826059299484,96.65669976251108,0.5964959119325202,93.97936993905405,1.3957248101899642,81.89962516810209,0.7183306464083385
87.70991601928553,0.7876401923553809,91.79964805356454,1.4643077472578412,82.44545545588508,1.6303699712954403,82.55518834857003,2.1805112540862606,94.18487202598108,0.8953713472577778,93.22960928222957,0.6672360316375514,85.14900496444768,1.4091182575408514,93.93164227363121,0.6393780493344676,95.34743980428344,0.7597808579363725,95.05529564931255,0.5118463314359272,93.47554258408802,0.7326310728957117,92.19408558307224,1.1309456997357017,93.14763151494341,0.6948491946100609,96.06821465871211,0.41284814333342185,94.90650528634993,1.1820339148140002,94.14338240553958,1.3012590027081512,94.9766084381304,1.3946228716901374,95.60095569194672,0.8587077121916443,96.52717570138918,0.8044202629217944,96.66695280198006,0.5213775062383683,94.0954547405468,1.301836978472572,81.94986909309414,0.5524913738941384
