mcvopt : rwll : avg,mcvopt : rwll : std,random : rwll : avg,random : rwll : std,sopt : rwll0010 : avg,sopt : rwll0010 : std,sopt : rwll0100 : avg,sopt : rwll0100 : std,soptfull : rwll : avg,soptfull : rwll : std,unc : rwll : avg,unc : rwll : std,unc : rwll0010 : avg,unc : rwll0010 : std,uncnorm : rwll : avg,uncnorm : rwll : std,uncnorm : rwll0010 : avg,uncnorm : rwll0010 : std,uncnormdecaytau : rwll0010 : avg,uncnormdecaytau : rwll0010 : std,uncnormdecaytaukde : rwll0010 : avg,uncnormdecaytaukde : rwll0010 : std,uncnormkde : rwll0010 : avg,uncnormkde : rwll0010 : std,uncnormprop : rwll0010 : avg,uncnormprop : rwll0010 : std,uncnormprop++ : rwll0010 : avg,uncnormprop++ : rwll0010 : std,uncnormprop++decaytau : rwll0010 : avg,uncnormprop++decaytau : rwll0010 : std,uncnormprop++decaytaukde : rwll0010 : avg,uncnormprop++decaytaukde : rwll0010 : std,uncnormprop++kde : rwll0010 : avg,uncnormprop++kde : rwll0010 : std,uncnormprop++switchK : rwll0010 : avg,uncnormprop++switchK : rwll0010 : std,uncnormprop++switchKkde : rwll0010 : avg,uncnormprop++switchKkde : rwll0010 : std,uncnormpropdecaytau : rwll0010 : avg,uncnormpropdecaytau : rwll0010 : std,uncnormpropswitchK : rwll0010 : avg,uncnormpropswitchK : rwll0010 : std,uncnormswitchK : rwll0010 : avg,uncnormswitchK : rwll0010 : std,vopt : rwll0100 : avg,vopt : rwll0100 : std,voptfull : rwll : avg,voptfull : rwll : std
61.440776033258565,5.67696260282165,61.440776033258565,5.67696260282165,61.440776033258565,5.67696260282165,61.440776033258565,5.67696260282165,61.440776033258565,5.67696260282165,61.440776033258565,5.67696260282165,61.440776033258565,5.67696260282165,61.440776033258565,5.67696260282165,61.440776033258565,5.67696260282165,61.440776033258565,5.67696260282165,61.440776033258565,5.67696260282165,61.440776033258565,5.67696260282165,61.440776033258565,5.67696260282165,61.440776033258565,5.67696260282165,61.440776033258565,5.67696260282165,61.440776033258565,5.67696260282165,61.440776033258565,5.67696260282165,61.440776033258565,5.67696260282165,61.440776033258565,5.67696260282165,61.440776033258565,5.67696260282165,61.440776033258565,5.67696260282165,61.440776033258565,5.67696260282165,61.440776033258565,5.67696260282165,61.440776033258565,5.67696260282165
52.828304474541405,3.3384042714374975,52.52400137150695,3.916932931181449,51.88825075718613,3.7148752841506143,56.55823189896565,4.3180583730354405,55.5531744671124,3.923793031599062,54.94756843248185,4.493574601266791,56.25564317961026,4.16232175641774,53.81350362877879,3.389941763120894,57.82273272758444,4.9240040051359495,57.82273272758444,4.9240040051359495,57.822304131664666,5.018878637600764,57.822304131664666,5.018878637600764,54.89256528944511,5.3186797392317615,57.68701068632494,4.531983794181807,54.19752557288988,5.147883394448649,54.36896394079662,6.279071965197432,53.251185782044686,6.013463467671951,58.096605520315435,4.777319598855071,57.526430081718956,4.649948992224089,53.314046516943826,4.218647286019284,52.469141093776784,4.241081552588062,57.82273272758444,4.9240040051359495,53.255186010629174,5.386383880113157,55.5531744671124,3.923793031599062
63.240374312450875,6.494944829559866,57.78798485606114,7.526826307142226,57.69926423315951,7.745248801890074,59.80512893778128,6.512841433128134,62.26244731766555,8.118505465204718,60.57261232945209,5.578106501800827,64.27873419529968,6.366397558855058,61.16151153653833,6.216714013357637,64.23744553182371,6.575281680154871,62.68647760554326,7.614509075716211,64.60104293163798,6.497349826031026,64.80577184084578,6.585524461293922,59.80112865204658,5.576685366487294,63.84556039717122,7.776912414512364,62.13886706193298,7.726834795520045,59.127366240445745,7.380785222197824,61.26623330237875,6.972457791443773,66.17715551110794,6.574148328760815,60.57861275805415,6.500008163543312,60.08043431673691,6.367823251369519,60.99178512750912,9.82980707306824,64.23744553182371,6.575281680154871,64.25573255232516,3.7863233637477522,63.74155296806914,7.350578725717366
64.42737948967053,3.1596619507264427,59.629539674829275,9.616249048710477,54.56053376003657,10.557145657067064,59.810126582278485,10.148553501314494,61.423121981884165,7.517565716139231,61.17810098008401,7.308274946777019,64.51224390662057,6.418115370736413,64.92699374232078,2.897884372353618,64.5555333314284,3.302845000804644,65.1803011686716,2.6663943382064996,65.95393890904936,3.501828907443224,65.92336485984512,3.646319594411512,59.40037717518645,8.176606195325158,65.9912278195274,3.730099245192433,67.29833985770209,4.393951051297256,65.72806240534902,6.037266708263585,64.24736405977656,7.744249553212503,64.67297196902591,6.0330746992596,65.90779209646541,3.845845996840878,59.269651684430094,7.403373803158304,61.43769465954225,6.697238587340497,64.5555333314284,3.302845000804644,62.8968197274052,3.4036207214396708,60.18044403806041,8.941488980360473
68.989613247039,3.423702722622103,57.98036946551798,9.167960670062325,52.62240509765262,11.071065829290479,63.64465017930364,7.193772369321639,62.77927792779278,6.848590436365678,65.07107853642506,7.644277451671977,67.16657380023716,6.1233407324930536,69.13219893417913,4.825700892314957,65.07307873644507,5.759577224594757,67.01941622733702,6.458896820207455,67.3938822453674,5.170032276758194,66.89354649750689,5.190742764945682,62.54411155401253,7.751172348661006,69.47709056619948,1.6876779151590147,69.27078422127927,2.8122225263980845,68.59114482876859,6.932580123087653,68.47384738473846,6.033431036614544,70.37146571800038,4.400640544180989,70.6090609060906,5.090169452272791,63.63293472204363,4.8234460451876835,64.75076079036475,7.848547021103954,65.07307873644507,5.759577224594757,65.23152315231523,6.47123077179868,61.20783506922121,9.637898093596544
70.55634929706252,5.886807742189348,59.8164075894388,10.35146289928139,60.088152931763624,9.067723586278596,64.47779746256715,7.584562369830582,62.16396159561093,6.410205265737068,68.05806377871758,8.650446026642637,70.75594353640416,3.9224453368814878,73.19879414790263,4.13724708421325,69.6033832437993,2.0881836210733384,71.70548062635731,4.876883402768106,69.5209452508858,2.264605404287755,69.62867184821123,2.338067521285533,66.11941364727397,9.074286103573147,72.50228597554005,5.304420972976727,75.70150874385645,4.022921238505134,71.95708080923535,5.452092465700858,72.81317864898847,5.66771713975638,73.39867413418676,4.920080887633431,73.79943422105384,6.5531777738864925,69.48765573208365,6.1010464595502265,64.8389815978969,6.916753194457246,69.6033832437993,2.0881836210733384,66.98065493199223,4.629263202617031,61.69405074865699,10.209058463545944
76.90431626923461,6.188063788150564,61.45275821177008,11.196689463559604,60.58921861382178,9.605698797816308,64.01751653784058,8.508748140701886,65.90433055678587,6.182191579655457,72.42331156863025,10.371143396934801,75.69001728793702,4.295954045373027,75.68601677358518,6.640125426393475,76.33695760883543,4.4653248089744535,76.75915474846765,4.170257022527466,76.89831549770683,4.04952050142698,76.73958080324613,4.027162798739463,66.79444500007143,9.298027979267726,77.05576431255447,5.214365392772201,80.14087525538999,4.626445139905345,79.50636510408481,5.963066025790461,73.32857081624779,7.1764370928382455,76.29895272249288,4.931077002576362,74.71132002686059,8.143057241266952,72.10227029189465,7.442775376486656,67.73870926261948,4.7735630737582975,76.33695760883543,4.4653248089744535,66.45568715977768,5.536994340162231,67.64112528753697,8.427557084633204
77.81540220031434,5.05910288432158,62.84254893556223,10.014501513955446,59.70438634090584,9.624116526684885,63.54336333761967,11.91485671069415,70.52321760251463,8.058975640443895,73.1733104729247,6.869256838969283,83.2934704957851,3.409300077653576,78.10187169595659,4.204832292814132,83.2513216173739,3.3948308266705154,83.48435490784397,3.5531462811121717,83.42120302900415,3.5738372009346304,83.40348621231605,3.4461883235855413,69.03371910272895,6.581965697161416,80.61451635947992,6.0824760385381,83.38148306900986,3.9867562495200657,83.77696813830546,7.632743414502149,76.13016145163594,6.4161434159720985,79.627803971996,5.9525732960039885,75.48421203029004,8.59422050567109,74.44292041720246,6.393132656728969,67.01371624517787,3.0294672773093154,83.2513216173739,3.3948308266705154,68.02571795970853,3.0940934982860067,71.0260037148164,9.017036103901898
83.91461515380988,5.872315041121602,66.7240566374716,9.11044041867489,61.85472002743289,10.633894534673468,64.6151538098844,13.001091946062989,69.49249167726356,8.442370225783238,78.34916915515295,5.20095704019397,89.04056351712411,6.1734553810942145,78.73237222992184,4.8483780915587475,90.76483447398877,3.5762681204756217,90.05900927288573,5.975640463135981,89.29374616011089,6.073607537527898,88.63264227235707,5.8463983076074815,69.27760076583463,7.103608055859061,82.16248267584906,4.028217132288265,87.99368472188488,5.558375777575528,84.03334809755819,7.554494707444059,78.67193416108246,4.138888464599,80.2864735887068,7.232453202157347,79.13372101330208,9.245329563117812,75.62645558587778,8.668117800053404,68.38631784994786,4.391342450939457,90.76483447398877,3.5762681204756217,76.08681364214377,3.7964115784326733,70.95672177056393,8.547870194569091
86.541121335086,4.697178481764813,66.5899868548894,10.248800831571637,62.54515059724524,11.86439944993067,63.325570097731045,11.771692423819625,70.26561696290794,10.56538613442994,83.48816940046865,5.30579456998074,89.98799794250442,2.6890793845055856,81.79802251814597,5.536349883361478,90.46808024232726,2.401274655185929,90.66025604389323,2.8119739981093272,91.02703320569239,2.8626633151255896,91.07504143567469,2.6585932992493646,70.96487969366177,10.453547566447048,84.21143624621364,5.113628285375066,88.3685774704235,3.4675165622386044,86.97976796022175,5.139587103117013,82.77676173058236,4.638272138195453,80.97945362062069,6.242696189454056,80.69640509801681,11.343705931773364,77.58444304737955,4.466922842546107,70.5989598216837,9.379741680678457,90.46808024232726,2.401274655185929,77.22723895524948,4.222339044181932,73.40086872035207,10.144871628179061
86.30931458699474,4.2643596379248425,70.55524597425236,10.575664720012947,63.33404775172532,9.467332906395676,66.6928143798134,11.828504460274116,72.15068512723792,10.185913016548762,85.20553817137468,6.268746934663393,89.31844485404432,2.6376486518040316,83.14286939002957,4.790072114869906,89.40046008544445,0.7181635727021528,89.86097418091931,0.4784884048254365,90.36120993898867,1.067737606599064,89.42646491491277,2.823706313502468,69.89812393730264,12.664947778474717,86.91071198936946,3.9071469514516717,89.77424378813208,2.0912389029329534,87.53525654764456,4.392715432462909,84.11019189278008,6.928536316367677,84.38610027576549,4.982946961586833,81.88535013645391,9.124543322079083,81.24994641862061,6.374534199256855,72.44888336405333,9.905979855225336,89.40046008544445,0.7181635727021528,82.34272079100404,4.849936786014056,73.57680712132253,10.133354005840602
85.66856228388534,4.377071274140632,69.15511673763324,9.887520327723097,66.79893121481439,8.037589239111863,70.3142056982825,10.914671912332343,74.60777869859685,8.667997771265012,85.56311262252449,5.164469449249515,88.34966993398679,2.3441998790827925,82.49721372845997,5.838143930514489,89.48732603663589,1.1866726058534183,89.7619523904781,1.606191566267565,89.76152373331809,1.4824104232827942,89.10953619295287,1.6387119389394393,70.71971537164578,14.289335110219827,86.57731546309263,2.873877788482302,90.10716429000085,2.0317615046812487,88.10647843854485,2.1294984965003056,84.50147172291602,6.967641216715441,85.00828737176006,5.389431292315961,83.33052324750665,7.54618320749873,85.35307061412281,4.854843388652091,74.6616466150373,9.478005972834938,89.48732603663589,1.1866726058534183,81.80721858657446,5.653095139331892,76.58431686337268,10.387173153093336
86.63013502893477,3.3905423515970776,69.05008216046295,8.129391471846489,68.46081303136387,7.635246018581328,71.5517610916625,10.53621475176538,75.99785668357505,7.67919549255247,86.78974065871259,4.682592616103057,87.73751518182468,2.529698463365094,85.29742087590198,6.0849040169616755,88.47138672572694,1.9018306380589902,90.57126527112953,1.7806605037676877,88.71000928770452,2.205987696168391,88.25605486890048,2.7832029455227656,74.51282417660929,10.487832187452364,87.11781095949132,4.248139001385258,89.42516253482889,1.4767803477333745,87.75609059084088,2.3960517627012576,85.23497892405516,7.318006026459443,88.2446238479674,2.893127800830529,85.64235193255698,8.064051163271762,85.62606272772737,3.911633741937607,76.45281131671072,10.254496392597057,88.47138672572694,1.9018306380589902,81.53018503965134,6.045176883707549,78.88076016289203,6.250882284175769
88.94304412437127,2.3411680796923977,71.46462048468221,6.366393888438025,65.68487082761774,8.481225223526737,70.1850422953818,11.896123649642181,80.32064471879286,8.365192334882192,88.75142889803384,5.11108121416378,86.9160093735711,3.1130754527098667,85.44467306812986,7.130751657004912,88.50965935070873,2.55309574864679,89.48131001371743,1.813363619583392,89.6796410608139,1.765503783692189,89.71064814814814,1.9915150637554697,77.31095679012347,9.542870096816522,86.80355509830818,4.108720512570232,90.69501600365797,1.2871770142213177,87.56258573388203,2.91482792441541,86.08510516689527,6.492607533507513,88.63783150434384,2.924560205827189,84.26954732510288,6.188880595413504,85.51697530864197,3.8171292165865127,80.41566643804296,5.351659245716008,88.50965935070873,2.55309574864679,81.25114311842708,4.88688249016554,81.92629743941471,6.7182116718187554
88.52192675364016,3.2778986296611774,72.02063358244145,7.209543152020667,68.65181544089278,8.403725167316763,68.8242858980038,10.377215574535798,81.38690824914623,7.287099882198068,89.05162682365717,3.8706457982922498,89.11392766814797,2.6556332518653964,86.5404455367732,5.962229599383538,90.35551491076406,2.3662832824894777,89.39713930525986,2.490985532691819,91.18957461097696,2.0728042756924685,90.28335452895702,2.033459001313474,78.0346655616364,10.476812859197944,86.47328636954688,2.9651092321247465,90.15318005801409,2.2123929620167715,90.13231784862037,2.6160431284477172,85.63994112855978,5.911532110618048,89.3104039552463,3.4213485498162113,84.69985567923638,7.0459586697617045,87.13387536973265,3.520840534920902,81.16828372604775,5.8059202893174415,90.35551491076406,2.3662832824894777,79.0276209936699,5.935134442597499,82.08007659002901,6.563408691365135
88.39201508959448,3.522689314047221,72.74313394872969,9.539807311843157,70.46369066331343,5.084601453626202,72.64125060729903,7.105176005360341,83.14437998342432,5.092854020130816,90.51541825040725,3.0755176645329665,90.32994198508189,1.8871067964422261,85.32122545797492,5.354644354411484,90.92923894715784,1.6790639101685572,90.37795433111373,1.5262441219187977,91.4147923751822,0.8272592146068584,91.47852304878397,0.909684358408735,80.25820925380813,8.41846673961223,87.4406275899517,3.3963722973075434,90.59772512931899,1.009611487656493,90.09788231259468,2.55605468428444,87.69183504329683,4.938672849718177,90.0611585836358,2.7808809280817184,87.41962218856277,5.3222882572678625,87.64310822783001,2.952456826102378,81.09471006830329,6.495241470093941,90.92923894715784,1.6790639101685572,80.1446086136435,4.671910939331704,81.90220342373752,5.922335737312161
89.09518297823695,3.2995576637566066,71.76733684857318,10.557374334889118,69.73421357225531,5.640396245322213,72.33992083565538,8.141250673278224,85.21641588431146,4.762644311564624,90.10702905074236,3.1965563012733202,91.71103585258855,2.026632668890959,86.02506394592818,6.13563329996667,91.6703105128535,1.7277703650861127,92.05627241679885,1.792039772819508,91.69331675740558,2.2137323158937474,91.71403666709534,1.8836775494477669,82.40322373215588,7.171537337742924,86.5970763492948,3.5153543544801433,91.15331304211142,1.0536545438431288,91.41809919835384,1.9744034536040957,89.77893999799947,4.6154129832330195,90.10902959374687,3.169597452680198,90.09888398279533,4.436614816339837,88.50916677383861,2.5969917439598382,80.22363212872067,4.72706147722923,91.6703105128535,1.7277703650861127,82.29105042797332,4.300801965321844,82.51425386890728,5.594432958639345
89.31909116890542,3.7071644809317297,71.61160331523293,9.847523372649707,70.69691340382967,8.665902311521663,71.51614747070593,7.928803387063185,85.71491854815662,5.360944857465482,91.96084595598741,1.956058997930334,93.50957416404688,1.628010687453522,87.21377536438982,4.69212191710167,92.79065447270649,1.9589544468700646,92.67104887110604,2.1463220802222245,92.66719062589311,2.0863106924874573,93.31623320948843,1.656995114942211,83.63418119462703,6.325755131050659,87.26250357244928,3.6946797514816416,92.56201771934839,2.3168567140109833,92.11060302943699,1.746266292718983,91.09931408973995,2.814695400185491,90.78765361531869,3.1007794045299706,92.21706201771934,2.7762999666299577,89.97685052872251,2.4600719522598014,82.1188911117462,4.6648810387493995,92.79065447270649,1.9589544468700646,80.68162332094883,4.205091441413206,83.51743355244355,5.44433622338602
89.70362537332628,3.3285692388447465,73.16209148458823,9.499460929846817,69.14745852327128,7.795642151122903,71.4532931307964,7.61952063888636,84.94991354549222,4.332515752619232,91.5444633390017,2.9460156890756597,94.29400248646023,1.8572242491882645,87.4182254676403,3.814192489323016,93.99505565955502,1.7372825150377922,93.45132111061889,1.791650026939235,93.3688678031981,2.2234699415325454,94.11737807056402,1.2525383316319856,82.153788993841,6.274580657639758,88.45596536103689,2.7819685686596825,93.0449134740422,2.4018554456189007,92.6166421354978,1.48263095732909,90.3858300347247,2.2471234396843727,90.67605996084541,2.788899547965405,91.63577644721985,2.879184893115464,89.90282799125453,2.4287372492400046,82.2043755983938,3.369618894678555,93.99505565955502,1.7372825150377922,81.50173623515627,4.245335211707213,83.46018091141629,5.0733304839090065
90.06330561033468,3.030440442445318,73.46823287318873,8.807857741750867,67.5780959730201,7.663991745412542,70.87656120495014,9.050922238122645,86.18823058675582,5.078908983955439,92.14253050958872,2.3973753393348183,94.6883306181943,1.2378058534829972,88.5696933321901,3.1882936401764823,93.93995255651775,1.8673307446501703,94.32607390894279,1.8383566249225223,93.79619308925662,2.081217114210968,94.6290262653977,1.168452919982813,82.88404927262853,5.980384659183529,90.04058418360057,3.1410325602497897,92.9943696590357,2.5075741662173834,93.32333018948813,1.4063075084863312,92.7697276286833,1.6475408644529044,91.26768412929779,3.3285314661183443,91.66052187830459,2.8885973951720243,89.89468118551545,2.4709745721760776,83.99396953328188,4.602081109382572,93.93995255651775,1.8673307446501703,81.84772357026495,4.602508145800497,84.7413472805739,5.540905663059918
91.12122554553642,1.7831455556541738,74.50976749503408,9.21056875816971,68.27028880918016,8.33568861879282,72.65230004144219,9.09346781342398,86.58359175157554,4.949948213243827,93.16361090072454,1.8205283640135073,94.90189633736799,0.7614346144894563,88.63755233862557,2.7678129060322507,94.28483644626091,1.5037033007600378,94.16608314160366,1.275215854059642,94.32099118281721,1.0734219158231297,94.50219357788987,1.2499888925251292,82.38749874958916,7.184519334874861,90.44500335824628,2.5969829136460962,93.35067236377667,2.0705363724541956,93.81596810380555,1.5205956470297344,91.9789359360933,2.0701584343922836,91.158094802578,3.4791068866766808,91.62110407705389,3.638602166205203,90.67250668076653,3.084467961343298,84.86059705331752,4.661195859770318,94.28483644626091,1.5037033007600378,81.06677908455636,5.18229536271622,85.30217071323436,5.68874676677233
91.31716588544646,2.1199720395229935,78.03146793186235,9.030167905229803,69.69160855150338,7.993623235551079,74.5354121413056,6.967256513443539,86.48479478678404,4.14926099827692,93.34000228649822,2.9243763722893807,94.46610266377044,0.6009906429922264,89.16957242483139,2.8416306397389426,94.3010460729393,0.8326905292343889,94.26446210129188,1.456586308327605,94.24831370755687,0.94114316195286,94.14656453641248,1.05298398598872,82.46227277923859,8.23411741257241,91.65113753286842,2.1341483220168307,93.48190808277123,1.6938100429680687,93.5749399794215,1.7285210876460246,90.83514347776381,2.8580126593623256,91.89807934148851,4.43319610887957,92.4113981936664,2.2678975395504404,90.73953927060707,2.892940608087329,85.3959929118555,5.090596268067396,94.3010460729393,0.8326905292343889,81.68386303875616,5.239633413617082,85.35197782096718,5.068244931960982
91.79364058592355,1.117120704508657,78.62365130403715,7.520852709431964,69.90067881386209,8.086022006597458,73.83794212218649,7.735104935430077,86.55834226509468,4.830918263438816,93.71389782065025,2.7767532625171776,94.09574848160058,0.5144111951453207,89.26688102893893,3.174307670121542,94.07145409074668,0.7090447427449699,94.05373347624152,1.618116397766412,94.02543765630581,1.00947208690055,93.99685602000716,1.1991364196898655,83.23958556627367,7.772788510003969,91.84408717399072,1.9896300354860872,94.01543408360128,1.172857475339647,93.2411575562701,1.9578172859956895,90.77756341550554,2.494172049516392,92.82329403358342,4.029211287990459,93.39692747409791,1.8687750783698271,90.68967488388711,3.5123835770915597,88.20521614862452,3.687005946113268,94.49431939978564,0.952953974186063,81.00793140407288,4.913505583651945,84.43301178992498,5.056248867825891
91.6729070797725,1.3957527016402105,80.77971818103867,6.607509263921547,69.66616171720923,7.212095856994281,74.9325463743676,8.145557016170706,86.40880898619487,4.4002211097989985,93.81427387315289,3.3144837778094534,93.87072341155287,0.9437035157678578,89.02706719638722,3.2266061197564,93.98347957812902,0.7079184551659333,94.00491611169863,1.1047074922928044,93.86157715722983,0.8421286243860574,93.82313430702833,0.6631692847322832,84.20470460456741,6.144617985478839,92.1963872295424,2.3577928187262813,94.2991682624975,1.604185111481749,93.15860176637037,2.1006937447186895,91.53657072626977,2.1495177831213645,93.08486009089088,3.2779496443848655,93.39654728899305,2.334335863575462,90.52719581558867,3.944722059214199,91.02666704776058,2.668429174031401,94.3872009603567,0.9048213286831619,82.2248263640781,4.007902537880815,86.32863635064453,4.40527440671171
92.20442170551499,1.5659039627800146,81.58489703171225,6.090660444461832,71.75024652365911,8.374614381860564,75.3217669672588,8.272469322407467,88.6371886299001,3.9155152887941025,94.60191788261187,1.9506702227692685,94.00583082045932,0.9355133548918071,89.23356151658497,2.0678945850720982,93.89121518299916,0.4968972356999148,93.77216926528804,1.4391378453076522,94.03584239635288,0.7001312759460526,93.84705529275577,0.7442774777793292,84.86659139953981,6.8646616349702905,92.82923413316567,2.1088556644906604,94.42384919897674,1.2524185242708377,93.68542151972903,1.9470064457708791,92.1119574693096,2.264219722086232,93.32928415245881,1.9370005117911342,94.03026881797264,2.032343855606831,90.82574707387136,2.9643720073221123,91.89187257942349,2.1671059075792396,94.54246637988938,0.8423518105703125,80.51105426378747,4.141188836506695,86.12021779829362,4.7083356690469715
92.19745040873491,2.079167854124508,82.06911335962957,6.4204088646934325,72.92860001143313,7.421888947650584,74.83450523066368,6.512657848279085,88.47381809866803,3.0314370192463365,94.6197050248671,1.0887570057956004,94.31858457668783,1.0386223411407067,88.83582004230263,3.644440171674485,94.36188761218773,0.7196374620208115,94.26341965357571,1.0638113377539447,93.96387126279083,1.0298241257057568,94.21168467386954,0.8013430470301717,86.11115874921397,6.213155838046025,93.51883610587092,2.0813528842311655,94.70831189618704,1.12091019488064,94.1465157491568,1.3067812423978304,92.56516892471275,2.4060044736349613,93.34333733493398,2.1220257843312305,93.92599897101698,1.415014257546418,90.84762476419141,2.117453955404334,92.43540273252158,1.9361222739998671,94.54624707025667,0.9868748768749234,78.55556508317613,4.1437576038234925,87.09769622134567,4.104066046496193
92.36640894084692,1.919358938103685,82.4867445084392,5.236360271665947,73.26621028711894,7.783890967583047,75.83684669363022,5.001344863470722,88.94213316945591,2.767967645159649,94.71109459633277,1.9662337931902547,94.7255291477898,1.1118642648973622,88.63129010590102,2.887770406509035,94.34108416343915,1.0457495568172983,94.28920552800444,1.0645546208386665,93.82401280530506,1.3043132508023685,94.23261065298482,0.9359703562058845,86.4596761515485,6.393111080608104,93.51502765431391,1.562468354274438,94.97491818038903,0.8835607231627329,94.4434122707979,1.3003759226250853,92.63795000786041,2.1805319638837397,93.40083748981722,1.9004054518343505,93.35453259207387,2.080871047852749,90.23181032141888,1.827874703281501,93.30093896042646,1.8060121859710252,94.4043961069586,1.1333634376846038,78.55154278200969,5.615249563842117,87.32789298423633,4.091604867411201
92.03472916964414,2.141734824642472,82.207946262684,7.149414850533495,74.25911104759183,8.478254363489024,74.82192368157781,4.933537666197769,88.84321852222381,2.7094436641802155,95.21795055023581,1.2118530883112784,94.80020008575104,0.9773624687785608,88.44590538802345,2.157767707412564,94.88266399885666,0.8848359724727963,94.52851221952265,1.2394934500360943,94.34943547234529,0.9895426521727775,94.56467057310276,0.7855028035173854,87.88266399885666,5.615076648832001,93.18993854509077,1.7746431932911784,95.16507074460483,0.7889804708440308,94.32128054880663,1.6970648087890405,92.14391882235245,2.198640276907027,93.81592110904674,1.8827416297290047,93.67085893954552,1.7005819057049754,91.0360154351865,1.990154662269557,93.31470630270115,2.3535122254866163,94.25410890381593,1.1042565796793786,78.437187366014,5.608317032944193,87.13562955552378,4.533976275569582
92.01975160428188,2.865119753377469,81.60085180579972,8.63998581066767,74.75667795738113,8.58568833621774,75.93920164644342,4.885719943320093,89.4540439337421,2.9129051953676077,95.56660806928784,0.8406526115300161,94.7050836799154,1.1841126416087386,88.87035687232918,2.5151159355090247,95.17614943760807,1.0164177072698852,94.9100315854164,1.2632996303788129,94.6066114993783,0.9896232591808418,94.60875530592119,1.0081964154718852,89.25967214051937,5.13832212240675,93.86485443553575,1.504128519335668,95.09239806199889,0.5827260016521315,94.38579942545985,1.7212796213025696,92.41349740599408,2.5213490778167875,93.98762309022567,1.9617546451675496,94.05693950177934,1.5564880730156225,90.68916234332347,1.7021273200015887,93.69092026468866,2.0040787704977503,94.29504494847717,0.8978184107385403,77.03983192556703,7.3532530253810835,87.1391616287213,5.035395362335806
92.55002286759661,2.0577376946686208,82.63834895952436,8.01020240350838,74.70472215870112,7.280110311952482,76.72979076149096,2.2971580207875184,89.14946832837867,3.190934996041374,95.47364509490053,0.5656069296731473,95.16864852504003,1.2287733333904827,89.40444203064258,2.129893219937979,94.87422821861423,1.2106165365663808,94.85536245140636,0.9996603846019314,95.07932197576035,1.225607623794694,94.98199176766522,0.8968742562063822,89.16533272353075,5.6712543238376725,93.64566659044132,1.5554582407688187,95.118053967528,0.5356439349662314,94.67642350788933,1.7212941352198896,92.52415389892522,2.3528948831747685,93.7298479304825,1.8902722436323856,94.51191973473587,1.1279485946802823,90.25997598902356,2.6351075560655253,93.7948776583581,1.4955817116312415,94.47261605305282,0.831846693120164,75.26626457809284,6.093425894713134,87.46884289961126,4.458746541333324
92.51247016450613,2.2274849549842806,83.60341303757487,8.376686786195178,75.35152286077724,7.638779706340093,75.3638143696314,2.899327459892413,89.83106321551588,3.3361234403191338,95.4930181371218,0.7886961022717777,95.46686294967628,0.9282614949005462,90.56326553946862,2.9435490471839048,95.25361956350851,0.7335541580766101,95.0925436277102,0.707926436379822,95.40955021653066,1.0719923757645125,94.96491202995696,0.9351914047097045,89.39700144353765,5.246376231334945,93.86296396872811,1.765719578237503,95.3003558820587,0.6404663900666479,94.62775308359656,1.5764203871520204,92.71742392842341,1.7280557249549409,93.95443566252662,1.7730355132061202,94.62417997055755,1.0210614346844937,91.5087112495891,2.7558711621168577,94.06605971386512,1.717152661145606,94.58859176468907,0.807904369840292,73.87511255306072,5.462311302124871,88.13011848442837,4.171772688423795
92.69430866420832,2.191364724648838,83.1831175142212,8.230565128924082,74.81848326329933,6.971905660783382,74.18560443644056,3.8268771121764087,91.20772946859904,2.55980704226347,95.19094988994655,1.1249319510786717,95.32501500728924,0.9317341948881102,90.21939227624847,2.564530228612851,95.21853471686248,0.7010326375207772,94.83706371666237,0.7584397967898551,95.57785209959124,1.1456656758422088,95.12934854071977,0.6601226421172589,89.41614498470685,4.93614491899273,94.11371237458192,1.6074622503600833,95.16865334591087,0.8276465160650853,94.89623531429551,1.518012866252642,92.6671526169854,1.5436044134115021,93.91976102678444,1.8305962103820679,94.56493153817568,1.3991266810451797,91.71940656890489,2.125160969205895,94.3582597261527,1.6955121218295057,94.6684103707515,0.8656700017172457,73.24328959780465,4.194845390908428,88.27030271846323,4.6797535851993945
92.28442792824984,2.1423498125622067,84.06774815979418,7.794493802613685,75.78846566140213,6.409448687407061,73.82291145572785,4.572223404175898,91.67212177517331,2.2600783406087026,95.40513113699707,1.3486773665972906,95.37139998570714,0.5844658861857407,90.53483884799543,2.6988874784997576,95.03623240191523,0.8902319397859919,95.10026441792326,0.9156514485970463,95.59851354248552,0.9251238347020126,95.27349388980204,0.6367614461344238,89.35782176802687,5.519413113861624,94.08690059315371,1.5539322075660225,94.88229829200313,0.9792575339645805,94.84556563996284,1.5362026339759478,92.88601443578932,1.3456081336705812,94.1765168298435,1.6918656952202142,94.5825770027871,1.2410332277215634,91.78160508825842,2.8157183013915863,94.3137282927178,1.9388839743373103,94.70949760594583,0.9046557206377422,72.69163153005073,3.054192646163693,88.42964339312513,4.1054860889744305
92.2650220113201,1.9137879298344664,84.66068263678463,6.586531543049338,76.1217197415814,6.902410580758822,73.7576467897776,3.743324625529204,92.6879538048139,1.757113143158888,95.33245669201304,1.2805287998159736,95.13664170144645,0.631481199562315,90.56557658224229,2.666242616812957,95.00628894860213,0.9583914799499246,94.90609456291807,1.061139026215237,95.49725573151906,0.9576234194752897,95.32316619975987,0.7518302866037668,90.7988394031216,4.278473828634606,93.85755531416157,1.616203169856191,95.13078154479446,1.2436860733938087,94.68283688754217,1.5609799708985246,93.46406723457778,1.3316396639366948,94.29478017266024,1.6357945759809207,94.458864558916,1.4875113232040047,91.23006117431822,2.730934514162807,94.45314733291406,1.6343075537241056,94.47272883197073,0.988499210028001,71.41558515808131,4.719193365409284,88.8023840832428,5.05552708410992
92.3455254920458,1.8052867696221753,85.22919257321729,5.750025997025072,76.25401998199048,7.27313092432009,74.02569929820048,3.989386925170148,91.87827851864557,2.2367683949918606,95.30980661206638,1.5524833273050371,95.12699569772595,0.793110588228445,91.2728156311193,2.105651891796886,95.03508997613022,0.9834045998495213,94.89358661006533,0.9974584786251343,95.37955776624787,0.9235956711253667,95.1478638709032,0.6605773386966038,91.57569000757543,3.662285905133764,93.9360804996927,1.6498554576672166,95.11942026499723,1.151768313739014,95.11827680345326,1.3149161746031994,93.9383674227806,1.4150025399615558,94.33557737661337,1.5980257334107646,94.15176593342196,2.584271803006135,91.53681231508082,2.886464385501831,94.77838285951145,1.4361739862572334,94.41704901162042,0.9342907845231271,72.7434501093435,4.596021190736405,88.76749138830525,5.209170346258651
92.3431291272405,1.8950880515047188,85.49140962236642,5.8470945869384146,77.01280695234556,6.920934279503138,73.40141791258111,3.0753817635593057,92.04939824476145,2.598060431061667,94.76930333609673,1.4614766420028684,95.17352276950345,0.5313444002615035,91.31943054801178,1.732332022043169,95.1520825591035,0.8562661732637934,95.02372716617595,0.6340434895913112,95.13535919499157,0.8474371832501123,95.13192876132759,0.5928621334323866,91.94105371487379,3.865023545991567,94.06492095709099,1.338734406013514,95.23055372916726,0.9272448110035485,94.96755381492811,1.328221801439369,94.10265572739488,1.0548652175572464,94.11652039678684,1.6310105793517324,94.368085532146,1.4064514810805109,90.93607958606101,3.4548943677960824,94.74872073411281,1.342575627538492,94.41425345187386,1.0318520762982903,74.05077041822705,4.045412077030588,89.16869157542666,5.483027401589443
92.31185946455881,2.142247259835245,86.069381512557,6.916399071153747,78.15211332027845,6.648241411400042,75.49091636769057,3.7383678637800064,92.02126899272452,2.776606737984362,95.29580766427009,1.0218665099839774,95.28408684838696,0.6645567433280503,91.68565343548548,1.381245186165859,95.16201883906747,1.3547493401988597,95.09826903560555,0.3757253314198823,95.4024385014508,0.7791948468825038,95.16144709195123,0.8652133257261387,92.08773459498865,3.15420014086725,94.12444075985192,1.2881782911616855,95.24234930890067,1.1841304557766534,95.09969840339618,1.3086809484166664,94.08784894441189,0.985477682851736,94.13516101828161,1.5663316499361717,94.6418719000586,1.3234470292078715,91.21138920255572,3.0034412058788833,95.00493131887767,1.2645879788385106,94.30639927959864,0.944387539549129,74.38172696216465,3.620795073260046,89.47956718743299,4.8367413474128815
92.44654088050314,1.6192179176895134,86.32204116638079,5.9833322075628885,77.90580331618068,6.735905828167973,77.3256146369354,3.936763111073461,92.0378787878788,2.458122964654079,95.11992567181247,1.4412332895869446,95.46569468267582,0.7501011563793646,92.07304173813607,1.5001913969560925,95.32847341337907,1.1199011429865526,95.40480274442538,0.6260931879226622,95.50971983990851,0.727614261873843,95.26600914808462,0.8874425470163674,91.35849056603773,3.4866293828785415,94.14994282447113,1.0468783226685314,95.28030303030303,0.8621639054877698,95.14079473985134,1.3362730035455777,93.81732418524874,1.1495308932176793,94.19382504288166,1.5291024393324506,94.56403659233848,1.277081705272829,90.5062893081761,3.528782949336441,94.84819897084047,1.470925463214308,94.13436249285306,1.157904194929272,75.31961120640366,3.004928933957897,88.86463693539166,4.65011827064544
92.15083120113209,1.568793651607043,87.2675424177018,4.856764836414462,78.41978873340098,5.440499579566631,78.28699666947783,2.804688815372105,92.39254420446261,2.0618795906879375,95.0881230434969,1.6284643778426577,95.49922097228377,0.5073305594691633,91.86309123915434,1.483776066349257,95.36471361797625,1.1619799660741545,95.33040781028889,0.5113096054462821,95.54581969439243,0.9699816830206431,95.40159236124016,0.5995502905339632,91.67383753341241,2.6988922492031504,94.53622836232651,1.4422774681602955,95.22648980116924,0.9400674755008185,95.18818164925172,1.3468842327163306,93.91043325376293,1.3057584756288503,94.03936591432124,1.3238532894187287,95.02494318100601,0.7764653195799364,90.66381737875042,3.5242001363485675,95.0032161694707,1.450048255265505,94.16258094026502,1.1255450560820774,75.91160536885891,3.988918350865749,89.39035720922256,4.543848745229774
92.3392606992767,1.4655067275801301,87.46662283084135,4.618434740542148,79.01083507247208,6.5543238959379195,77.93962091540638,2.1752325551022347,92.93247376997627,2.2283813820068428,95.01029188941936,1.4881602231604871,95.5770605220275,0.42501847467365966,92.1026901855399,1.628587495476045,95.1059206952743,1.4401322891216932,95.4965836644844,0.6322806943483404,95.68140884530717,0.8063459520589672,95.58678063981246,0.755682311030057,91.87498213213641,2.1560703435496946,94.93410331913432,1.402274013302586,95.05217416163984,0.9681794920307739,95.39580891391977,1.4810590613661891,94.11847108264958,1.2381100842412713,94.0998885045313,0.7683245029810483,94.54215386374683,1.2977808320459596,90.34477829554876,4.104305036140047,94.87578261242459,1.650888464368151,94.25712570399382,1.3940635245172532,75.09763000657537,3.8262872653905022,89.63706795505877,3.7606738986077977
92.13488285661194,1.3925630598150534,87.60124076218247,4.920960297925524,79.95282816587333,6.003389938943372,77.17011878725502,2.0677844252397954,93.40523464413855,1.8192188228503547,94.99292422488102,1.5849044732067483,95.5185328130137,0.5409972425327214,92.4160555769973,1.8702146665064823,95.20548336835486,1.4742880331435262,95.8101405148877,0.576265141762772,95.70064468173308,0.7626099251021341,95.36701116400073,0.9098208579992807,91.93604642852037,2.413778637261299,95.1964778363852,1.2118562781284308,94.89815172177194,1.459350133051316,95.11499921380278,1.8380285475599083,94.15483797189702,1.514391021145161,94.13868519233242,0.7425604881376124,94.75234787083494,1.2199568143752904,90.2913218119702,4.404418709695135,95.21749074431439,1.361834846262855,94.22102148462628,1.3270916952498306,73.17437854682161,4.020010728143679,89.71768371999943,2.865134415509307
92.04557150208703,1.7219502323495552,88.6977528732346,4.417487050956206,79.68608839842186,5.792028191698305,76.65818514494825,2.1731006078313753,93.89058836983247,1.9199257123429203,94.7973011607296,1.9737921300887074,95.39439075990623,0.3536362187997133,92.52144204928814,1.8016190074557672,95.55949453942478,1.375693274805726,95.91686202756019,0.6849396530072868,95.76390874263822,0.8384596675325912,95.43741780547774,0.8337383467562989,92.29029675796214,2.365503462990893,95.3713762936703,1.1329109874584944,95.085482303162,1.2055719409061758,95.18282920693007,1.7689727857760147,94.16190176682485,1.9519779851255747,93.97020984618902,0.8336949652277545,94.68365829950255,1.1736776102718074,90.75976327977587,4.198197716827772,95.11450054319859,1.3396932681313158,94.29941677625936,1.3621800804447204,72.16464634913373,4.271042378392894,89.83375264451941,2.899786924196815
91.75970266599958,1.908459957543816,89.87892216424845,4.947785563079838,79.910085054678,4.5462490446632895,78.454292044886,2.699211280039737,94.13451504538631,1.7148787511364953,95.31613179901365,1.1894672945350997,95.4380673289972,0.5720352048369481,92.57322564505753,1.7225844586201724,95.51311557429776,1.3128167320767228,96.0314487885069,0.770131043773999,95.6187549138732,1.1188971911758316,95.72253591594597,0.634199673000338,92.75863054820954,2.2232911409968787,95.24622971910514,1.1142215522634364,95.2592380816239,1.0155935554181295,95.25366306911585,1.5536686468987815,94.54177685655063,1.525844634415538,94.06861553856051,0.8696604212644802,94.85297691373025,1.4162387994849452,91.64391394467872,3.310621054001779,95.0223715245515,1.2701447144760505,94.39882781788292,1.3509555510056928,72.0327353298549,5.533395954428208,89.78986491315847,2.9283332477950132
92.00974926380192,1.965441311271976,90.03044858049576,4.517450543253503,80.78079881064698,4.662964039739601,77.71635646281842,1.9469103015929958,93.84652771821482,1.8687168003019445,95.50132944506389,1.350165214044963,95.61912113674701,0.7927702025579332,92.46075992795265,1.4580819775559963,95.76736140892586,0.7920987569866801,95.95848700574663,0.738576324029804,95.35308917288505,1.5156789911205162,95.58881550733338,0.65022625574115,93.31432083940875,1.8856166164431534,95.16367898904996,1.0625283434627517,95.24573291019814,1.455162506246999,95.3676701832633,1.285855631631792,94.36015095634274,1.9114418971441032,93.80378534465507,0.9002355605695135,94.99428195671442,1.320594143451832,92.32238328044143,2.9171651406375756,95.3716728135632,1.032903438097205,94.41004088400949,1.1944474736483504,71.68496440518054,5.778021812259729,89.75355233439117,2.296102495508713
92.11484854116335,1.9691517219262664,90.68674681571913,4.3309610093093145,79.80200992094692,4.31926553963895,77.39439337841121,1.412288625564477,94.28673537946908,1.5024428186377723,95.7941760896602,0.9845401786127788,95.7813103083499,0.5500703463000873,92.47423269909798,1.5435980608234416,96.12554143496348,0.7127769713530465,95.97529769988422,0.7787367289359722,95.7697311051706,1.007481217622238,95.74757337069175,0.4922356063833983,93.25146884336625,2.220284680216264,95.06125541434963,1.0723532843167303,95.23637299329549,1.4634085780407404,95.38232813460465,1.2747682249678778,94.88427944477006,1.2378458330378144,93.89504381513302,0.9647802979884141,94.4605663802839,1.720262894361763,92.11713579117409,3.450912854515799,95.30055894672137,1.0803396633417335,94.45570597401112,1.1952394871739191,71.14648406787414,5.639718927470156,90.15696253198577,2.5139880112658384
91.96549062214089,2.0132063430446188,90.86359217749313,3.6021444858295326,79.6050148673376,4.504948634995384,77.12988906678865,2.0322330530266264,93.86850983531566,1.802145895568519,95.85973238792313,0.9072718940471916,95.78553865507777,0.6696223540071479,92.4585430009149,1.5387544875828094,96.2245539798719,0.558046519431972,95.91505603842634,0.7317568476222789,95.86416399817017,0.8528369089680223,95.80712488563586,0.37924150043249233,93.77315873741995,1.543077300585156,95.19041628545287,1.2844927587796255,95.6771786367795,0.7926983242335947,95.36167657822507,1.1503820533900333,95.092206084172,1.0909861334588993,94.0600697621226,0.87751711066924,94.65347666971638,1.2821652238899797,92.61236276303751,3.0982879858949084,95.43973010064045,0.768460827776054,94.26663998170173,1.2248488999568676,70.73135864592864,4.717516556806064,89.97641239707228,2.457189953332948
91.94478992437564,1.9048888549911085,90.79012451573244,3.5959961665107296,78.73611528069648,5.394179873138685,77.38273934611371,3.1454697890153875,93.93060856885533,1.7755776402709333,95.99491072322056,0.736242748448195,95.901273748767,0.5275975149918251,92.41197409615303,1.8977882524342895,96.08768995439664,0.7064195778953369,96.0406570313505,0.74829032796186,95.87954425240524,0.747512057088328,95.90885048105102,0.32995676800158286,94.27513545195923,1.2075439649073556,95.32386956583896,1.149193902483739,95.62650998556131,0.7320188404062674,95.27369158410887,1.2176649380143942,95.1837714971909,1.1370272479203898,93.92145930722936,0.9371686545812541,94.34018098383153,1.7022322344314536,93.05513859701792,2.8332203820031534,95.28069648754128,0.9991772042419186,94.44797072236281,1.123728091411175,70.0787694243113,4.491202683211023,90.29420594416091,2.7125892170145174
92.27390993566833,1.8231769709311876,91.45117941386705,3.6377660000066654,80.15096497498214,3.9940800899623725,77.95782701929951,1.8087990490148282,93.96740528949249,1.8598437549034539,95.9626876340243,0.7058587634882509,95.78527519656897,0.6695958252570188,92.58756254467477,1.8469988511305813,96.15725518227305,0.8713530288762933,96.02344531808436,0.7649798311345425,95.90650464617583,0.6391318738505346,95.77855611150821,0.49283986112002126,94.24889206576127,1.3289419676875016,95.2157255182273,0.8675891408231303,95.68520371694066,0.7756373796894022,95.29864188706219,1.1399964459573888,95.42987848463187,0.7493953139743508,93.93652609006435,1.0006486652304019,94.55353824160113,1.559678780625663,93.55296640457469,2.241999629975929,95.08863473909936,1.3274007164265906,94.47619728377413,1.185620069441503,69.62215868477485,4.609445224919389,90.06890636168693,2.710514804114876
91.99859897925631,1.8268851620030246,91.52453930720955,3.3392231601339164,80.61130252040772,2.9868108244150338,78.08517634276402,2.5087091439701483,94.01135112724985,1.8993813834461752,96.19065319018141,0.664496427071601,95.84697422407753,0.7022604827407916,92.70039600280202,1.6980926167807173,96.19465610659195,0.4390410198261733,95.99879912507683,0.7398953227160483,95.64911578435718,0.762912868950439,95.93832649501778,0.4994579476083692,94.6189366538478,1.3178212681632677,95.36190653190181,0.7352948868312856,95.48957097313756,0.8852225595079931,95.11129537234271,1.0154538649844849,95.53231640195,0.7583003339727475,93.92643211482651,1.1972023841269395,94.82737422979598,0.8054934455468042,93.5245678994696,2.331428757917028,95.33588757523339,1.0261057168984467,94.35331455774921,1.3208194154895654,70.66577077585097,3.68674404523893,90.4012923701554,2.4746126865359512
91.64036141133413,2.1342764138071133,91.58017384342654,2.6492608443985075,81.02147309429861,3.372312168453279,78.87116143420826,2.390758253164441,94.1244924801281,1.694258682572475,96.22405215302794,0.5915372648136702,95.85492079830732,0.5898554623569869,92.54174529650597,1.5295274581079397,96.32484131068793,0.46282693036463146,95.99145079201693,0.7577579040762328,95.55341110539257,0.8840083911535278,95.9661462800938,0.5564959778710329,94.69320066334993,1.2487230665772142,95.39872476696975,0.8467759426912554,95.52210213301309,0.9025625451408422,94.92637387773775,0.9495935802324839,95.34911648653285,0.9207749047819449,94.25115800308801,1.3771908792599383,94.87304855035168,0.5215943897394903,93.91762452107278,2.1285309361953018,95.54640590152684,0.8087083451019226,94.33178932921598,1.2032338622330945,71.08966660948133,3.704369764947459,90.47420941270659,2.969072593382967
91.99193675211231,1.6107953099768775,91.36946545241395,2.5582590065863307,81.47783321657826,4.701765777400824,78.7118818534033,3.2830452435282096,94.22534204469098,1.4745068936007537,96.26774557879536,0.6477964141440313,95.86901511144153,0.4011106646930431,92.6224141135431,1.5976709559644064,96.29462307175433,0.5167607703028017,96.14236493344961,0.5399108465302158,95.27485095858292,1.3629913195401535,96.0521537735714,0.6325694840601397,94.74301971492703,1.3413860311248726,95.46685347477377,0.5525340552872783,95.54791484981487,0.7718220411078116,94.95060545841852,1.261680598183613,95.51417501822809,0.9425108659629216,94.28352895763935,1.3308609889025589,94.72715055685019,0.8314527740547882,94.19703489785122,1.835721790020297,95.43096916236577,0.9053004687085918,94.10310663788297,0.9534490353988261,71.05780090640056,3.995891486754188,90.33582569659885,3.0841456191661405
92.26960798330143,1.6373671764228641,91.45297801160896,2.37409093886432,81.54033111257255,4.329648182640941,79.10888399622567,3.5516311340403948,94.45686672575985,1.4171730333681463,96.53861550338833,0.5058423122422302,95.8968347010551,0.41840195120458473,92.45146255682957,1.5865126851350786,96.27198124267292,0.5973849966614369,96.19377805735853,0.5220214738526585,95.33440082349242,1.3795272965189866,96.0971320733137,0.5557236034114691,94.79269722357246,1.4036230631911846,95.60418036771223,0.5491531669505737,95.62233723157863,0.6695456539944782,94.84716781517169,1.2051085692736236,95.46164183798932,0.9360064126091416,94.22768993223345,1.3963259914996538,94.10059188516854,1.5517179790340092,94.26300288794214,2.0374923508153544,95.53426929345495,0.7855425401055116,94.23483830383438,1.08768740005051,70.34011952077317,3.947131925388294,89.91950933577331,3.3656053903952454
92.23446994066767,1.820041096834309,91.53120308814067,2.1057722912523578,80.7109872042319,4.588322316189583,79.79969976410037,3.9896204156313093,94.4889556079777,1.5469154665227824,96.61333905211237,0.42149855412031806,95.96139824147545,0.3720783291440726,92.41761383944527,1.5822480742790772,96.2356136964758,0.600331196158019,96.16498677532347,0.573751737417615,95.51233111730647,0.980875732424894,96.09278718993495,0.6070348085380627,94.98019872757168,1.4480433063488525,95.71835013224675,0.6593199180467473,95.53677889770533,0.8182533689836087,94.66252055186217,1.229666167852649,95.5736650225177,1.0021980790515261,94.42747873329043,1.4928667102319868,94.26406462220316,1.338509829832187,94.78661805704482,1.1970487256648241,95.65687325755951,0.9420854914084967,94.13381942955179,1.0416661147408692,69.59039245121167,4.316375631459095,89.52305382800772,3.4039588373407526
92.37504289145603,1.9286655416672174,91.10159556216402,2.3652970325119425,79.74107857714743,4.146795983779605,80.24877044492737,3.665370304355746,94.5693697815395,1.45350140784698,96.6101452590644,0.3661126293640405,95.91530367150862,0.5431141615674164,92.78823058446757,1.301922212779367,96.37610088070457,0.47251040500951125,96.19638567997255,0.6136164421039029,95.41347363605169,0.847809059014147,96.25900720576462,0.6390738029242843,95.09922223493079,1.064521582959846,95.82108543978038,0.5578929165165134,95.49210797209196,1.047528433673938,94.35248198558847,1.2184261521803268,95.50540432345878,1.0800663378290465,94.45656525220177,1.429465128821908,94.64485874413816,1.187728741503077,95.24405238476496,0.8557906051505506,95.86283312364176,0.9361001837888715,94.20693697815395,0.9648996210361289,69.40909870753745,3.502153455731767,89.56407983529681,2.9164565535792213
92.2877200005719,1.8680254020580287,91.54926154154096,2.3767340689125946,79.30443361022546,4.198823400814088,80.25549375920392,3.634353773896028,94.51510515705645,1.6836904741425556,96.38863074217576,0.44180887977130495,96.0064624051013,0.42770407308054514,92.96770227184993,1.448705515601872,96.40607351700672,0.4861795185403126,96.21220136396781,0.6781638862929811,95.45229687030869,0.8309843961160496,96.34402299014911,0.49241160324073185,95.13189311296343,0.9913497546035288,95.76698168508645,0.6214924668460683,95.40182720215032,1.2118868837771157,94.33638820182148,1.178965255189438,95.531647198433,1.0845511403665553,94.7524412736085,1.2075256490075317,94.52282572952262,1.0882199610218508,95.34235019944812,0.7955648452318591,95.96199762663883,0.8584316747702079,94.29692749810559,1.002164210657401,69.64485366655705,2.775087052214855,89.81184678952863,2.797276336428938
92.36281490377742,2.09409030405128,91.30708301163823,2.447232176220909,79.72277029538762,4.1381245871602275,80.72745989534185,4.240555515049075,94.67730405192874,1.5591598322835825,96.38100140116096,0.39834544039097547,96.07875096508535,0.6206311452381454,92.61602470618513,1.4814162571258156,96.46850247347803,0.45816845460518835,96.15438506190843,0.6569184038453675,95.52100311686827,0.6666169471513903,96.49037774155728,0.4277585769971333,95.06433902376253,1.0296140933376425,95.74604672442882,0.6286190705312353,95.53258414114552,0.8173694823909666,94.37176517686082,1.3861191755145044,95.67370106659804,1.002474668382796,94.85630951359697,1.0824900763471306,94.70132395413343,1.0513366991736546,95.36873409396358,0.8607306897306186,95.94778530782648,0.8340760750384048,94.18875639815846,0.9200495950933206,69.76251751451201,3.015542008937986,89.64656429613107,2.760192477406332
92.7547504325074,1.248689285895681,91.7396090990978,2.3988960986110732,79.77909952674398,4.867809905461337,81.06461160120674,4.349279664546164,94.74457042364278,1.6562087242348857,96.2504110607512,0.5293334133025717,96.10686149754792,0.49082770432797945,92.38300853576584,1.5212001436014129,96.42584464048268,0.5550593566866511,96.1357429833717,0.6052897919878114,95.37109849730486,0.6251140107451649,96.32633219427804,0.3428228459236442,95.01465520939078,0.9394123152972764,95.68278977995737,0.7212516861178317,95.58856750689867,0.6464235196056033,94.58128994438171,1.391546697952909,95.74326932700419,0.9529097034058953,94.72684119472126,1.0371353820092848,94.77373786477173,0.8668545475371854,95.65719678014327,0.8544847892646537,95.88610400194449,0.8376509137627787,94.41357715789022,1.07743936723823,71.08948971275791,2.353601955556908,90.04961324544975,2.483277442728974
92.63768944809837,1.2461713390447855,91.7646554189305,2.092623392392491,79.66557048899058,5.459533811971536,81.3971975979411,4.876460804687401,94.87374892765227,1.4178616876237764,96.47369173577351,0.3176280691611717,96.02830997998282,0.5109258183002836,92.75536173863313,1.1208284957026506,96.4039176436946,0.4292485062643056,96.16728624535317,0.651668206452297,95.42779525307407,0.600345442321311,96.30826422647984,0.4074535046831691,95.15870746354018,1.0568492056528551,95.63768944809837,0.7551112322818834,95.69245067200458,0.8104073705463919,94.53074063482985,1.4050458184527632,95.68072633686016,1.134516001220425,94.69273663139833,1.011475898634951,95.1289676865885,0.6344641845395806,95.69345152988276,0.7886008856543569,96.04661138118387,0.7503369610181276,94.42250500428939,0.7738621918539542,72.25822133257077,3.427200321457055,90.4991421218187,1.900083164535029
92.55222408098487,1.3017738767534275,91.33473455439741,2.4684079091411375,79.49141394643904,5.778665693562803,81.6500092938132,4.69774699066473,94.83607143367792,1.447602001109573,96.44075551552066,0.40773220964659534,96.0085217117774,0.5318129703099186,92.49874890976422,1.4240704432743367,96.4942306867413,0.5695303774063296,96.1273395387409,0.584426126922533,95.36424598578762,0.7521991509350243,96.3419551323296,0.5556360241057927,95.23070103947724,0.9977151156460945,95.73113713378802,0.8499845902514713,95.65435593874665,0.7174108118261723,94.45445316633068,1.3955287863584052,95.73800025736713,0.9388732047929057,94.53609574057393,1.049901830968066,95.10902357768913,0.6946541105307701,95.76202118989406,0.9326945682703952,96.00108666123336,0.7914828643524553,94.43600852171178,0.83343643642891,71.97400591944407,4.123427400772611,90.34959035731137,1.9642861792870339
92.52995510309132,1.4356278719643096,91.12428150647717,2.375872832954236,80.02816780577082,5.26840787126184,81.34819411478739,4.57355863455681,94.89447796619862,1.1064487871506838,96.61328605336155,0.25586683764863866,96.14372730132402,0.48228878115605517,92.55797992507651,1.4536389870504267,96.47015928393719,0.6803766063295493,96.11813320369471,0.6101882095289494,95.37704824272927,0.6224082053785746,96.40081214790243,0.41091549912565467,95.21704938659954,0.9405245724987036,95.7957047670794,0.8522630553475095,95.66830621407533,0.5298425226499683,94.60207612456747,1.3614064025473898,95.65758243015243,0.9107840433379104,94.67399696874375,1.1257861663353312,95.0772112442449,0.5624083045529915,95.86390803282907,0.7745454368044287,96.01890245646146,0.7419340459719326,94.24819125511166,1.1141461451173478,71.56166890674598,3.5113828006965604,90.78769767508363,1.6993114261407474
92.47865936485694,1.5215045252912676,91.53609677280983,2.1010462819888427,80.13412070863777,5.356541159773962,81.87197048772467,3.9926215669836957,94.74941733274233,1.2743346809409568,96.51357650456839,0.33764222931750565,96.29180548207673,0.31412278416865347,92.49710453694038,1.2982270942280751,96.45495231422566,0.6268874672765649,96.00826458098003,0.6405050379219432,95.2821825357107,0.6151559674148919,96.4223515449619,0.4458510271724736,95.39914494473598,0.861665653023087,95.84583267798162,0.8586967688233235,95.78949626092054,0.46375709895873674,94.72739751490629,1.200198434576213,95.6496561190786,1.005860192443216,94.70251798046812,1.1454322475451166,95.10001858815792,0.5352169721423999,96.05888156483692,0.7885307622124753,96.08461901425568,0.7734111480773939,94.33432946794974,1.0186052420248475,72.16566338275877,3.6629211916164737,90.94313453536753,1.8361885394854747
92.74994280485015,1.2811273424577478,92.04444063143445,1.9557099109240947,79.94266186227408,4.488727415867468,81.67724776938914,3.863725829888206,94.80853923587279,1.2604630624570312,96.38898421413863,0.7376769812349696,96.17736215968887,0.36983763327386443,92.45824754060855,1.3745709602206282,96.48936170212767,0.40973938310799046,96.03623312743079,0.6943657999315187,95.20747540608555,0.6578088910398243,96.38154884465797,0.46890309159182797,95.64244452070464,0.7127179656260934,95.80259094028827,0.8328169768269544,95.8949611072981,0.529284813680755,94.59319949668269,1.3430072546652534,95.6700411805079,0.9827653050602297,94.76936055822468,1.197010325193038,95.05547929535575,0.6558325571327221,96.06397277510867,0.9598057329989073,96.02450812171128,0.7561046978839879,94.09831846259438,0.9394482259442903,71.96994394875315,3.265055993092319,90.81374399450927,1.9459629831562906
92.99778365625222,0.88579733260787,91.54085936941446,2.2769084049600994,80.32372917709301,4.566745733279996,81.96396654035891,3.997008352955474,94.84192464431257,0.8682050817943212,96.5024665761064,0.37485128453848743,96.29084149567456,0.33933529391650746,92.27954529205691,1.1251963964566833,96.50904411239006,0.43195794377210284,95.98141131050261,0.6443869543535589,95.16965753914349,0.7019612232909276,96.42439408021734,0.4926330399788284,95.63866447415458,0.735565620312409,95.81554300421821,0.9305493915135151,95.74647887323944,1.0937618582066513,94.55951955387145,1.2247842074757962,95.62379352255667,0.9739514070839991,94.70265246300137,1.2378362455813339,95.09401587188104,0.6401574204431698,95.97383284478445,0.8267298377331331,95.73747050832917,0.8070518755246219,94.46028454993923,0.8176347629778596,71.96711231858156,3.4406869971004133,90.76699792664617,1.9650184812167422
92.78047873709497,0.8964810327431523,91.6481253753539,2.107484894481991,80.10181027826236,4.440196316037901,82.2399691137358,4.359183556120962,94.81053564789659,0.973575316518582,96.37572568421652,0.47045885965937245,96.31709897903738,0.3321972611915422,92.4820545085366,1.0649306131835934,96.50041467669517,0.46320356901704096,95.8549489518689,0.6862567960592353,95.23936854748763,0.7289693433102025,96.41633540195042,0.3357637658453952,95.62244401864618,0.774899878391726,95.87410987502503,0.8585031259605066,95.6084308061887,1.3014309407211029,94.4856579060257,1.274600271978189,95.74841993879946,0.8831010618272778,94.89518689049676,1.3085207034591155,94.94065833500159,0.9733480519880413,96.03183001115336,0.8831736212811686,95.77315754854578,0.6395012447503713,94.2605885549232,0.9017492728241598,71.66313953155831,3.352513632465298,91.74378699917064,1.88399055867979
93.01274076616191,0.8005851824639284,91.68918822301345,2.430665222202931,79.99714011982897,4.948422537048841,82.14419515822287,4.821110230249085,94.9354382051392,0.9669780550978282,96.37553086525674,0.4267517417194253,96.20551098908956,0.3169459538353869,92.54901119643087,1.4563265570508312,96.45174667181446,0.5045590550356456,95.88263051778132,0.6348612557069409,95.34826190782606,0.740537089295392,96.46518810861826,0.33400841588234065,95.71547052178514,0.6768370467120166,95.94654883960361,0.6808437294250294,95.64039866729584,1.0322251674476308,94.46412995295496,1.2309394359833752,95.84673902163499,0.9294287713737721,94.90026167903565,1.3646545684045113,94.96389401284087,0.7786300031955419,95.99673973660502,0.902132008319278,95.8122774655742,0.6647834979985716,94.30697953755738,0.7442755177874644,71.96631061158539,3.778054103499255,92.03609168775827,1.8472148668181099
93.06454841846366,0.8342587427366592,91.8786821483727,2.7895915637569244,79.96596693931248,4.848688946281347,82.44794943659556,5.374823882162593,94.96911285248527,0.8755443644602422,96.31155980094948,0.4467486899203312,96.3550306011554,0.2792533895748575,92.52488131327576,1.5872550645075647,96.54335640336326,0.4645475217905412,95.94134301893268,0.5738586977959871,95.27112051707374,0.7505118943971552,96.59426299834125,0.28475469446912505,95.64133729909054,0.7773782735987312,96.13453068695303,0.5232892849914859,95.60330034891037,0.7849485807208634,94.62334839558426,1.601393769228501,95.95020877423784,0.6428347616687499,94.91019847852199,1.2567432009130428,94.69713435909169,1.2007420744095265,96.1961619859292,0.5375561719508543,96.04973402734083,0.5199668611377254,94.5498484241835,0.8241023213380423,72.19170050906594,3.4859977479814117,91.86981639306755,1.8214815941188403
92.97507543149678,0.7965682583215432,91.4856072414237,3.2818000463452646,80.43700218787089,4.507050488913279,82.3641875563055,4.92301554476636,95.02681214339849,0.8307608135631053,96.1140266834451,0.6294838162718975,96.45908109422146,0.29122418447377246,92.48602193590825,1.3414824062809902,96.55160086370852,0.3551361437617786,95.90238949821966,0.5754401425277075,95.3095193833922,0.8372443882510053,96.59178332928172,0.22137214074429853,95.6933262787605,0.7296751862071817,96.01921894438804,0.5398668921094351,95.60080650927341,0.6966024915877973,94.55820737584189,1.554106100123238,95.83618137878766,0.7843840774532773,94.7559737455492,1.369323057374846,94.9257124880239,1.0895657955574025,96.20239950808654,0.549812736442075,95.99948520684674,0.4662493283481933,94.65945002931461,0.8399312071939458,72.34259484348857,3.0694801043399247,91.9164605110752,1.8556187695302173
93.24224224224227,0.9552861340830201,91.58973258973259,3.567502959554628,80.35292435292436,4.803371005929791,82.47061347061346,5.089917450495873,94.93164593164593,0.987748279989066,96.20463320463321,0.9307374872135885,96.53439153439155,0.2697001273289396,92.46846846846847,1.3549851459523983,96.54125554125555,0.4752831067446376,95.85871585871585,0.6214582865650917,95.22436722436723,0.9178580225404528,96.59716859716859,0.2521236490466685,95.67996567996566,0.7205152705973666,95.98384098384098,0.5703602427468853,95.62147862147862,0.6565087974187215,94.64564564564563,1.4812451604178365,95.83311883311885,0.6650676533786085,94.76976976976977,1.18619928799553,94.93350493350492,0.9880900118424288,96.18604318604318,0.6224838930872113,96.04261404261405,0.4226408840924586,94.73015873015875,0.8544264647191326,72.12212212212212,2.137228968143274,92.15844415844415,2.150962137971662
93.07182999899898,1.173530149470294,91.76264496846802,3.751012977477557,80.43629967538504,4.9712430034135355,82.33422471363812,5.369311178899384,94.95731384690187,0.9689497440092375,96.34572208954796,0.7576663480882894,96.57109353773114,0.20060898210167116,92.44719644210558,1.2828541607538868,96.59883596219022,0.4344646525709191,95.83820732457207,0.5663327367869935,95.34999785496719,0.9221665595430921,96.65660884611535,0.296491509524652,95.54619685681192,0.9471684364532155,95.89569420412133,0.6003672115170477,95.71551144732514,0.6120485123556612,94.57535500293156,1.4098050691038528,95.924294641708,0.8759654904714671,94.58936921734903,1.3752677660052133,94.87866264353845,1.065137289637941,96.14780706144803,0.6917019821512277,96.15038110083084,0.4840762414715875,94.70405697207168,0.9546895468087239,72.09298002259435,1.7540544203622117,92.42403008766036,2.2670860602377916
92.98378331998626,1.1553842987862393,91.28989818098614,4.242618039243768,80.44231209243794,4.2725268699351355,82.41734355336918,4.465619850231558,94.84226633108341,1.1244067455688023,96.43075735041757,0.511853862502322,96.45249399382223,0.2458542231049579,92.44251229836404,1.3994568129409495,96.5987873241048,0.33340430218817824,95.74905617206268,0.6451140157517057,95.19906189223202,0.9238703883752514,96.64440567440798,0.2360187280762268,95.56029058460129,0.9678082755404382,95.9215192769706,0.49356062552675234,95.71959730008008,0.8299665078840223,94.6020192197689,1.3724079875521193,95.94668802196546,0.8806221563776164,94.70183617435075,1.280647810463855,94.64649353620868,1.3905064515085463,96.23627159363917,0.5910409927396552,96.10513671204669,0.5123541320083146,94.63777027800023,0.8996509950403607,71.97445944399956,1.621842529025907,92.29664798078024,2.4599492212914043
93.07935418364865,1.186229998742861,91.87652837959587,3.418798196305336,80.26327455775308,4.811778587437771,82.48559211749395,4.59920347343502,94.79256939379638,1.1362138483928266,96.43585453401404,0.35296721925303326,96.44071674746523,0.25303258615364244,92.48173094798861,1.2739771160403441,96.641211549187,0.33487664417317203,95.69794213965993,0.7164911522482301,95.22230325911308,0.9941506910532393,96.64149756174295,0.34086244580160785,95.72382627597351,0.8118772081230422,95.97508830637665,0.5126180667358147,95.52776466886897,0.8200658944021479,94.8158794171064,1.128362026498161,96.07047349378638,0.875588984221125,94.8370443462468,1.19293743060616,94.72621448081568,1.326616573899548,96.2689662076165,0.5791143359470787,96.16857580047765,0.46120081148825237,94.66515080012013,1.0271901638135492,71.94531439930213,2.212300630912552,92.16625909877443,2.554031866724888
93.1496153076109,1.015514135311599,91.91216428796156,3.5090307058657806,80.87621199553813,5.0543528253233285,82.32045305036755,4.99254403362788,95.15487801390042,1.2043997618304536,96.35929411091726,0.33065231445826115,96.38517861739554,0.25924379829909217,92.46717958985214,1.284278790867253,96.72496639304407,0.24197198435776107,95.64267940394132,0.7382181753019375,95.33635557589453,0.8759003420859844,96.6019792351915,0.3333164477005594,95.84131796470554,0.7724117696801067,96.0855761805337,0.4934296146882886,95.53971341132053,0.8058115983807944,94.93736235448903,1.0217542772049666,96.11989817807395,0.8115305395218867,94.89217172439434,1.2661634288932595,94.66936475702887,1.179661129094063,96.22729742871036,0.5767192340689778,96.28993507422133,0.3957679056601501,94.64719846695077,1.1271362267426739,72.1291079140806,2.2687195728619702,91.86883276606697,2.6071930334214146
93.2775116195924,1.0207789272544332,91.9123346442617,3.88321343940138,81.27193421523063,4.862741123086215,82.45977833392922,5.040805676410362,95.37590275294959,0.9053372313760519,96.26213800500537,0.6029345110140528,96.40729352878084,0.2709967613984768,92.52956739363604,1.331515165787587,96.65541651769753,0.24965616990342077,95.58655702538434,0.6580955681678874,95.35702538434037,0.7790708720277834,96.44790847336432,0.3633374226694699,95.89717554522703,0.7101194055918425,96.06220951018949,0.4298822447503312,95.55352163031822,0.6315791230041334,94.84833750446907,1.1402183656887699,96.06549874865928,0.7434046500646998,94.94086521272793,1.223718788324101,94.77440114408294,1.1458807826295396,96.07379335001787,0.6701338897510793,96.27786914551305,0.4908386058884546,94.63811226313908,1.0668483466682397,72.91884161601715,2.2564820382852857,91.70740078655703,2.748763683800558
93.23479778044734,1.028800777283415,91.84857845661001,4.034931654287748,81.01038270121848,4.262617116385798,82.43635947600251,4.875002351093522,95.54845260568615,0.7438752022852241,96.48246667810766,0.30714472097228157,96.36934385904696,0.3772672075590665,92.45480807734111,1.5182620339443635,96.59373033579315,0.2787926406073299,95.65370974200559,0.5007225688148853,95.2502717235856,0.7563166022004701,96.42683484926492,0.25979121108358905,95.99150506263942,0.637401513778976,96.1621188719181,0.37955138890222506,95.75024312110291,0.5273611397866114,94.86957267890854,1.1908298027591406,96.10119558377667,0.7697341548094253,94.93049596704995,1.2448874987482976,94.79005777701505,1.1789754625270417,95.96576282821349,0.7879694448529659,96.39537211829987,0.46533182541627693,94.64161089182542,0.9848285459844511,72.61855729077284,2.288043513420733,91.45715348092213,2.8802166258189157
93.06208257654848,1.1781046054985909,91.74220213663601,4.609755144494534,81.05444560445059,3.884093193193559,82.58241208186148,4.4592523525509415,95.65607882956968,0.6736476529998763,96.65889621440729,0.25506323003375314,96.38816984397121,0.38912247428438634,92.66636156915465,1.4497193688223358,96.603835647784,0.2506354809593059,95.66408763926033,0.4942041706047442,95.2173104700885,0.7447700354048201,96.47526564935714,0.31807084394238533,95.89691517812452,0.6375218202814554,96.14490224961742,0.4477701169774187,95.73201950717218,0.628093403503286,94.95201864908543,1.2823475879191568,96.10471518670538,0.7626557749119369,94.91869628019393,1.3204920805452653,94.50938889921771,1.710381513732579,96.02491311871631,0.8274998130737955,96.44380246842955,0.5514245858091338,94.60763983238705,1.036099089054655,73.76085122205855,2.3157585311443674,91.69143200377559,2.5074099210792324
93.04153199279196,1.1454861787802737,91.66928863590856,4.554985534235153,81.013414948085,3.436537193786044,82.78124195532163,4.23617560311154,95.86725208089013,0.7196712271227134,96.66113669517462,0.18985159463470924,96.40542318583564,0.38761968663790025,92.61048024942079,1.2641714840703173,96.61608649638167,0.33567801539885994,95.60495981236235,0.5553614449272083,95.09210262864335,0.7631007531951586,96.48165098252338,0.30608368686440135,95.89084980406737,0.5999148740582885,96.17588169674781,0.5463086128023535,95.72967020394154,0.6242441704626358,94.97683132633506,1.2780425731482588,96.21492520236835,0.7476246264807183,94.89531191899546,1.3675113756484873,94.65504419209978,1.6812527820545722,96.0291467635365,0.751120514700316,96.49352135236406,0.6607095643925678,94.39933068276079,0.9966626032820557,73.1084637167129,2.246731967459611,92.08904207545551,2.1136432559961813
93.07804522246536,1.0054369731043185,91.97193976058696,4.3450377024293445,80.74226627193546,3.7700377499758773,82.57133050156605,3.864580389798567,95.80841235108194,0.6264982370222328,96.72158578967694,0.2530386177161726,96.49432931451209,0.35888811617784117,92.60751419459105,1.2478414669208175,96.59973398549792,0.34711002673984354,95.47303385249066,0.6496512884989473,95.17298093562735,0.7208556134844412,96.58586118619584,0.39141843799700293,95.9512878820383,0.4840291400355135,96.15380214813862,0.4919443331021838,95.66439267172953,0.5929598908373365,95.15853606212725,1.3323832208212034,96.21544314297564,0.6936714579578023,94.90410606255634,1.3625908622983525,94.58903619799487,1.3634245993728118,96.10031321062343,0.7196312122449513,96.49118290642295,0.6444439327981241,94.35791822199339,1.1092010120250186,73.55215171407733,1.9069688378530214,91.89642596644786,2.2276735142919297
93.19722540045765,1.0848615564043649,92.08609839816934,4.726700545538732,80.36413043478261,3.3999811217681004,82.37900457665904,3.5918392336335923,95.85068649885584,0.4474605885147362,96.7258295194508,0.30137941700922727,96.60569221967963,0.36871422259140635,92.69894164759724,1.158413220572659,96.65045766590387,0.3564869737002875,95.5437643020595,0.6355442597350309,95.22954805491992,0.6717025088804204,96.67348398169335,0.321573435385001,95.83709954233409,0.6035364213573337,96.11885011441647,0.47832341560103425,95.55592105263158,0.7239108739789437,95.08223684210526,1.3605597007840349,96.2941933638444,0.687273248037121,94.95366132723112,1.3462312468530406,94.6674771167048,0.9601144683058923,96.0296052631579,0.7649645941127,96.46395881006865,0.7293523671926575,94.4274885583524,1.0902943245440293,73.53046338672769,1.6168306205102998,91.57022311212813,2.207120165057148
92.92767345070723,1.1704528389641666,92.04965746077603,4.564267469073814,80.36241937098643,3.4154790682488287,82.31153191550223,3.2308784222006697,95.84347602225434,0.43630570252266365,96.78041734006493,0.289632994821203,96.50996152690973,0.3736116026523816,92.89577940187932,1.0857895681687915,96.69488980105552,0.35777933250675903,95.52353437549165,0.620590860908427,95.16869520445088,0.6347785632308764,96.58590654900672,0.38451575051473996,95.90182925957177,0.5118872813237975,96.1252306240078,0.43063772673014183,95.48563337576338,0.662975028492015,95.15854059697651,1.3267575165952399,96.36236216193024,0.7317455937135154,95.07029562779788,1.395518127905248,94.82758620689656,0.9102678734505157,96.19073499334947,0.7269451805195432,96.48922324403955,0.6009824457291538,94.5672850012157,1.141976854192286,73.64965173987042,1.8310566424468149,91.2131180365852,2.21036445456582
92.79899310621013,0.9776098352298217,91.95657770531194,4.929621868406041,81.08984810778341,2.7369603338448383,82.75651477445005,3.168750382142145,95.77705311936839,0.4909198958746373,96.87019079493119,0.2350788564904041,96.50247432706885,0.3965046727596817,92.82087588317742,1.1392903817471824,96.7377499356389,0.30075234929813643,95.46468720501159,0.5998571961829043,95.19751709145,0.6935867976094354,96.60530907634659,0.4010516505875358,95.98958780285477,0.43811662118773465,96.06138619525731,0.47559559947389995,95.594982694013,0.758936599237182,95.07723333047285,1.3779343638908106,96.25704396578848,0.6660093127269651,94.99070339540603,1.3963811768276453,94.98340913641694,0.9162541939344009,96.16021625332533,0.7588820432237755,96.5129151291513,0.6051862577177799,94.4868274264138,1.1011466864412054,73.49223375954689,1.8507896226951335,91.32769816070252,1.9776944752074495
92.96523020152466,0.984268411591779,92.10549651729909,4.750699591978364,81.35260380165053,2.447663563525126,82.68675715491226,3.725534788217576,95.88812449046728,0.4493773587563781,96.80792940200523,0.2787750607857056,96.51815724358882,0.4249801489304391,92.81147646495128,1.240058590365812,96.6824949583077,0.2817541305300592,95.49537308522964,0.6119713401439084,95.16598252213339,0.6377769654828621,96.6533175050417,0.4035916596301839,96.10967289786461,0.4890573168145709,96.05889840811247,0.4808746114174618,95.51310839995996,0.7815825149190421,95.07301514653088,1.3795185628835887,96.25856372556031,0.7874497618584677,95.16340804096285,1.198808941200348,95.2991404093425,0.7188569778123027,96.0397328260652,0.9224220624351016,96.4822575339331,0.6807986041244833,94.4594304675544,1.1487712278366922,73.76131699014546,2.387983585646259,91.2011384927843,2.0243622287009884
92.85156473482463,1.0705626023776351,92.18018765375595,4.485786353394864,81.52254133531666,2.1323239429786116,82.98629784312604,3.8724536344425102,96.01993821156816,0.42552445865720867,96.7285027747583,0.35287495188897583,96.60878768808283,0.30815250520102705,93.0499456490646,1.1932845209955725,96.66199439327193,0.31472688662820786,95.42350820985183,0.638920306887408,95.10755764059728,0.6566283402646854,96.53984781738085,0.46820937244386496,96.11605354997425,0.502451463499079,96.2856856799588,0.29175027401525916,95.58942159162424,0.8692843966601296,94.98212140282624,1.4447063516221947,96.33560272326793,0.7604351972619937,95.15633045368727,1.2135336019673368,95.21926311573888,0.7085187861509302,96.09974826935178,0.9433114813502415,96.53898964471652,0.6304746146391237,94.42044739401568,1.2411104069151897,74.15326963785112,2.402345850189317,91.0365295497454,2.1786818738732623
92.90881785024672,1.0747476910801217,91.91575484516913,4.8784008884000345,81.53786741042695,2.5454502291173173,83.10047915325754,4.087565436249522,96.12372166201818,0.2720410535828019,96.81713509261246,0.3096781158010978,96.62247014231568,0.33325948522205856,93.06014446113137,1.2459588968000814,96.69656010870344,0.3085232875947835,95.40184509761853,0.6357844133323501,95.09690338267896,0.6593128319641629,96.46656654509046,0.40518044634027905,96.1484659944218,0.4080465586560357,96.27447614961024,0.32505091216819476,95.69219766859756,0.8570573058352808,94.97332475148396,1.4442283652186696,96.38275048272902,0.6563512890876368,95.1561181434599,1.2952221244788187,95.11077737252377,0.7828838977955341,96.24744332403634,0.9000083589965386,96.49345633984123,0.6514526281658735,94.47357505542443,1.6697113213975276,74.46828291496817,2.003314876521123,91.1678466709576,2.273860553456684
92.94447464027235,0.9534407969253443,92.17080985210403,3.984434056779464,81.64888291329348,2.380996041898551,83.45023886489115,3.989975815402592,96.16814944074149,0.2867272153139268,96.76559773435936,0.29094801728640984,96.50284635409216,0.43283409945732626,93.42578024430014,1.35287078633568,96.62642675286779,0.34922358830062805,95.3940555539663,0.5333514443850387,95.09368652916442,0.6460507636875944,96.50184512400949,0.3414539712910278,96.15298795663243,0.46028288362386105,96.28157450582144,0.3300912599286297,95.58128557942615,0.7019405771040064,94.89630117000888,1.5400006724466824,96.42274794747831,0.6135836675845268,95.17450010012301,1.1649805556604202,94.93477701175729,0.8582241630729749,96.14254655719886,0.8629436143347834,96.55104843092943,0.6961699494589868,94.34362216437337,1.754463256228212,74.33217953485709,2.368835584866547,91.53359842091713,1.8107183663405142
92.92048689085007,1.0582417172707932,92.05612690057642,4.384639873031958,81.06489494085505,2.4147505296455702,83.43140760659678,3.6521289525936496,96.14892795331339,0.2324712988779226,96.66585613548267,0.33496138558021876,96.46346173100854,0.2941670468805822,93.4807546522106,1.4615977541204552,96.68473674423927,0.38962343231946744,95.45063149914894,0.5265574297439791,95.12293850929012,0.6902329254487978,96.58761603707464,0.33375538501550644,96.20971779211307,0.40563675469481225,96.25305737130434,0.32619688568103744,95.69336174960308,0.5889087910009346,94.96416975383691,1.5253190000416395,96.54785233075394,0.5718028022980935,95.14811265429893,1.134959372404837,94.9736100582152,0.7740238831559016,96.12475505270837,0.9337018725621267,96.52139087151174,0.7748052279298399,94.21194913678428,1.7017499508637173,74.29920043482615,2.266221266913692,91.50215267546808,1.722378248622686
93.01464698478087,0.7011861478924705,91.85776404622955,4.776961338775148,81.60029751687836,2.6527267158115593,83.79219590342144,3.273225306938804,96.15216271884655,0.2889611779855437,96.75549261929282,0.26301541285466573,96.58356219247052,0.2991759169918673,93.4368920929168,1.4939746237958718,96.61302780638519,0.5065380676845868,95.42281725597894,0.49693065862829133,95.1739329442728,0.6467684715073594,96.64521112255407,0.37991930797017875,96.11568829385513,0.33287266973343765,96.33410573292139,0.3841640720345432,95.62921959034215,0.6576045673604192,94.94893580501201,1.5233867506483465,96.53664606934431,0.5946908677881807,95.05921730175075,1.1707464354873984,95.0759526261586,0.8889130292705955,96.18334477629018,0.7438364947814167,96.5001716443529,0.7989086893380718,94.2593546172331,1.6578350533697301,74.51453255521227,2.2415422658358137,91.40877102643323,1.4611195855054138
93.15043412338545,0.6786483225086868,92.14572814006381,4.119285783493559,81.76009497790047,3.099392028817595,83.67967844831286,3.2683639962365914,96.11076940681724,0.334482579735405,96.77990588033356,0.2850109549893573,96.58122469997566,0.3939370334909339,93.55480539543133,1.4110590958156102,96.58379940209696,0.39734220189948055,95.41917580924319,0.5356402103838592,95.22421364306045,0.6616576286263407,96.64544921400065,0.3203427455931357,96.16555334639756,0.3878209549287482,96.29557580352161,0.47781057777550023,95.70968803192632,0.5213367385655544,94.94786228204431,1.4573678560831695,96.55604983478995,0.6354989978761496,95.22106678491224,1.1940707458468296,95.08074551930311,0.9920964120195865,96.24050578592782,0.7695089241998099,96.46679349458597,0.8235346933843928,94.18331879103428,1.4895538853453496,75.29587618543576,1.8454550348009324,91.49118164523466,1.5813138097502424
93.10399084537262,0.7348527178889618,92.15577170647975,4.109072255344107,81.83493062508941,3.1313710657990548,83.93477327993135,3.3841067396900795,96.13574595909026,0.3050869831521373,96.81948219138894,0.2709261356096255,96.63753397225005,0.31149996564328364,93.4189672435989,1.3836911643249565,96.578458017451,0.4002977730260332,95.42654841939637,0.5519798543812144,95.23902159919896,0.5672876147201797,96.68631097124874,0.2245791904834449,96.19410670862537,0.40482035686913403,96.40666571305965,0.3906898423784575,95.77442425976255,0.4433937861403545,94.9462165641539,1.4410906464112516,96.53397225003576,0.6909959127256363,95.27306536976113,1.328497379725606,95.26319553711915,0.9169637177441301,96.17250750965526,0.8371883294578831,96.42898011729368,0.9112312918280943,94.19768273494493,1.6877986202610693,75.59977113431555,1.5385402545912965,91.22343012444573,1.720099325530443
93.1767011400535,0.6869356311687211,92.55789669427398,4.089910238535438,82.55646626328512,3.469345522362812,83.8645954025948,4.021570903484034,96.24426039565722,0.2788329407145522,96.79483328326826,0.24573542945855695,96.63033371954971,0.34027006854461467,93.25880787881387,1.3692349705822349,96.63934543477949,0.31410596937642,95.4053126206926,0.5659192302969261,95.17744496416769,0.5286591949832729,96.62303852150653,0.3388924981734021,96.18103534594974,0.421697169253091,96.39388347709163,0.40162263629427924,95.83758886552518,0.49207094221757997,94.89078659400079,1.4924286129504205,96.54093178274614,0.663617867797431,95.20190533407717,1.3703645412564687,95.36883663047675,0.8608654569280185,96.2263800082965,0.7743644334645351,96.4332203292852,0.972268741382068,94.12722253214895,1.7151036009992533,75.49399934200174,2.127782559039857,91.12861005020812,1.566967054953827
93.04628940893745,0.7293360651782228,92.35981575785317,4.486301668826474,82.75204554557419,3.4864082496232762,84.10282085026033,4.089487187829888,96.3449104537392,0.28719803278403294,96.85000286090289,0.2110470540775313,96.58608456828975,0.3358407566799765,93.38745207987641,1.5583320046870357,96.67648909995992,0.2598167681894549,95.38994106540022,0.6031431326479031,95.07610001716543,0.6082015809610674,96.69823196200721,0.3150345164344818,96.16667620300966,0.43884087052700893,96.44604337128797,0.40271883069666387,95.84410940092692,0.6112866699129135,94.91245637123076,1.507967400117945,96.52714996853007,0.6224583804977569,95.14676431881902,1.4371669338035011,95.36219030726097,0.9288756963849751,96.28225668020828,0.8398448351342813,96.46993191051095,0.9332453824507944,94.10038908279452,1.5636463713998365,75.8056302569091,1.6920019021006276,91.08371001888197,1.7183773157590962
93.11943009999,0.6582471590050845,92.40061796386627,4.285019491698009,82.58085742486446,3.1358898320215305,83.95740054644027,4.409641519461718,96.31195731471813,0.35188376266019844,96.90846410230736,0.1781334457377064,96.58317478936303,0.3247285929585873,93.45315919721915,1.7973072170644244,96.77957858297452,0.3474298247838001,95.34510134893502,0.5385826294463112,95.05256984279114,0.7032561896160087,96.66843091535898,0.2471845531265235,96.15646501780937,0.5030741942554966,96.38748623170783,0.532719033363121,95.8539202082767,0.7350828137624914,94.85030111433761,1.4237165794975577,96.55556668144821,0.4996536008628432,95.15785257556468,1.5013628340136287,95.28158839601186,0.9669567432983752,96.20224011901526,0.9151808827259027,96.56057333314261,0.7780263486479906,94.06497203427412,1.6025384732300982,77.10687055659662,1.765413357022893,90.89933769150441,1.7999859477355313
92.95596944468286,0.6540162956808181,92.69819471862215,3.265989168754445,82.43655766314765,2.9691713707241516,83.94858810402539,4.602694055401147,96.31133236059853,0.3208050662976527,96.96449517924069,0.18575261594231335,96.58398420736418,0.4137047263023197,93.68208737447429,1.7718984464090424,96.75507109547107,0.3039890204052367,95.3344491173862,0.5474856137214514,94.95093411152118,0.5687926942090561,96.56238377249448,0.38658851996113325,96.17486338797815,0.44157610533287667,96.38614711183591,0.5229481989783588,95.93468371813579,0.6535163202705172,94.89199782565159,1.3715355899062855,96.57254026836037,0.49243980618917976,95.12903041226791,1.4207182532541414,95.29038995222156,0.8938858416281551,96.32206105341459,0.8255573267465264,96.53920979601178,0.8371326569946537,94.07618802391785,1.592252584124302,76.67539267015708,1.9135476857473757,90.9916173146797,1.9167959650345525
93.13897432229456,0.6017335568300024,92.42672197982978,3.5234678545578357,81.83949645948073,3.156983966174627,83.5618339174594,4.385226990538717,96.27408625992419,0.35584489211993514,96.95744224304414,0.18833335817311306,96.52886059652386,0.4333572134566389,93.62520563622057,1.8012125675914494,96.68221157284887,0.31115022245641527,95.22780916958729,0.637686619058192,94.93584149917746,0.576626381777886,96.59180316143338,0.3350731663271541,96.27508761891136,0.39287646379870944,96.48837708318433,0.4464455247436941,95.88512981904015,0.5884102048037931,94.85287175452399,1.3636429121655131,96.61369000786782,0.4894799390978191,95.12896073242258,1.3522686290861423,95.4054788641728,0.9699174116924667,96.32587082469067,0.9585294716568872,96.514984621987,0.765634419774336,94.08211143695014,1.631128105154662,76.80337601029969,1.7551278166320514,90.88377083184321,1.8667121604801664
93.1094071869993,0.6806650631907403,92.46495193408103,3.62390516625511,82.13507095445182,3.1829027833488577,83.29079880979629,4.419886555466611,96.26602197299154,0.3098614386807006,96.91534103913936,0.21811580095504587,96.49748226138705,0.37299092307257153,93.6152437628748,1.5897253154011601,96.7060540169375,0.3700229729934372,95.2610723277638,0.6968204075356869,94.93262188143741,0.6284686433562352,96.63867589837491,0.38693270934114044,96.30779354543375,0.4268290440557258,96.4281013962005,0.5251878983711104,95.7992389562829,0.7703767174863676,94.8483634699016,1.4074550079857282,96.58088235294117,0.4389516089540611,95.14620050354773,1.2522032536781094,95.3633554589151,0.9500028954249062,96.25114442664226,0.983159695535131,96.57845044632639,0.6686462626005946,93.96229114213777,1.5612685013293712,77.67566948958572,1.580511718392133,90.87748912794692,1.9247791301204222
92.95623936025635,0.6929419345257143,92.36570676508876,3.5611005233698827,81.96772670700827,3.031377286142559,83.40629157546887,4.103442491372331,96.37697952877559,0.3205290994591803,96.86794558173469,0.2679127407142891,96.48069467690942,0.43049993250231017,93.68596483698839,1.6263799685576807,96.66580833440625,0.36734216913542167,95.3372530506559,0.6833512025441003,94.93126189147819,0.6681132705509296,96.62317783213881,0.35235224648270697,96.2726921591348,0.4556951502330653,96.35323233623735,0.5209057814861615,95.79789136374691,0.9610875439808516,94.8292634078652,1.3945014717044417,96.57883066535055,0.43148748232475337,95.22495457991789,1.178836276665164,95.40720712987998,0.9071277251328684,96.26081856286568,1.0971548718469193,96.58440982504328,0.6430988231499855,94.03487690084832,1.5439559032334471,78.49276855070597,2.055042524854789,90.81198231835545,1.6412025898341287
92.80020600268948,0.6754803723139831,92.43283453978427,3.393647332568943,82.01052902635118,3.108484146710366,83.1888930216589,4.281241053390507,96.37978884724326,0.33385765435961823,96.78693027381192,0.36771101166111125,96.42342136133445,0.4096978033560637,93.55297416382936,1.6086108735014524,96.6427283911762,0.4329083090659447,95.22617378615776,0.6936907410089193,95.10715001001401,0.5411402271965138,96.71153901175931,0.27189797348215416,96.31984778690165,0.4387169080590048,96.38422362736402,0.47869042489667507,95.80798832651426,0.8148860369955088,94.79428342536694,1.4479462873039908,96.54516322851993,0.423999613896213,95.12932391061773,1.2212151295398863,95.45420731881778,0.9123771792063541,96.43801321850592,0.8665788757339838,96.64759234356671,0.5592451905428404,93.95568081027724,1.5627355423478182,78.89502446281936,2.1336847353083246,90.68638951675203,1.5143335007084568
92.95961431166937,0.6995034788963977,92.37836368578418,3.316833989839109,81.78409464814523,2.802858609665054,83.42026580449492,4.34254117264104,96.34726255704496,0.3548826819242359,96.88230497417774,0.27258295502322594,96.45856282456619,0.43539192492029083,93.5980887254832,1.347371119503833,96.747399894136,0.4165783679159708,95.33096808343228,0.7240203020431247,95.03812534870747,0.6487008588728018,96.70433899371969,0.2730975302937442,96.2866053418406,0.48463770342231055,96.41993676771435,0.4274037834606225,95.87030228465974,0.6889370515611165,94.7668845939257,1.4433638508124338,96.52322570492555,0.4359085898255174,95.18004034277048,1.2653078857905766,95.50678817184303,0.8497594745315695,96.45112373213544,0.8570172257616708,96.66900330467375,0.5326299069118399,93.90595270453926,1.4423306262274416,79.23391653910531,2.005549074678917,90.95148853378348,1.0786708689946642
92.77682403433477,0.6394926596498833,92.26809728183119,3.2486980565371075,82.45650929899858,2.765235785052,83.33333333333333,4.328635497473208,96.33061516452075,0.4167038180248228,96.85665236051503,0.3558856436752523,96.50128755364807,0.4737730896980412,93.57024320457795,1.3369167525700616,96.74191702432046,0.3539968695333486,95.2728183118741,0.7724635824991201,95.0525035765379,0.7358492696316141,96.61473533619457,0.3568684080627271,96.33533619456367,0.46104587414853865,96.42775393419171,0.3894343651059741,96.00214592274678,0.46412703674137273,94.71044349070098,1.45064930739677,96.49985693848353,0.5007407310120414,95.13633762517883,1.268074887922483,95.51359084406293,0.8679677906557761,96.4453505007153,0.9080041419249851,96.73905579399141,0.4251831591535971,93.95193133047209,1.4461125134202795,79.41187410586552,2.738229299620291,90.8937052932761,1.099384713634854
92.808480808023,0.6336814127318613,92.10389275955306,3.4755723199737725,82.49774674888053,2.622253213705515,83.76514685474756,4.490743096931336,96.3729094836836,0.37355868818829685,96.87348889111433,0.2587103502965149,96.59594557862059,0.45614676869737086,93.46614400778265,1.3456997773333266,96.771770697721,0.4302962199032291,95.36817407974362,0.6950849477778633,95.08047325426688,0.590597527024089,96.56704673886608,0.2639816992506868,96.35044850427045,0.4732416383587333,96.51912044521382,0.37701711555178413,96.02068699123019,0.4141022963409123,94.81852387015552,1.352895893004784,96.55932130645647,0.47815772393443523,95.14098914147557,1.2402352165122386,95.6128127727149,0.8173383506025566,96.54630252221061,0.861693693166321,96.68764932259403,0.5170159815439839,93.93210203293322,1.4705602681815917,79.81101303309062,2.645329807785971,90.85838137884662,1.1594910280754072
92.73384073936306,0.7057478738757899,92.10449512146269,3.655048298846848,82.58247732410082,2.8389921926948514,84.08337863744313,4.5859080486365995,96.42321668717274,0.473238655950792,96.86972445563535,0.16986051592972717,96.53852756874304,0.356696881184256,93.48865489713583,1.4507556936994002,96.79461501044379,0.38764880354209247,95.34249907007356,0.7683103451586889,95.10501015765831,0.5798720256427713,96.59589687830838,0.2225157339544288,96.28301238948183,0.5104614040634058,96.48545022747433,0.4122828197306574,96.05568113536866,0.408151918318668,94.9150190277261,1.3312591403796323,96.6236516066268,0.42349643785603147,95.06638244298836,1.3213376231392802,95.60330767690063,0.9031818860870504,96.53623851898482,0.9035826059299484,96.65669976251108,0.5964959119325202,93.97936993905405,1.3957248101899642,80.10186271424075,2.0062838027801355,90.88414546911213,1.3753915525756173
92.68294776599853,0.6674762301013265,92.20324191310073,3.8249149148121475,82.37478003347783,3.2495369316592155,84.04337811350987,4.539037935081297,96.45850322617565,0.4682952989658306,96.92576219294104,0.14494638943025565,96.52245446871825,0.2816260930198116,93.48856174084725,1.4912486226458956,96.7794039801422,0.347708243316756,95.34743980428344,0.7597808579363725,95.05529564931255,0.5118463314359272,96.50914917664564,0.3240670333161941,96.31100047212327,0.4309530538854242,96.5350444225074,0.47769836385214776,96.06821465871211,0.41284814333342185,94.90650528634993,1.1820339148140002,96.63075668483626,0.3460977831083472,94.9766084381304,1.3946228716901374,95.60095569194672,0.8587077121916443,96.52717570138918,0.8044202629217944,96.66695280198006,0.5213775062383683,94.0954547405468,1.301836978472572,80.4755568908537,1.8749167883016895,90.58686352776228,1.4604937896994907
