mcvopt : rwll : avg,mcvopt : rwll : std,random : rwll : avg,random : rwll : std,unc : rwll : avg,unc : rwll : std,unc : rwll0010 : avg,unc : rwll0010 : std,uncnorm : rwll : avg,uncnorm : rwll : std,uncnorm : rwll0010 : avg,uncnorm : rwll0010 : std,uncnormdecaytau : rwll0010 : avg,uncnormdecaytau : rwll0010 : std,uncnormdecaytaukde : rwll0010 : avg,uncnormdecaytaukde : rwll0010 : std,uncnormkde : rwll0010 : avg,uncnormkde : rwll0010 : std,uncnormprop : rwll0010 : avg,uncnormprop : rwll0010 : std,uncnormprop++ : rwll0010 : avg,uncnormprop++ : rwll0010 : std,uncnormprop++decaytau : rwll0010 : avg,uncnormprop++decaytau : rwll0010 : std,uncnormprop++decaytaukde : rwll0010 : avg,uncnormprop++decaytaukde : rwll0010 : std,uncnormprop++kde : rwll0010 : avg,uncnormprop++kde : rwll0010 : std,uncnormprop++switchK : rwll0010 : avg,uncnormprop++switchK : rwll0010 : std,uncnormprop++switchKkde : rwll0010 : avg,uncnormprop++switchKkde : rwll0010 : std,uncnormpropdecaytau : rwll0010 : avg,uncnormpropdecaytau : rwll0010 : std,uncnormpropswitchK : rwll0010 : avg,uncnormpropswitchK : rwll0010 : std,uncnormswitchK : rwll0010 : avg,uncnormswitchK : rwll0010 : std,vopt : rwll0100 : avg,vopt : rwll0100 : std
55.95779738492612,5.213621983640307,55.95779738492612,5.213621983640307,55.95779738492612,5.213621983640307,55.95779738492612,5.213621983640307,55.95779738492612,5.213621983640307,55.95779738492612,5.213621983640307,55.95779738492612,5.213621983640307,55.95779738492612,5.213621983640307,55.95779738492612,5.213621983640307,55.95779738492612,5.213621983640307,55.95779738492612,5.213621983640307,55.95779738492612,5.213621983640307,55.95779738492612,5.213621983640307,55.95779738492612,5.213621983640307,55.95779738492612,5.213621983640307,55.95779738492612,5.213621983640307,55.95779738492612,5.213621983640307,55.95779738492612,5.213621983640307,55.95779738492612,5.213621983640307,55.95779738492612,5.213621983640307
59.739017195099265,7.9285458309683685,56.47327716799108,4.64709284828167,59.573710367555215,5.028117428962802,60.56076753395168,4.491324731387095,57.93818268796345,6.409119019467571,60.26364047093843,4.970981167783135,60.53578547319743,4.86476455026023,60.57963696281926,4.864835293945115,60.27241076886278,4.953068180267026,56.68748505062854,5.077021423249504,60.32636138942779,4.80344562795067,61.28471576261728,5.233719156765624,60.63890291545964,6.281626995988552,60.640231748478485,5.201080064811689,61.01017886092434,3.819657330222926,60.517447577537396,6.282513229645062,59.191537991336006,5.041920993458835,56.05682089988572,5.089761618787691,60.26364047093843,4.970981167783135,59.58513833151727,7.971876627568744
59.777281666932424,7.847174517132055,57.168447350236534,4.01520012723303,60.59400414606921,4.426776566791345,62.8536118641365,2.853127801632357,58.722957529367974,5.316422927193587,63.442566310529955,3.653876915896282,64.08627013235528,3.4199741546878557,63.970658587147184,3.94207096491028,63.22622654547388,3.704937969495267,57.35156540689949,4.877438115524791,63.38648806676234,3.8340321304832834,62.871418699835225,5.66105372596701,63.73810662839526,5.964485798911557,63.78355392547708,4.175200402371737,63.69079891564344,3.542549450495378,63.12629564662733,3.9900554620916093,63.359113379046406,3.3540529915456903,59.86046882474885,6.217113535107103,63.442566310529955,3.653876915896282,62.67634082815075,7.284668708335151
62.65382059800665,7.858912875440046,56.487441860465125,5.335555712584092,62.9592026578073,5.072836882743017,65.68451827242525,3.4622607728904584,58.722923588039876,4.9417578749227475,64.45634551495016,3.4775720274815622,65.32943521594686,3.162149587441312,65.7334219269103,2.647500226988564,64.97089700996678,2.9708639239096626,57.74777408637874,4.4070012078669505,65.08385382059801,4.115832171354205,66.95813953488371,3.4857772598782732,69.14232558139535,3.7635470829847155,66.35083056478405,4.023604836292039,66.19428571428571,3.6811972965700215,67.23083056478404,3.5679641538896454,66.73621262458472,4.69411183148306,60.7476411960133,6.65200036412155,64.45634551495016,3.4775720274815622,65.81076411960132,5.081419394594691
65.54566234318521,7.008539256136788,57.85588985753774,7.114775386406026,65.30804805443334,5.752442644238491,69.47879013395706,2.8462271827554417,59.480650648522214,5.450152653135354,68.96502232617478,3.173443765097939,70.25196682968318,2.5561648952689904,70.68520093557304,2.1876867957297037,69.59307888581756,2.729385996575266,61.268870933446735,5.309286782327188,67.25706995534765,5.116459761603582,70.6867956623432,4.613100871309126,72.46518179885179,3.5793477755415264,68.43105464597065,4.638456417294369,68.52806719115459,5.509311707326316,70.7088560493302,4.247160102026401,66.36189666170529,4.192228182330194,62.20816500106315,5.1727736203689885,68.96502232617478,3.173443765097939,67.53348926217309,2.952308997562483
67.03319777795498,7.178147571008914,59.66403529755735,6.328746868244008,66.05666746405124,6.699419858815312,73.54012173404566,3.3309318050769012,60.70648273662387,4.7470685400797485,73.34582569173112,3.852215882696695,75.15774924912952,3.369471108113347,75.24891688594741,3.4354642003269675,73.54729819525292,3.8718630222938577,63.579193578396186,7.096281655575303,69.42800946229701,4.51399675996254,74.20912739547616,3.003777342053533,75.03920474178031,3.3079767241338245,71.44539244611009,4.0734685923640335,71.4387475746219,5.332414627878148,72.4593998352072,3.650385649455129,69.61778699199957,3.4669823505357713,65.92137788055179,4.412864740554529,73.34582569173112,3.852215882696695,68.78983600457167,3.133524983532625
69.80144596246876,4.897483522281156,60.32587315932168,6.947016995369887,68.27361650098348,6.408762810902283,74.80463558556164,2.9622650805961066,62.8315879006964,4.593438751330234,74.91972781882941,3.5893610893006267,76.568231353995,3.254761495748096,76.84094412843548,3.2017713497494724,75.06060283876454,3.659666853438685,65.36335123066291,6.463279623614197,71.54670139811813,4.771878225854026,77.67662537876772,2.5944850138934648,76.747647652969,2.7409475886026566,73.57131465631811,3.0489026373559276,74.00962202966349,4.250808462404042,74.15926851310405,3.1187895276146356,71.64239009090427,3.941335107791191,68.12184360214766,4.196658664685256,74.91972781882941,3.5893610893006267,71.41326883206634,2.405284616550541
71.80909598362616,4.64637749016718,63.105446426198135,4.9753451080945394,69.02713909784428,6.6753616671544656,76.12158103187049,2.641226658189707,64.3507615427554,4.136635985444649,75.22075436591267,2.678881708284673,76.86106164110471,2.2052899976083236,77.81823981287047,2.340161270965297,76.03519311023098,2.78432722943089,68.62948884931288,4.962414140363579,73.6596581696393,3.99971898372682,79.54759309959863,1.8991263424338418,79.47236915552483,3.338750325406526,76.29329363919088,4.106492544315346,74.73326067887616,3.8410957405927677,75.83397570505835,3.1733087761311976,73.36088886526142,4.388744763462074,71.17859706015258,3.4469944263015804,75.22075436591267,2.678881708284673,73.61845777624201,2.09988193368355
73.2254120148857,3.5943851439342684,65.73923444976074,3.792226060534253,70.69989367357789,6.179561173681316,78.64832535885168,2.0061763919786677,65.41706539074961,4.195326464043301,78.61244019138755,1.9403231985656106,80.69191919191918,1.7757782037976597,80.74508240297713,1.865036007344554,78.59197235513025,2.049078385931202,70.47846889952153,5.127320922536543,77.01408825093036,4.042701131132948,81.9739500265816,1.993015750939844,82.44258373205741,2.4910406559998415,78.06618819776716,3.297774286006986,76.67145135566189,3.0356460725549206,77.17623604465709,2.9748282327065856,76.20228601807548,3.18851849662376,73.39074960127591,3.7808547688633607,78.61244019138755,1.9403231985656106,75.5701754385965,2.6328363730739093
75.40870304899119,2.790790599036006,66.53100826709908,5.2291644537371615,72.97907972035406,5.7829404286691295,80.29719024960792,1.495560191094096,66.63494510752545,3.8597934984140716,80.31765862994764,1.6812954344900888,82.8698264175018,1.815690931690393,82.62287673781866,2.2667301800353243,80.4986841755496,1.9093432160807833,71.33443206890136,4.409067338364891,77.19423695473031,3.304544729913386,82.4418511922167,2.2002251528464614,83.84087827959277,2.6251904555961905,79.16132805231402,3.5151867112335142,77.59855392222015,3.182451416160759,78.05364310587734,2.212635081305238,77.94385815678248,3.0264533926293713,73.59313113054573,3.519454557990532,80.31765862994764,1.6812954344900888,75.65671602115951,3.0060841413388117
75.5484076771758,3.625461411970812,68.20086128980807,6.210836935071715,73.7505981179223,5.871546467902277,80.94502631718856,1.4778487100329054,68.49832526981764,4.25748703159703,81.14546227869637,1.4236213243910083,83.92870434366526,1.6522508675785577,83.8537402307406,1.9699647156865945,81.37700037216226,1.69271729912699,72.92599287575096,4.465767563650451,78.41352543994896,3.5388211189830865,83.63655696740922,2.344905910902888,83.55707374129408,1.7875629360807903,79.35350098357169,3.5810469529709588,78.74767398585783,2.7929790078191337,78.92897017385295,2.281987114474114,80.16667552767294,2.1078769851503787,75.0778882449891,3.292502307952364,81.14546227869637,1.4236213243910083,76.81774682332926,2.991682989616702
76.60206821383949,3.5753664300117727,69.01400962330861,5.669795883224274,75.56477124704257,5.463608270318866,81.18643166653375,1.740803124231503,69.80593880426403,4.297822298817641,81.47778929739215,1.3242961057901652,84.99082861472206,0.9316304414688036,84.80819842092671,2.011712616391908,82.24924900975623,1.4864786601590019,75.47172820799106,4.0912731396931585,79.78467182390939,3.2677260306988627,85.25267831033842,2.400850187081652,84.98125847356248,1.82656705944755,80.035622192094,2.9591911328798464,79.26628917776536,2.461614277188912,79.39070101283993,2.728814742260562,82.53209984847277,3.2458740632037775,76.10894010686658,2.4625273994723655,81.47778929739215,1.3242961057901652,76.74641784299652,2.779118919460522
77.67971076137813,3.1450529294713125,71.4116333475117,5.476731745893729,75.68747341556784,5.137013524894461,81.68917481922585,1.999584712237587,70.96421735431731,5.079253422499208,82.11877924287538,1.6750085975861917,85.6802956188856,2.3732014307756546,85.91051680136113,2.666335702893617,82.75308379413015,1.7458837587410168,76.69342832837091,4.118170179408492,80.79912803062527,2.485235001096626,85.34559761803487,2.7891139570429635,86.69369417269247,1.4232084691908031,81.18938749468312,2.6012860208866644,80.06805614632071,1.8291824957463554,80.38680348787749,2.163269857864098,84.88223096554657,2.951372253164441,77.26074011059124,2.906183859798469,82.11877924287538,1.6750085975861917,77.98224159931945,3.528997766870811
77.62833975807523,2.848176855495095,72.93765784926227,4.813841693664758,77.14130001329256,5.218838154704051,82.32407284328062,1.2240716041250206,71.79795294430413,3.94608811229669,82.5178785059152,0.9837029132496193,85.68177588727903,1.357486134207609,85.53210155523062,2.0572330305689395,82.9421773228765,1.239064307277994,77.66130533032035,3.8092789838364522,81.77296291373122,2.2516914116812314,86.00478532500334,2.239529024569448,87.10966369799283,2.4794994484425663,81.75275820816164,2.459001775225382,80.77336169081482,2.612842160687573,81.58686694137977,2.478632017946963,86.09357968895388,2.736393883809461,79.44623155655988,3.5393739164240405,82.5178785059152,0.9837029132496193,78.54685630732419,2.884192596086586
78.30249375232626,2.092788413830529,74.76684213324825,4.239716891189419,78.04514276599139,4.675521920709924,83.13739565055565,1.1619122057037827,72.02903174349976,4.100177002873042,83.01802520338173,0.735478285169378,86.19157760408359,1.557969324532996,86.61083639070559,1.5668493059861188,83.48194821077259,0.797755646842217,78.86877226564576,3.94909682350195,82.16036582123678,1.8912438138969256,86.37262721327167,2.8714364580347764,88.03264741851436,2.180039087677509,82.67480193544957,1.903578131528392,81.32689955867497,2.7041801934227454,81.8304354761525,2.6063933994083626,86.54251076726752,2.298638247990654,80.75477215930236,3.2722926467631996,83.01802520338173,0.735478285169378,79.50178125166161,2.663976241719091
78.89453114614628,2.210447995418095,75.24924892989127,4.492671488059525,78.8551830484141,4.264823928698287,84.24932868954883,1.0685922640175747,73.08297663042035,3.6442380728497947,83.7875202722463,1.2274519233777157,87.12785473107702,1.700816469018296,87.11589078244224,2.3372436109728243,83.84760588094541,1.4958834410020214,80.33206604099647,3.5187844234304793,82.40076569271262,1.6856332218669257,87.19059899502832,1.7206154580271527,88.41730252838116,2.2779820543773965,83.44987105522026,1.1102329142898193,81.4822003030867,2.629251824113576,82.7910562837317,2.9687027890406568,86.75989684417623,2.5175272524066212,80.89357403025551,2.2423512763683893,83.7875202722463,1.2274519233777157,79.66766809347831,2.45171212150159
80.04094437945336,2.1665898782337707,76.3211209188557,4.079115983142336,80.33606295863024,4.1518295138295365,84.82159948952463,1.2932975726564122,74.47144528342018,3.710988444083128,84.33797724130596,1.4556590313736315,88.0405189833032,1.7767005660552921,88.03280867808147,1.8530756949418417,84.59427842178029,1.710797569002476,81.04647452940551,3.5684664034505325,82.44443262788472,2.1173309496496686,88.16920131872806,1.899416512237557,89.81894076358608,2.4111536987790902,84.09364032755502,1.6372567524275357,81.96213974263534,2.63288414478792,83.20535999149207,2.907536007565616,87.73370200999679,2.7861317221853112,81.13687121131554,1.7818886763605684,84.33797724130596,1.4556590313736315,80.72237583749867,2.00681967073471
80.0090399085374,2.2884606552523383,77.26675706575205,4.184425216691017,80.75243944590679,3.7164019393336387,85.62601366621467,1.3450330518143845,75.74565951450373,3.8790620092469004,84.87304246098216,1.268390461641066,88.75913961341098,1.7906421087292892,89.42915636382973,1.9876157096964908,85.08042859801654,1.7217313433930126,81.56523357528383,2.862500816111166,82.97732046475765,2.094677606780622,89.16407433995374,1.327915607174035,90.91249900295126,1.4689236348250465,84.30990933503497,1.6774346876553867,82.45167637127436,1.973717504807867,82.78110127356358,2.364261344825636,88.72856345218155,2.5486570591790536,82.02892770731965,1.9452303622974312,84.87304246098216,1.268390461641066,81.90821834037914,2.6878201722394683
80.51076841265619,2.0920746172921456,77.38899228928477,4.6114725214445755,81.65753788885935,3.1595765101213624,86.13108215900027,1.1327314356391707,76.40175485243286,3.4105290316824735,85.42621643180004,1.6452557944394681,89.45892049986706,2.008199470420086,90.06540813613401,2.303387427022577,86.00531773464505,1.6742371329275423,82.18080297793139,2.809282712249223,83.5894708854028,2.197800171591025,90.55118319595852,1.676238635889108,91.66790747141718,1.3072664259783344,85.06195160861473,1.4496440177447085,83.14012230789683,2.1208689824787124,83.35017282637595,2.1795561112894166,89.83036426482319,2.9365811483702613,83.37942036692368,2.2207075718602534,85.42621643180004,1.6452557944394681,82.23557564477532,2.0950436369297645
81.39567656677923,2.2656060076301747,77.56653992395437,4.057683340371752,81.95777606423995,3.6221451373031863,86.91350474620437,1.0154881147637251,76.08630912813422,4.142226071990618,86.06929192480524,1.206334598109827,89.60408412879896,1.9283207351348848,90.08907442367517,1.951983682284443,86.15650509186631,1.16387776593009,83.10165120051052,2.7564863177548915,84.2338270094924,2.0440940335764504,91.66236805020075,1.3619033039573671,92.53875402164377,1.6686705491193239,85.8797096439682,1.5333375368245514,84.38086628200696,2.4228055315733736,83.91900874790608,1.8836092032012437,90.51397271929591,2.4256126784493164,83.82621181100266,2.181829922383545,86.06929192480524,1.206334598109827,82.38772634209894,2.1457316151335726
82.49547968517336,2.615527937963813,78.21793235481813,3.7731442067783543,82.25031908104657,3.6513406783023363,87.03919378855562,1.0907563945851568,76.57147415443521,4.288816216039954,86.82567538821527,0.5021137906599522,91.11439055520103,1.1882842228244288,91.32285683897044,1.2589119124508024,86.85891299723463,0.5613424363043206,84.15789193788555,2.5108844774173704,84.84604339502235,1.929134357093282,91.95915762603701,1.3360781955782455,92.90018081259306,1.56260576710382,85.80275473303553,1.1599375371328076,84.76999574558604,2.157905434391547,84.64555413741758,2.328744369395948,90.54004467134652,3.035652284845604,84.26903850244629,2.5020309750076586,86.82567538821527,0.5021137906599522,81.76212507977026,2.2797409300152283
82.35993299119845,2.8075936308425318,78.4109341346026,4.185464167015359,82.86728534581327,3.3589927583647436,87.39862259685698,0.8437288771054043,77.79216635200893,4.2084053172841065,87.63102613875076,0.6080114049590504,92.33201265721806,0.9034815098127492,91.9618688010211,1.2336824433212872,87.79216635200893,0.661106185956864,85.16446406254155,2.2338495001890712,85.68723907783125,2.249047178399693,92.29372191347356,0.8265823995482178,93.1039434147898,1.572273528721686,85.78722046427526,1.6181961066792885,85.26630680458425,2.2227249381342062,85.52104661366235,2.6971504021056307,90.4012550854894,2.871842170602493,84.85840402052808,2.7161035437739773,87.63102613875076,0.6080114049590504,81.57949317946125,2.347438329988235
83.10349412327821,2.872494535156258,78.63851513056427,4.69612972841263,82.84582247513694,2.7167590977934224,88.03887677498271,0.6422587472319663,77.28447588150827,3.406398143463036,88.55102909110249,0.49600706287761764,92.82906982928256,1.198975411061394,92.64399297984365,1.9381925139915297,88.16890921661435,0.8918305915751428,85.13508482688933,2.1443345968742484,85.66744668403979,2.2439942192145583,93.30000531830026,1.0558474984588553,93.61378503430304,1.2320328998612262,86.51677923735573,1.1320919081584246,85.75945327873212,2.732762950897402,86.15726213902036,2.160147334880432,90.33957347231825,2.294575844654795,85.09732489496356,2.2300626312059544,88.55102909110249,0.49600706287761764,80.9232569270861,2.61613239446663
83.57452466427335,2.6032554647517636,79.0913442361388,4.925111058549101,83.81970482648583,2.3930065858970337,88.65124318574658,0.8012546609085235,77.56441962504985,3.180604547622271,89.18388512165936,0.8034343692371436,93.24398351283074,1.592052758210363,93.20728626512432,1.1605804958540131,88.6523068740859,1.313727256700663,85.84124451535702,2.1182737034320045,85.90639542614014,1.7051252746152368,94.13269512032973,0.9225474501146218,94.0739263395825,1.1035774530107967,87.11953197713069,1.19496109242527,86.48690333732216,2.1665382986076143,85.97580109028054,1.853543620418678,90.5775827682489,3.006715772527578,85.20010636883394,1.9296151023209087,89.18388512165936,0.8034343692371436,80.77383326685282,2.189073768050336
83.77858738432083,2.7816798524596176,79.69630890330816,4.061585899776916,84.67503457079036,2.537293838881604,89.06525901499839,0.8475445914306418,77.82336985427082,3.1700468885848303,89.48010849909585,0.5939722227232604,92.95633443250719,1.8107518531797566,93.44085735560046,1.7357700433218208,88.85703648548026,1.2365910511142373,86.48867141793426,2.2893685859625457,86.35517498138496,1.5632387097943532,94.30299968088501,1.0006508507178777,94.32586958834167,0.8502849721868909,86.84342091266885,1.0816795192356559,86.9787788533135,1.9294186603727586,86.65860014892033,1.6823980078959395,91.53786831188172,2.0098219292460016,85.1236570577598,1.7804950806551272,89.48010849909585,0.5939722227232604,80.15636634400596,2.1137681405199027
84.73765391059223,2.5537825559767704,80.20822806690956,4.106088618428629,84.93763795441853,2.1681438215124365,89.36786958487355,0.5853557840187705,77.80948328590804,3.068962851833214,89.21282876366249,0.5415561948592527,93.42419487806826,1.324753814980467,93.54200462729038,0.9909657442053961,88.91896923117835,0.8764055809077941,86.75930111959153,2.0202454153903395,86.79387282929554,1.5516814690823875,94.26747865861766,1.028926616795054,94.36693880807381,0.8824257768834185,87.2712283594394,0.9510774866870922,87.35765763369943,1.7391629350018865,86.86009095019014,1.8831721551336196,90.64064037443822,2.6756764176290417,85.25995266335134,1.006670356997098,89.21282876366249,0.5415561948592527,80.5847937664548,2.4666324355284965
84.54630072868464,2.0983238053208524,81.51773841816924,3.1035656251129,86.09648422956226,1.6501296428951,89.09313334397106,0.6997572177441476,77.49508004893356,2.9909211505357955,89.35774692835487,0.34933664551454674,93.6327854901335,1.643886647681816,93.6646986862401,1.141174324739546,89.0245199723419,0.9938269485754699,86.89777139513855,1.478827960260369,86.59698952183393,1.5138836360116739,94.6582628583586,1.122495102428134,94.77873517366098,0.8404944802195706,87.68975054518376,1.1214059584283378,87.74825807137918,1.270403911012712,87.27833625870966,2.25272286576012,90.74144992287644,2.2110533712825453,86.14887505983725,0.9419222540275219,89.35774692835487,0.34933664551454674,80.15078985160365,2.433493114726762
84.80944655727241,1.7903651156846123,82.27813090077392,2.5686654621715386,86.82508443924364,2.0544587871015403,89.55958618121858,1.0386600168159135,78.33621446238132,2.7285667962896194,89.71303954682055,0.39220061474526025,94.0068083295657,1.595040442357536,93.60841466982261,1.5331401485472607,89.3673040610622,0.9299779194223285,87.06284407329592,1.5495959739927232,86.95646392383182,1.4466396182638261,94.93231562990346,1.046923534978099,95.18230898114412,0.9969168469299164,88.2827584372756,1.120684580844382,88.22238770245471,1.2533794184126248,87.21044653067737,2.2714428915386855,90.73827823728092,3.3027223055410135,86.21446238131966,1.4053378674897778,89.71303954682055,0.39220061474526025,80.64120635089492,2.964779040494418
84.69042553191488,1.6804820494474677,82.10079787234041,2.7506410139161677,86.52553191489362,1.635950151900124,89.91489361702128,0.9313706756420359,78.1311170212766,2.7707252407180043,90.08058510638298,0.8051459681268609,94.00824468085105,1.5410720374332443,93.9186170212766,1.7612240299712836,89.57632978723404,1.0680130848503206,86.99547872340426,1.4478236084237288,87.41515957446809,1.2470259153006464,94.93297872340426,0.8630889156011682,95.3872340425532,0.9914929287215528,88.44601063829789,1.1514618675559716,88.28351063829787,1.2453945262565902,87.5061170212766,1.9122451579885833,90.92313829787236,2.72829344472505,86.60106382978724,1.3402054657244264,90.08058510638298,0.8051459681268609,80.42021276595746,2.7561271714239
85.05997499933508,1.129274234884794,82.41309609298119,2.8893022951752525,87.50179526051224,1.7999058473580736,90.03351152956195,1.4233113359560687,78.197292481183,2.847099493720403,90.32474267932659,0.5961863915047344,94.20516503098486,1.559560612568406,94.26075161573446,1.4375166795166896,89.48801829835898,1.2496547264022495,87.10045479932975,1.7726480211685298,88.05899093060987,1.5491318272946404,95.17114816883428,0.9351035673544201,95.64163940530332,0.8685043210473965,88.54703582542089,1.2374542301519396,88.79996808425757,0.9099745483840956,88.58852629059282,1.9361892659262512,90.69576318519108,3.6062229350092148,86.50363041570256,1.657116163582698,90.32474267932659,0.5961863915047344,80.64629378440915,2.8583361302252674
85.50082451194211,1.267580660362432,82.50093090057982,3.108322539205451,87.66317357306238,2.0855749049328915,90.22368211075057,1.3185658406063043,78.32171924038515,3.0542675675095063,90.20852172987924,0.6513331012238908,94.09064311931483,1.3496410331028927,93.86589712218735,1.6189020645505836,89.87366349273897,1.0477168015801057,87.68258949944146,1.5600327780146377,88.05707750412256,1.8716404455909166,95.1649023884249,0.804807762349409,95.59923400180863,0.9848129038059414,88.60178732911325,1.4463452392050227,88.9962232033619,1.0904775681988974,88.76429597319006,1.790667343122558,89.83190595244429,4.329547013698973,86.56577477525401,1.5501485319525423,90.20852172987924,0.6513331012238908,81.3787967445077,1.9535401940594534
85.77546080804319,1.3309600211920791,82.50605101470862,3.171808904168512,87.64954650637019,1.8836688173467089,90.39045668537383,1.2018783777099142,78.49243290688088,3.044290754118597,90.6737239673378,0.7105446765609825,94.44530148682075,0.8358471808366423,94.04314174003245,1.1042627126368898,89.96435885841956,1.259791587061558,88.02830013032954,1.384619652694135,88.41529909301275,1.9069525157327252,95.05306274436789,0.8047869753128166,95.3783546559566,0.9281521432353075,89.10577971646673,1.2959169952216545,94.61100619730298,1.228962173114574,93.25238715854988,1.8561158777387368,89.92791978083359,3.9050092446935563,91.52884538660001,2.129861269505202,95.19748916136925,0.5834631166314691,81.48708673564381,1.8969762170358935
85.9322800297904,1.4830380677650883,82.71704436642196,3.352699606143659,87.71305458027449,1.6488740051711228,90.45297372060858,1.2504940305323748,78.45941057559314,2.9423684345778898,90.75380359612726,0.8004030325716529,94.40365996382593,1.2253152270843033,94.41935312267265,1.0449377461908715,90.42477923183317,1.0519784564214658,88.46606021917226,1.291360673490142,88.69454197255028,1.9388730396472926,95.2345994254708,0.9885400133727167,95.41653367379507,1.0979354080678716,89.43637621023514,1.4716192180830423,95.07607192254495,1.213041272165964,93.75598467922119,1.6744127880925224,89.84838812639643,4.28619518490108,92.12176827322057,1.9455105127482526,95.67081604426002,0.4433882612716417,81.63102457708267,1.4569280156599742
86.12767655273308,1.2162139050345901,83.27862747705811,3.5964962031521486,88.06596621891211,1.974744798758078,90.48650086447665,1.2662365655923054,78.65806623221174,3.1240109126249123,91.11291395132329,0.9713622522552557,94.65221439021145,1.2591636174863612,94.78787072749034,0.8040037189228918,90.50379039765927,1.1477202975734653,88.73041627876049,1.1412324453352405,88.70887086048677,2.0469848675475837,95.23899454714721,1.1355285747290729,95.45524670833888,0.996974437588959,89.26319989360286,1.2073872273905175,95.14536507514296,1.3072741704964927,94.52240989493284,1.4342302418410906,90.0531985636388,3.5558809452933455,92.85117701822053,1.5435456668116339,95.67096688389412,0.37500695391665123,81.38316265460833,1.518709516291531
86.9468532212587,1.115472892844994,83.40852263659096,2.986016564533194,88.06804277278289,1.8240010710445171,90.49635580145768,1.401033737045351,78.7466085013566,3.2157646758997154,91.14034154386339,1.0250767946499801,94.85715805713677,0.8226901541945338,94.47731020907592,1.1196180410747896,90.37452785018885,1.1605451898533203,88.81869447252222,1.3187518497179693,88.75379049848381,2.153087153557845,95.32664786934085,0.9245097521547514,95.55115177953928,1.0542071123539738,89.28392828642869,1.1754181047685124,95.35590785763685,0.8952455130254775,94.75634409746236,1.1613459396821728,91.2552534978986,2.4428342483409957,93.14544874182049,1.3898322366878513,95.67936372825451,0.5329911096935279,81.57205937117625,2.0413864750723585
86.67943500119704,1.5226296552899803,83.83688452637458,3.0044781952969846,88.01319394568138,1.6109469914635774,90.65091905407921,1.2317313049166836,79.80501689144253,3.0865829466976757,91.12893357805973,0.882001013594251,94.78945548373368,0.8017626569494933,94.3625142978746,0.9371875535173505,90.4782805309499,1.1608632223281976,89.05886734232438,0.882448562988174,89.18362461096481,2.079935284642212,95.30630702524407,0.925345877279322,95.54278722102518,0.9576813929307089,89.13680738435346,1.286835376671125,95.39861144361983,0.9928218283292127,94.71124943473521,1.4255237791936837,91.39547256138111,2.2214926848691716,93.69058069321417,1.4106204116966634,95.76171095682709,0.7001109889169951,80.87356688745244,1.7054589532404665
86.8490636305597,1.666323978191089,84.02053628431582,2.897262029979038,88.80825707597361,2.0540483600447317,90.68365609704192,1.0734777873831214,80.40194722281336,3.217787978598162,90.9648329431794,0.8426485650007749,94.67679293466696,0.5612927248729674,94.54697808044264,0.8682010971812496,90.74936156629072,0.9578613199432944,89.03490104277506,0.9303854077653713,89.52782506916364,1.8018072324773406,95.47988933815707,1.067608058840981,95.60917216429027,0.9679630836551775,89.7749521174718,1.4628101479957047,95.35965098957226,0.992130543341073,94.79649925516065,1.3519374239154953,90.71850393700787,2.7931187105197823,94.06336454564801,1.2502954733390488,95.64508406043839,0.7509425734564219,80.19365822515428,1.8197165943037108
87.08467452315713,1.7241157083925653,84.28932457237104,3.090430427738,89.01731797504722,1.9562214614599684,90.33039823361975,1.2757611148843995,80.83291213322339,2.96790371442247,90.99545103881249,0.9914700009145281,94.59817509510255,0.7258002044844803,94.44840520337316,1.074713777013751,90.52113537814901,1.1142543584107916,89.45279455188742,0.9011002071980809,89.60841690830252,1.7974238546740813,95.58617754249687,0.8390086892925197,95.4882817695725,1.0560716903933993,89.5331329307547,1.2626782722657333,95.427894974861,0.9925119723469968,95.13553776169829,1.3294852108511315,90.09656566731398,3.5676437331275763,94.0632066186055,1.1689780850860623,95.58883775371767,0.6987244170407186,79.34904631427736,1.6269619773781216
87.3532854482575,1.7132482247571545,84.94333599361532,3.0953431671623366,88.9465283320032,1.8955549926389326,90.32322426177176,0.9224768986743435,81.58632615057196,2.991930121840475,91.12769353551477,0.9518966653594418,94.56052141527002,0.5126040340238083,94.3854748603352,1.1552182265551532,90.61186485767492,0.979262050274477,89.29183293429102,0.4448860130728236,89.5224793828146,1.815507197699584,95.72386272944934,0.8205348170704863,95.34636871508378,1.2082982348294464,89.83772279861664,1.2585580133932732,95.42059058260176,0.9984043624370191,95.22638999733972,0.9217201059130792,91.18648576749135,2.561571147749615,94.03298749667465,1.2850241500548436,95.71508379888267,0.6867300900638041,79.22346368715084,2.250441472401673
87.6639442390061,1.4887629757956224,85.60110670674932,2.6797978337840824,89.2410013567799,2.4227357469921267,90.45146186384315,0.9931427174989679,81.48181648886643,2.2733818167371402,90.98486259277982,0.9393208330002486,94.7199978717178,0.7296053707315239,94.60746494985236,1.159144732064954,90.7576684668387,0.8311696927078561,89.6727766101785,0.6346739192958736,89.61584506105508,1.6036446911496278,95.77988241240789,0.6440615140050017,95.09830003458458,1.307212591477246,90.15376838968847,1.2775004271685175,95.71470376971986,0.8494076021714094,95.32629226635451,0.8475708547572882,91.10351432599963,2.842899678669468,94.28742451249035,1.4130385751912302,95.64047992763841,0.7591343995202742,79.71614036021177,3.1812798787976972
87.73172289028413,1.486542309702849,85.74864318399491,2.97175044571654,89.46445674151326,2.005305233053873,90.72709375332553,0.9272721053242525,82.27492816856443,1.8407563520443275,91.26237096945833,0.7081816095273024,94.58869852080451,0.6872672700972287,94.45700755560286,1.0452317899460737,90.94365222943493,0.9153755037403091,90.07449185910397,0.912674028439871,89.99547727998298,1.4098986021267281,96.05033521336595,0.519414158665669,95.22054911141855,1.0545868238630605,90.21043950196872,0.769419187196296,95.47568372884963,0.8049187810274143,95.4474832393317,0.7233972904510926,91.41800574651486,3.5608040900880242,94.41045014366287,1.3456484328310636,95.67760987549218,0.8056314663281363,79.55038842183676,3.5151166950406325
87.86282491286882,1.6697042761618968,85.8701146673052,2.984412512423635,89.63311783329343,2.388478005061877,90.89126559714795,0.7768224739260398,82.26328251789181,1.860317641612352,91.6080027669141,0.6417761396366198,94.60584776651501,0.7740047415279616,94.53241812328731,1.0362695047042192,91.1437465081012,0.8612146274253517,89.87043392662356,0.8320095278881593,90.06837470402,1.8803243823808602,95.95578258440419,0.7681805446209065,95.56735041370685,1.0794471377026866,90.60393221060471,1.2082675594658336,95.52185596083751,0.852138347408705,95.35690531300716,0.757107503675875,91.53616942027828,3.3244992504937785,94.53800516135898,1.3167565591257095,95.90124245084738,0.6911114225221854,79.32769308537527,3.6370184331318307
87.97743840791784,1.848985862228021,86.23317192571703,3.0170252699769016,89.84196243282072,2.5884066207011136,90.92321609109776,1.1503215296250493,82.45596764752833,2.0180934204136025,91.73442239131592,0.8188128900803128,94.58681423934442,0.7889750491474131,94.6762092268398,1.026332774809028,91.01793220880116,0.9066087868621153,90.15936784973127,0.771341874529857,89.9816421007822,1.583882137667898,96.01580375671793,0.7334519817409044,95.73325174267015,0.9079094506977936,90.78938966636512,1.5197903591917274,95.6167189911137,0.5908039272105347,95.4637364976321,0.7983655021131716,92.00473580588516,2.5444402944123667,94.59107114351087,1.3838749787144053,95.92428031713936,0.6878231820538281,79.26541797477785,3.910719938380618
88.36158041771984,1.4564740084495535,86.71571105494213,3.1551005644478587,90.25568710921911,2.2210201185323544,91.11932951975521,1.0027200721783982,82.74311560462952,2.384760172458553,91.45909272316082,0.6881470748990884,94.68564586936279,0.6669309376264396,94.62684581615005,0.9091461363543809,91.04562990554743,0.8738601288704484,90.46055607290143,0.8355516804274065,90.02128508713582,1.4964558479134735,95.99308234668085,0.6703619838648442,95.66768657709193,1.0791291544339516,90.73406944259679,1.1599616990286867,95.587069309565,0.6712855537375482,95.37421843820673,0.9185971704877918,92.3554609551683,2.225637365770587,94.77557536251166,1.318530832638304,95.9773845949182,0.7604611708041249,78.93281894372755,3.4240164490573495
88.39452958705832,1.2939658647191512,87.29352916134526,3.2896532835366905,90.2530332056194,2.480767076012032,91.2534589186888,0.9282206561424056,82.78868667518091,2.5761115592249078,91.64644529587058,0.5595437688833987,94.71956151553852,0.6774853096798028,94.56577266922095,0.8988127100704688,91.10978075776924,0.8234240682007343,90.612760749255,0.9654343678957379,90.15086206896554,1.463899466759003,95.92166879523202,0.6794830192027103,95.62500000000001,0.7538369940814782,90.2748510004257,1.1193706858278958,95.43582375478927,0.7733793326392139,95.48078969774373,0.9096101634689981,92.79001702852278,1.7775029378994154,94.95343763303535,0.9989010490151706,95.96477224350787,0.7450018624839829,78.83673903788846,3.807114441489367
88.45089535162174,1.5339419090616235,87.80219780219781,2.8338551926389663,90.01410212063965,2.4451392678500676,91.20799297554746,0.8354689178284156,82.88002554346379,2.526228456982605,91.66005906926003,0.5299614189592627,94.68669345182661,0.6278876175485131,94.55924221057391,1.030471266549039,91.41074421946094,0.7214323638921851,90.93552936167946,0.9615116578123498,90.51219966474204,1.253868794953376,95.84280126653007,0.8619228780406636,95.79730197163613,0.7459068610365185,90.62475055211132,1.162497456527505,95.62461751323737,0.6542637029517208,95.22656520235212,1.1005395091472319,92.89758667482639,1.575072866583907,94.77476518638746,1.0608608902114864,95.82763483489876,0.6657969758027796,78.21781124444563,3.7848267014490373
88.25208876589858,1.5196544336790545,88.26486083763504,2.111347831861737,90.23069554573996,2.057737129319021,91.40998350274069,0.901552609437976,83.33776808046404,2.1309514368502946,91.81523069554574,0.43056603384322545,94.7740939811612,0.45907923103232157,94.71981267628121,0.7228278463586103,91.47889947315204,0.8079250316762081,90.71071257516897,1.2928467064235811,90.86424352083444,1.1939017186490823,96.00952583683679,0.6030283570626195,95.82752381459208,0.6998470554884856,90.79240061731682,1.4846704597340532,95.58432228194349,0.7050627882726578,95.45420680112821,0.9978487569130365,92.84763982757701,1.6587839996405114,95.23867809057529,0.968860276425701,95.77377467936779,0.6291733720892281,77.35511681123941,3.856557380601751
88.5375588728347,1.5418574097320095,88.4691732524414,2.2242960506398672,90.63383092520158,2.210493388289909,91.42146297331098,0.64408693778022,83.57175168303134,1.5932989096725632,91.95125196242782,0.41606054517294666,94.77741411883663,0.5562403603389792,94.71009286607595,0.999672983292259,91.70804395838323,0.7940441136223234,90.54894760650328,1.5523847531659662,90.70328091322742,1.441236311737657,96.1360794018254,0.6343258840786131,95.8550863468242,0.6272086566676986,90.95473776642451,1.5258495414091042,95.57914903807777,0.6669817540371027,95.61294271041217,0.8935032267662885,92.6867299965408,2.050133491373876,95.13078417285331,1.0124623671652166,95.55200766344696,0.7606936136366442,76.23666214310421,3.8519765069010417
88.52128791910592,1.6407384214351215,88.77195316657796,2.2197684337163786,91.25572112825972,1.9521506603217733,91.54284193720063,0.8663243179186779,83.98829164449174,1.720813338869919,91.84406599254922,0.5169790439751065,94.65486961149547,0.5873450905414035,94.63012240553485,1.0250635944904136,91.35630654603513,0.9502618438246496,90.47179350718469,1.2123751737815776,90.95848855774348,1.3549659129533458,96.23629590207557,0.5575281222581842,95.81506120276742,0.5928313422359973,91.01277275146354,1.273742342460198,95.67349654071313,0.5816310959275162,95.5447046301224,0.8615618341232745,93.0290047897818,2.210649776977331,94.97525279403938,0.9750471537132217,95.59552953698777,0.816054754492242,76.34646088344864,2.7377812721824806
88.7735171239256,1.853587535707604,89.01993134463397,2.289892380198644,90.99656723169856,2.083969110764024,91.43590835306952,0.5833516666853298,83.85028872508583,1.470689767227385,91.95508129540436,0.5647781464010952,94.50863514196759,0.5128371434879759,94.61560978205914,1.0556325494733807,91.32866760690811,0.9378955149519499,90.72513904042152,1.1130948121867206,91.00534873200456,1.36148585298317,96.28994917374067,0.5706741301042124,95.86205061337449,0.5096622511251788,90.99683333776844,1.514235222175681,95.64810133319139,0.6156410942196325,95.44426408366375,1.044833553892882,92.92051411692702,2.116669371101276,95.19492269618671,0.7386943933387031,95.66193884882514,0.7360917187529772,76.9435056813646,2.2934024613241086
89.13007610836127,1.5799978647335142,89.14471233168342,2.134919122917311,90.98887647027516,2.3014753390301865,91.4825163659588,0.7043699431804461,83.77268614614934,1.5194638927994442,91.95327053062962,0.5533205972846732,94.72271009633296,0.5505346018717997,94.7503858640694,1.0294693452132562,91.54558518281974,0.8149686475209896,90.55378146788013,0.6785854572745509,90.86140827079673,1.1880969960610837,96.35850763744745,0.3181987848425551,95.97557081270956,0.5126199323029186,91.11128851987866,1.1019435522410337,95.57294161477459,0.6669819168811247,95.53169407632126,1.0263701363302433,92.8977061046357,2.5534561394565536,95.47926978551278,0.8635450076530656,95.72755335568684,0.658376252299992,77.3095960402363,2.4236238856497123
88.82774037310055,1.6640014489181651,89.29424914176222,2.5069883221226834,90.9508475929425,2.4513918312950502,91.4500891502781,0.7427661227116439,84.0870745402773,1.4527587130212272,92.00601431726855,0.6003090292981268,94.66881336988051,0.5717685331175645,94.7797855070921,0.9232893354746704,91.5238044548527,0.9620932499849292,90.97559677462277,0.7648403373214203,91.01178912632727,0.9925801315135865,96.32674242222637,0.40945700466183965,96.00101125688586,0.5547672489289741,91.24065252681162,1.409625209551171,95.53263964659233,0.6224939076426858,95.51347898980761,1.0040793981441596,93.3158581046917,2.3188154208308345,95.53955877265348,0.7138378993260759,95.70641615882055,0.47470837194294296,77.09183809245017,2.2386146633281196
88.846870342772,1.5750557818555873,89.19549712582499,2.5455840605322217,90.8255269320843,2.3761608308034274,91.58691718117947,0.8094900463614011,84.24952097083244,1.4923057823464618,92.01990632318503,0.6361391470016653,94.75516286991696,0.626741749487812,95.02528209495422,1.0165583080565512,91.69469874387907,0.9420454384229291,91.15871833084948,1.0026890411012503,91.05146902278048,0.900195264065355,96.26703214817968,0.4581071575600256,96.0032999787098,0.39753542158158023,91.14408132850755,1.2376179480862877,95.43565041515862,0.6346792782739791,95.46306152863532,1.079252282699516,93.52113050883543,1.866165212804239,95.6099638066851,0.8035028446487136,95.74036619118587,0.5337563974418914,77.41457313178623,1.657730117809099
89.04058549567533,1.390190417295955,89.1909514304724,2.8206377545153503,91.55262807717898,1.7815548061941069,91.55182967398535,0.8627798069910394,84.80771789753825,1.3322360734618741,92.04950099800399,0.8652145109189242,95.0746506986028,0.6193583292041467,95.37298735861609,0.8519013207420852,91.60798403193613,0.7265167339141804,91.59707252162342,0.9486227618640432,91.24444444444444,0.9433670096917978,96.25681969394545,0.4815139146249975,95.92628077178975,0.38510861234633986,91.57205588822356,1.1260748635491444,95.4709248170326,0.6545897828430749,95.28170326014637,1.1814547641210622,93.61889554224884,1.8566940416064321,95.56992681304058,0.8414092260812652,95.65748502994013,0.5231149666465382,77.39693945442448,2.080502978690716
89.37217224676638,1.1706668299976943,89.18933304944909,2.6917399904363544,91.64475435141323,1.8991010933335377,91.51674029914302,0.9485576964168979,84.40703678075263,1.2411113247587147,91.89466120189493,0.6886363887501138,95.48970032469262,0.6254857625586674,95.62303720657903,0.8302959057973286,91.70064406238356,0.8695157843702775,91.78554319476233,0.8413727338545945,91.14840048970032,0.8246465396456427,96.22744450950125,0.6031816453073515,95.94852823761113,0.4948858434634814,91.47735135998298,1.046918216421465,95.43886730185768,0.5735627396153862,95.32469260658966,1.0617911421230148,93.36562516633843,2.074434407177539,95.60520572736466,0.7978938017709492,95.57193804226327,0.6560145109029456,77.7971469633257,2.1501185464306056
89.6843478029436,1.1197509033651896,89.46743672317888,3.0304394052849872,91.25701966837889,2.0462075580191375,91.34431639741302,0.8806138104645052,84.04306283767599,1.3586180359644733,91.86357224602773,0.8985882257218679,95.73417081414847,0.6783247163641529,95.72592020866048,0.8126125872471698,91.6865834508823,0.9021770535431088,91.66662230857266,0.8357890865735559,91.2524951427887,0.9857045178802801,96.27551699358581,0.5926157425590645,95.86005908498123,0.5248612313443085,91.49123040481194,0.8470200528591795,95.46403002155803,0.6666605030436418,95.54893141351502,0.7143223186290277,93.86873552817181,1.7701160841035837,95.6934500838368,0.7196092668900876,95.71713730604424,0.4657231812263004,77.49394512016609,2.414455356596424
89.70563185350792,1.2489313999564888,89.70829340998617,2.451691937280646,91.22857447035025,2.157649556954293,91.66640051101885,0.7953213973320346,84.29149366549557,1.3890071421956167,91.98472266581497,0.8090170762333347,96.0007452358139,0.5591197266265516,95.9262216544235,0.6744199253810395,91.86548493559033,0.8671986962403546,91.57910145853296,0.6150596733651756,91.30336420738847,0.8372676718601605,96.32758437134036,0.5014796201799309,95.74284041307357,0.5177685148198697,91.72628553177898,0.7538852969228328,95.38832109017353,0.6305687912498794,95.66352603002235,0.5796196027151097,93.82838283828383,1.875031233760152,95.46577238369,0.7932922564518903,95.68348770360907,0.444490769207518,77.82577451293517,2.732870600388149
89.8006441138112,1.235453892023413,89.73676505815656,2.4590570113698837,91.72473450267492,1.9063798416870779,91.43009235846796,0.8619932280188243,84.07787921535227,1.076453338766022,92.0337494344042,0.8692167418119205,96.14303585211998,0.4198466321512449,96.10284527960394,0.7281609173106234,91.9826461898805,0.8264640413217073,91.83332889728781,1.0041138897394104,91.43648026403342,0.7928006252889062,96.31710627877885,0.4236773149379983,95.78957174416439,0.5608705602568043,92.07926326155811,0.7814153875561756,95.40097415559872,0.6246714570252281,95.69455164887812,0.5701702731425283,94.00628144047269,1.8312717248861599,95.4813553006308,0.8984670250013816,95.69881025258843,0.4285005064101339,77.38601581006627,2.4983795658121415
89.66648922012243,0.9436296610433885,89.92627096087304,2.3133847746170404,91.88820867713602,2.008554258763961,91.60367314346553,0.8948479196882436,83.82645727974446,1.779506449752315,91.96486558424274,0.8252378710152232,96.50226244343892,0.24800528861150062,96.24381155177002,0.6935547837425404,92.39047112057492,0.7359116011803366,91.53606601011445,0.9608497745063066,91.39925472451424,0.9390122935632756,96.35640138408304,0.4247697514670825,95.81634282672346,0.4477982642512777,91.91961671546447,1.2344816052218517,95.41974980037263,0.5535600164542275,95.60713335107798,0.6194649455513861,94.30662762842692,1.7781896859630513,95.62017567207879,0.8586361457448886,95.7327655043918,0.34734049424531255,77.81607665690711,2.728399340994662
89.7194495461684,0.9029323524539065,89.95315286539434,2.3141062953486613,92.07138864489339,1.9581753975844924,91.7093880593042,1.0156258969841265,84.07995954111104,1.5839364146533101,91.95001197796054,0.8752308152060804,96.4643722217786,0.281521682104146,96.46037956826108,0.46550649307842357,91.98434879821129,0.7468434353624568,91.6274055737443,0.9860560936365901,91.4280390747691,0.9416022081197299,96.31504698022306,0.48416136936350096,95.77231227874044,0.4220310943794033,92.26809337485693,1.0782752346306927,95.45023822832655,0.5771462256822968,95.49921477814155,0.693825157612338,94.29928930767389,1.9429717957891717,95.6738268253081,0.8611479324886165,95.78322553168836,0.3435781910769712,78.06090127498736,2.376596962933263
89.76442717206132,0.863175240161318,90.25952938671209,2.1367078037960363,92.3743611584327,1.7034946609963675,91.67429727427599,1.0004190046199524,84.09151405451448,1.4110881103514383,92.02805579216354,1.1438892218507966,96.5233709540034,0.3266185980407795,96.4323360306644,0.4199773466556993,92.28572189097105,0.6401417176071106,91.29418654173764,0.3452811609725607,91.45842206132878,0.9400542522693776,96.22125212947188,0.5261188272156632,95.72189097103919,0.43203850431189067,92.25484454855197,0.9818596398962338,95.47141183986369,0.6318963960575228,95.4240310902896,0.7867215758421143,94.4838692504259,1.8520740717956918,95.799882879046,0.9191641395214953,95.72694846678024,0.4614912614975161,77.58784071550255,2.224627725406409
89.87622115154258,0.7460959195163821,90.21348523970504,2.3207056869123153,92.23014880080922,1.6546743860260453,91.67806851758192,1.0823919814088696,84.56544307503927,1.7362601353880742,92.08028322730055,0.980929666958131,96.59275427902148,0.2964990975407369,96.40029813400058,0.4268098881982191,92.38826629754837,0.6693265862022026,91.64426225144408,0.40494828092349827,91.53725344051959,0.9709034635749588,96.15486996566135,0.5564670082896364,95.69222988260975,0.3965872679049318,92.24931455798972,1.0646718156666786,95.2806984853728,0.7649939150372048,95.41752069635585,0.6823503225633929,94.84441131844439,1.4264448110157597,95.75638193095004,1.0320504895038456,95.60039396278648,0.4308774290592605,77.67881385258337,1.9540198724298898
89.77958792525155,0.6410792267288343,90.30080391843687,2.4758075052064648,92.57307139434594,1.875382175656961,91.79603897141034,1.1438237482581874,84.93957301815473,2.0790710772115975,92.18894745248362,0.9383604382713286,96.62860033008572,0.25922083573367644,96.37970505244104,0.44259556622978197,92.41415109407443,0.7694094319206151,92.03801309694937,0.5800689359428719,91.80855028483202,1.0588182229589327,96.26790182611937,0.4120984786029997,95.65431507213971,0.3717278804728022,92.36783261459831,0.7896789329834627,95.34552520896554,0.741251941381084,95.56407389660862,0.5839846427366354,94.72661449182772,1.5981518508658845,95.76531970398766,0.9670871732353087,95.62316988766437,0.4995750127322369,77.66650694777192,1.8603190415938085
89.83814721150006,0.7765376716210122,90.1850126447491,2.4044243587400187,92.65513110608279,1.8194264570952539,91.93637694662583,1.003014907548425,84.93065353387462,2.0338602610894396,92.22201517369892,0.9407376953282932,96.5592972181552,0.2696496190090321,96.31997870358047,0.510952101760642,92.54998003460669,0.6347409365443679,91.75935045920404,0.5728489448130313,91.8149873552509,1.025734128359146,96.24144815652869,0.4456031680961498,95.71888726207905,0.442607028138593,92.37401836816184,0.5908293911075558,95.26261147344603,0.8079039270159569,95.55836549980033,0.6457112618577423,94.93677625449222,1.2719575169259174,95.85518434713164,0.8811200563431256,95.64754425662186,0.5504954530088314,77.16890722747239,1.7325471927679217
89.82190395059101,0.8843444213481741,90.42168033223298,2.1359006834094427,92.59024598019381,2.1180704270704025,92.04078372910234,0.9485200267873456,84.78170588861676,2.198464276303067,92.36369928655094,0.9593143356350639,96.6246938558194,0.2717907957451653,96.27968267490151,0.5624875048288,92.77260142689809,0.6529634976320848,91.90820998828666,0.6717473483267884,91.79719944627836,1.0220598671594079,96.28766904483015,0.47960831572135937,95.7986369928655,0.5334722416916597,92.81359812586518,0.6958143101618748,95.33249920136299,0.753058221427926,95.58060909381322,0.668706564311075,95.15786391225642,1.1768713630896037,95.76083484186987,0.9178468422380965,95.69401554680013,0.5749671771680482,76.97289958470877,1.9790076607863394
89.93770465617762,0.7469122987955263,90.44059313686338,2.136987826018284,92.74924793014402,1.894497213017736,91.95325187019142,0.9593235845144898,85.07547320501557,2.1491497896878915,92.238905305753,0.8695543316495609,96.62327290152545,0.3000759338678686,96.37169555147352,0.45056478414993184,92.70904879801932,0.7611976677012298,92.10819157149322,0.5421553056105665,91.96416686633123,1.0884079016834094,96.24444266964832,0.5172514497249998,95.76365040066023,0.689032274058059,93.00268881612223,0.8172729746269398,95.2274844927189,0.7965559477443765,95.65130580624552,0.6613109510762918,95.37896334158613,1.1557754685844819,95.72318504911748,0.8699619227110246,95.66248702180336,0.5742977324274066,76.56710060431809,1.9257637940678378
90.18875459240721,0.861249987316591,90.64000851924817,2.092674051974878,92.46765347958042,2.0878004857949857,92.04248975027954,0.9829888729258128,85.31707576806348,2.1441238167940484,92.42505723869867,1.1071284907954801,96.5992226186039,0.26449626769722556,96.32713912997177,0.48829773228442275,92.63164900697514,0.5938248299169292,92.13007827059262,0.5773574007871394,92.11836430435014,1.194308987561669,96.21319418561312,0.5905203959568454,95.65944305415047,0.8616894538407484,92.9335498642245,0.9158354697077444,95.29897236568873,0.8339630166970291,95.49810979181086,0.6595704586870574,95.69591608540546,1.0256426139333539,95.73159043714392,0.916288089650838,95.6256322879506,0.6773552067231082,76.68281774133433,1.7701477028010015
90.50957109768109,1.2218666263966185,90.69034370756903,2.350526263430492,92.5356087431112,2.247016590763364,92.13705705385905,0.6461453659235219,85.40640558025612,2.42556052590219,92.29599850909187,0.9724358664720519,96.56931391602993,0.22633989508645055,96.25329464071777,0.5007542497002849,92.75578392481563,0.6235574975763745,92.39663480738,0.6929569475933604,92.11043369452358,1.3183930553133592,96.26154788211177,0.43299732677907093,95.66358723143686,0.8525602812052735,93.10321876414366,0.975512183779419,95.32147706397595,0.7917610261658619,95.4513990575331,0.598921744946653,95.74026250632305,1.1823595442389507,95.82625595697667,1.020180624141869,95.51449641915818,0.6726261990107479,77.07968371449108,1.6108797702017645
90.58439829605963,1.153916262453041,90.79978700745474,2.360236541220495,92.85090521831737,1.980428334670806,92.3248136315229,0.6927854704596462,85.42864749733761,2.184581613018529,92.4720447284345,0.925384782702079,96.49840255591053,0.2332116401796515,96.23748668796593,0.44755652502712373,92.91187433439829,0.5533978284012365,92.41666666666667,0.9149922210140461,92.33652822151224,1.4471963791178122,96.11900958466455,0.4865581052878166,95.53194888178913,1.1413702930245504,93.02236421725242,0.863211087274877,95.4709797657082,0.7387202153625932,95.42758253461129,0.579025679541864,95.68264110756124,1.2145672285352203,95.77875399361024,1.0135949190372286,95.5114483493078,0.6162128352958254,77.12220447284344,1.4991494568168862
90.70422535211269,1.0807968729115174,90.71727149285124,2.4152075466925482,93.27644505977261,1.4389612168502501,92.45986314864612,0.6291294529009391,85.37926994861418,2.203378202440185,92.756463164621,0.7923089881695746,96.41630501344551,0.2774194446387454,96.22221038898799,0.43107553147751637,93.02856838573976,0.6068652889531156,92.42684842514446,0.9811511747551762,92.34617535078142,1.2117433287109878,96.02332330466733,0.6180553037309446,95.4937564897894,1.0901987920311367,92.87920338667163,0.7270126822448569,95.59067067813308,0.6100972813308988,95.48257408344203,0.6377243268170225,95.60105434116988,1.2692273321518956,95.67560371681887,1.1119252810287503,95.56617588327698,0.5856204892769886,76.96237919007429,1.1629616350784688
90.87784227062144,1.0947676195363407,90.83311145428404,2.15159807048187,93.186005644603,1.4578973421964414,92.59971244475213,0.6495933248242775,85.47845998189467,1.9296388098735675,92.7568028116513,0.7131517985812467,96.35789978167102,0.3921319453802935,96.22477235209543,0.4691988576307126,93.06539219340752,0.7731366733065397,92.59065977954097,1.0603522797203808,92.21044784067308,1.0645282162338914,96.11028276266042,0.536684801719475,95.61824378294904,0.6752099863595378,92.56190425475265,0.7095571606199942,95.57697427978061,0.6276523331188297,95.53863358006282,0.744693660299107,95.57404547632993,1.3183875186312224,95.87091964428352,1.0258636292584253,95.68081367484956,0.5847065826785519,77.20911656637733,1.2426315948599584
90.95508160928722,1.068026428303493,90.7750885320979,2.1658379966240866,93.3471789546556,1.4121772692912906,92.63466198045637,0.5962172843130727,85.60268392044092,1.537638569847163,92.7651303352238,0.6632293856751381,96.3833639534574,0.37921918099170954,96.23585483398568,0.437352656390622,93.10621189125862,0.6730019755400947,92.67087360545304,1.1124060944322192,92.33511728838832,0.9834161137992308,95.96533269430465,0.6918980037643505,95.73980882392097,0.41926408267351734,92.85379556407594,0.6865929235803685,95.6657880022366,0.5687043575351372,95.55209415022497,0.6829349078666141,95.33668823388449,1.285908600066848,95.88758420534121,0.9061049028031833,95.55662060334957,0.5847427627057867,76.86529808025135,1.2293963508446735
91.11247204175099,1.0136864733621718,90.65289168175525,2.248126756408954,93.61406965598039,1.2140612935494821,92.57668548301203,0.6091889365431241,85.83661731813824,1.509801705064804,92.66082649909467,0.6975802126259331,96.44797102992864,0.2764662589389662,96.18862498668656,0.41097347302198545,93.18084993077005,0.7971536478360483,92.82005538395995,1.0539110506995573,92.3405048460965,1.0050858765368835,95.91676429864734,0.8702356962463573,95.83475343487058,0.3604382974996987,92.85546916604537,0.619214702560078,95.63212269677283,0.6123831300079599,95.40659282138672,0.794908698311107,95.4798168069017,1.0594658661529341,96.08717648311854,0.7694891885869497,95.6084247523698,0.6194141841942972,77.12429438704868,1.2758904390399335
91.03741179603249,1.2207611697353682,90.69391559046731,2.1945978538238724,93.75156437225402,1.177495921483573,92.54959392890429,0.6800788235048216,85.66449207828518,1.6589712494219468,92.7759286379976,0.7578463739958375,96.45000665690321,0.2614305482934298,96.24364265743574,0.3647750688179037,93.03395020636401,0.5630760536029406,92.90001331380643,0.9982487139810514,92.20689655172414,1.2420724228938222,96.00505924643855,0.7334871153800308,95.81254160564505,0.3810451402954416,92.84036746105713,0.8258551437685696,95.60990547197443,0.7126984413633604,95.39155904673147,0.8214893030740207,95.61043802423114,1.033888350002316,96.08866995073893,0.8102056265815917,95.58540806816669,0.6244745207627058,77.58141392624152,1.2425912118740339
91.16871704745168,0.918999868432901,90.80284390477712,2.099940748205286,93.78415082281514,1.1793557503807521,92.61010811098684,0.6834020688141083,85.91761197209351,1.6951704530948393,92.81195079086116,0.647422292527466,96.52021089630932,0.29716491397875927,96.25685679288492,0.34691921021751376,93.22655376258187,0.7043853543081248,92.74351600362147,0.8648167709376311,92.29669276242211,1.164868077009082,96.05954092773074,0.6532007144717589,95.79219257602385,0.458192568210917,93.06784896415829,0.7473342311760786,95.65612185120094,0.737175694755267,95.44842094051232,0.6650900364024399,95.70352026415297,0.8540622771537285,96.1165255365607,0.7242494326004971,95.59114874580605,0.6279859961984479,77.91739894551844,1.2761899057816573
90.96849785636302,0.9155122811130635,91.34050541900781,1.7920255436660362,93.84682981386307,1.0877586273054745,92.70977019146274,0.8353710368915603,86.15183873458844,1.6839666090799716,93.04369823982105,0.7219483900288826,96.4167975927356,0.3510655747029999,96.22533486006446,0.3620182237405984,93.27856629297258,0.6655238423006576,92.99629856469524,0.8360366102371468,92.42430697946902,1.1899062334212456,95.9659680984209,0.7203322198505049,95.86903842569167,0.5323356425365977,93.28176177668894,0.9458521220292302,95.50821505605413,0.800409315947564,95.3939765131947,0.6182628490626615,95.71512262668762,0.783326746411383,96.18592389422949,0.6823987814256026,95.56120682768353,0.7120300634349154,77.94663542193699,1.1326645410617826
91.09714529186195,1.1286466756522713,91.51975926714955,1.923819584662307,93.77183638687686,1.168762152233948,92.78999786962079,0.8127903166859397,86.29021090754154,1.8076455293136875,93.0594908393694,0.7550844372639669,96.32829143587558,0.3694242787784068,96.14081806561568,0.4209753431573912,93.19343843204089,0.6635028335064914,92.8520451640392,1.063761158742104,92.4715061780997,1.343765525789457,95.81487004686834,0.9173218429984186,95.88171069450362,0.5009410860996101,93.32845121431615,0.9424716487423069,95.48972092032382,0.8467897673196001,95.20851086493396,0.7344152576721603,95.69530251384747,0.7090937770176625,96.20685982104816,0.6696288413577206,95.55949083936942,0.7346239882822451,77.95723263740945,0.7913866377077217
91.30462570903572,0.9034607453224675,91.76613139463662,1.7709082363994226,93.74264333839311,1.1889653408426701,92.70165907698863,0.7985647201982007,86.23711752017256,2.0394652554879187,93.09286037655455,0.8013323434619758,96.29170994114669,0.43865814727464064,96.17107400601849,0.41399309613474766,93.03560491065485,0.7671767931920042,92.90325157785412,1.1159139835260565,92.39887086895155,0.9155748683766689,95.8320683869937,0.9388526644577896,95.84884557002476,0.48915111916077564,93.07182232164257,0.7535374433381349,95.4523181806077,0.7969786963264786,95.26643764480306,0.9796931125617292,95.91249234374584,0.42747711103824476,96.24377513248649,0.6676750739937299,95.47308993102716,0.610322548209793,78.05597720433543,0.7584151842985024
91.38402130492676,0.9463966229689719,91.83009320905458,1.8208799429561486,93.64021304926764,1.2481700094407908,92.65539280958721,0.7358748092632902,86.2993342210386,1.5773521622963553,93.19280958721706,0.8289560991034196,96.29960053262316,0.4136158428595565,96.18162450066578,0.39699867443561904,92.90386151797604,0.4514530445140165,92.80958721704394,1.0438809461007614,92.5254327563249,1.0021188861516428,95.82876165113183,0.8434219061490776,95.90066577896138,0.41939813365438117,92.89161118508656,0.5209394960546938,95.47563249001334,0.70816797214342,95.18961384820238,0.9219236653766312,95.98135818908125,0.4286723199279592,96.35312916111852,0.4134219528989856,95.42343541944074,0.6079389527172129,78.70359520639147,1.048224724519433
91.16780739833285,1.17023360111434,91.85517590348611,1.8270765802858375,93.73565208128045,1.0887300344626407,92.5337558923007,0.8363841823972117,86.21747583158007,1.6720816805426602,93.1140642893286,0.8133750846637067,96.24144451250366,0.4533398677547985,96.14636874484009,0.4491841682981739,93.0168579722496,0.5044886302711779,92.93696236917094,0.8958332077617835,92.65572984633413,1.1356804240374594,95.84383072784895,0.893100546720019,95.92159578151217,0.42569888831903185,92.89648193027777,0.6026339735760118,95.4414232070095,0.6690739867643709,95.18788782657329,0.8657335317007959,96.02332951609897,0.4082497670352013,96.30962209379746,0.4571211722825526,95.3490106261152,0.6006855394490396,78.72939359237263,0.7899691193774885
91.02588686481303,0.9437130293216084,91.91062107169489,1.9405560706625795,93.7679769894535,1.1757370311604278,92.59933951209118,0.8296360214295544,86.13854266538831,1.6123781112042395,93.15249813571963,0.7860576555581738,96.25705763289658,0.479578989042106,96.09087035261534,0.47793389319976304,93.07100245019708,0.6106485185368723,92.9687333546394,0.8661563031470856,92.66458932566316,1.0503545652046051,95.89245765420262,0.7845190976203623,95.8581016299137,0.4570072606326513,92.93837221689571,0.6646962486621619,95.4213273676361,0.6227284252259443,95.16645360605092,0.7889542558810124,96.04479599446042,0.416810380343032,96.39128582081602,0.43057884720753653,95.27724512623841,0.5915491042799418,78.94827953552786,1.120541266429508
91.02777851759129,1.0542326749292863,91.91360161930382,2.086609387602073,93.92228407063146,1.321779704639018,92.79809305670226,0.8881260174991489,86.18558073880737,1.275462741102998,93.1472554398487,0.7540804777148384,96.29664154259993,0.5041410954204616,96.07558526646604,0.5652625615827647,93.15284842996779,0.6551728337606031,93.02554132154366,0.9482856662725812,92.92353583508671,1.0602838045171796,95.79673475910192,0.9193776476795537,95.93948917356913,0.4190816781385073,92.91874184355608,0.9491146655862246,95.48113031666978,0.6139247480447279,95.09468133272965,0.8957426323639551,96.05561030175514,0.3751532600277508,96.41888832663062,0.4528100445469702,95.30907928729326,0.4774421248408993,78.58737049564546,1.1184558437555436
91.13780429340008,0.9368711549570835,91.84520321738668,2.2071892200361964,93.77217280136365,1.278942755760426,92.7662067863421,0.9639100229986179,86.22516379907312,1.0946672324798814,93.08448303414478,0.7623385159867899,96.27923081020614,0.5043694035343911,96.01875033292495,0.5607513116446056,93.36813508762586,0.7361541958961035,93.13242422628244,0.7738523358098592,92.82400255686358,0.9794642750118914,95.92659670803815,0.7613225973814848,95.90049539231876,0.48468135157897646,93.0794225749747,0.9789601811006451,95.58434986416663,0.6484242474064507,95.1984232674586,0.848898436697506,95.95269802375752,0.33680411954801026,96.48191551696586,0.41252517052827997,95.18697064933683,0.5291437653872012,78.63474138390242,1.097682446569102
91.04834198961247,0.9253997804453026,91.97815954188306,2.0611358334214334,93.8050339592489,1.1474708519954506,92.80809695032627,0.818548057680848,86.31801837794646,1.16892037345243,93.15115195099216,0.85879078650263,96.2157411106672,0.5115441781532474,95.98401917698763,0.5248764480448633,93.29444666400319,0.9617829969234504,93.10693834065788,0.9222371901612102,92.83792781994937,0.9905675613793231,95.92222666133974,0.6272752944989957,95.91290451458251,0.45952122579669313,93.13037688107605,0.8480582094956086,95.63004394726326,0.6473527111248675,95.31761885737116,0.654309054757175,95.96937008922626,0.3726252347114483,96.55373551737912,0.3790698716048901,95.269676388334,0.5847734255513451,78.69037155413504,1.1711701390049092
91.19433198380567,0.8818333690754182,92.18650117195823,1.9543833134465056,93.95775623268699,1.2205579495541745,92.93122735989772,0.7636373321968908,86.64420413381632,1.0668366641255012,93.21755806520348,0.8516881081659388,96.27370551885788,0.44321521721788626,95.98178137651823,0.5318515377670581,93.4556786703601,0.9305988424257289,93.2140954613254,0.7898404649995195,92.75250372895802,0.8109195562423404,95.84380992968251,0.7413245951211974,95.8925527381206,0.47504536084212406,92.99355422970382,0.71427049246781,95.61048369912636,0.6799067144776246,95.41391434050715,0.6071213057913557,95.86112294907308,0.40618692645312987,96.56802684849777,0.3578401267458719,95.19736842105266,0.6432300384793327,79.02434476880461,1.6006126536343508
91.1757185094425,0.8179445373965966,92.0693604666649,2.0290437642998636,94.15923074874144,1.139244675243169,92.89161761180513,0.7661468387330326,86.74772927043657,1.3698366025421234,93.34629624697014,0.824195879713041,96.29757877633647,0.4374345782299766,95.90043416881976,0.4671454468160566,93.34842713688305,0.8117358652698973,93.29861758516901,0.7990725744812577,92.85326159337293,0.8627279351492625,95.85568548064887,0.8539521801628512,95.88258796579922,0.46106784265623213,93.085528593879,0.8274531935477142,95.52965932397515,0.5806064671222633,95.42338118956931,0.677890975778706,95.77897344378445,0.450813623412777,96.5503555922542,0.35191239262778945,95.32269664118479,0.6660245474310488,79.25951575526729,1.390667514369328
91.1299344733898,0.8201792010213,92.0792712162378,2.0566637685239946,94.02322731873636,1.2347192605130652,92.856001278568,0.8106871128348021,87.03585317777421,1.488349841520592,93.35064727505195,0.739375403097834,96.27803526716744,0.36970168777482476,95.96425336955943,0.47511547131781373,93.42070214692878,0.8296439342449063,93.32667412498003,0.8673756690195422,92.89249374034415,0.7678905679836736,95.90964786106228,0.8023933902657476,95.9107133343988,0.4806022962480876,93.36716211176817,0.6836793065933937,95.40860902455915,0.5954998177644306,95.43071759629215,0.639178777766085,95.85104682755313,0.49539669455331503,96.62324862820309,0.3766848529380663,95.27302754248576,0.6874090966153895,79.10207234563957,1.2640737956709327
91.04232705575238,0.7331973899265929,92.11102527902827,2.1091909283852637,94.09312485016382,1.161966293928191,92.92746597053889,0.609530138877189,86.7787219306891,1.568398170766242,93.42798540262646,0.8323469664871601,96.29818065581631,0.38411493955376347,95.87863935430596,0.48980611012587966,93.31371034335794,0.8539071052063707,93.33768413201565,0.6364906417502192,93.02895500918996,0.9279527502737055,95.81710663008444,0.9554438108227727,95.88769611890999,0.5004978125397708,93.79904637596229,0.768284602122736,95.44844303561439,0.4864164867112275,95.43539063956742,0.6428916772746732,95.87437734743348,0.5068373393982217,96.58559974427959,0.4239485259200061,95.23507631656055,0.6712362730756591,79.12335846141552,1.2171608660205724
90.91715503462974,0.863519171085981,92.3071390516782,2.0726020556576485,94.04395311667555,1.1959177834586479,92.98534896110814,0.7639682245026499,86.6132125732552,1.5203737767981942,93.27730420884389,0.7339610122395128,96.35029302077783,0.3017949428444552,95.82525306339906,0.5721594040903719,93.36867341502398,0.7536245532109809,93.50932338838571,0.4232602902161337,93.23734683004794,1.0760370683786529,95.81832711774108,1.0413266006626636,95.80980287693129,0.5588652053379635,93.37187000532765,0.5992183575764427,95.38412360149172,0.5253220092307154,95.38865210442195,0.653399411373213,95.84816196057538,0.4146476539067173,96.52424080980286,0.40755621009440496,95.13718700053275,0.5049101407257528,79.32951518380393,0.9442161865104728
90.89213884227071,0.8323931877584582,92.2834918351581,2.0908154346012697,94.26436506033724,0.8504502328791314,92.92522443325608,0.7930198453263168,86.93012600229096,1.225740861026804,93.39566850475506,0.71576546583107,96.28706145608567,0.2989665454523943,95.75934361597272,0.6346376463609745,93.45081115639735,0.7839328788951687,93.48863848264472,0.5420188327943977,92.93508084925011,0.8999636967383206,95.85417832121263,0.9876978902423622,95.76387223953755,0.5503880346284673,93.46945842989957,0.6208618614977689,95.337648845201,0.5624125292901345,95.4282213164975,0.6200286967912514,95.89493593329604,0.31079118984345916,96.59980287168013,0.31076196203223533,95.06593143131144,0.5446189714709279,79.80686752444126,1.236765882291997
90.83408812403431,0.9361796607114736,92.5382279290319,1.8445167167475478,94.54712557941286,0.7067966814830489,92.99802866428686,0.7182395421758945,87.25771218498588,1.2558868045809348,93.30465128669616,0.6391812179447718,96.27017955138793,0.30588201999815734,95.79279663274549,0.5694874615271773,93.51457190047418,0.6702080296860944,93.71197186850658,0.5298967556691946,92.93542543555864,0.9774352610120413,95.84634237306196,1.009990590468284,95.70675049283392,0.5124232103896529,93.6096755287975,0.7646075886380068,95.3274015664127,0.5335122222697647,95.35856998241783,0.6174016796102823,95.93691725717937,0.3092883104934646,96.7179924343332,0.306495183768761,94.93819596142575,0.6458496560425775,80.02504129149129,1.1166229360516557
90.60393744838426,1.0073587446960959,92.54895170098834,1.8135054764889857,94.62929909156301,0.698818389701065,93.04526200815195,0.7259747870354265,87.46783173935052,1.2429220087122113,93.31939153368675,0.6719230766554767,96.21839784745717,0.3747199544775756,95.76737618882701,0.5580785418363597,93.6047100194475,0.7044053389280713,93.61456696059888,0.7170910305977829,93.00290380158245,0.9420901126893716,95.80334070383887,0.9642140419027356,95.72981325092576,0.49400125062131567,93.68676239443747,0.7616715686974861,95.37309854277113,0.5238935162392818,95.33047393238671,0.5854302480182195,95.95199403255455,0.32817068314777625,96.69073181127953,0.2851038641522783,94.86480006393693,0.7293231518076833,80.04955110957188,1.3771463254375638
90.54587595907928,0.9227068389107154,92.65212063086105,1.810889036600469,94.65286658141517,0.6390569204921239,93.01124254049446,0.7274784490303242,87.54022804774084,1.194921368508264,93.35571184995737,0.5757718589107118,96.29156010230179,0.3049607934461374,95.77685421994885,0.5845601809583291,93.77104646206308,0.7962704854667205,93.49238064791135,1.1062021737927246,93.13432438192669,0.7603746877986238,95.80376172208015,0.8961363373768398,95.72277280477408,0.5804594922475498,93.63118073316284,0.8180040229128822,95.42599104859336,0.6252493839923164,95.40574381926683,0.44532598146673175,95.97293265132139,0.28815563877695216,96.62031116794545,0.3833600262263632,94.9768222506394,0.7427727819757058,80.18408994032396,1.1891924534671583
90.3101105634741,1.036697110321242,92.58984947382442,1.847606190000543,94.59997335819902,0.6105920093881945,93.05128546689755,0.6934096708993323,87.86892233915012,0.9551285929264329,93.34168109764218,0.5141492106597906,96.2586918875716,0.3168203050597649,95.86812308512056,0.4887176068434095,93.48474756893567,0.7430868260918626,93.59984014919408,0.9905535181036611,93.21832955907817,0.5765992978044038,95.73651258825096,1.0814208943183605,95.68722525642735,0.5145783686089657,93.57559611029706,0.9857143777641371,95.46556547222595,0.5890585942498865,95.40082589583055,0.36419458882811456,96.09004928733182,0.326381526321002,96.66258159051553,0.35350577958747165,94.88184361262822,0.8716157034014801,80.29172772079392,1.1060309265917057
90.32983428358288,1.060498574225494,92.74337933606861,1.772765540780607,94.583311131241,0.6254404738610593,93.21202110086855,0.8168924008850588,87.64320349549742,1.1460894680126061,93.50455586934514,0.5506575811070696,96.24846805562956,0.3097401288147745,95.83470986305748,0.5443739777970915,93.52134065114296,0.8551308444486805,93.65455320509403,0.7177969562941361,93.41397133265839,0.48772971044454067,95.69217243032983,0.9752093940052304,95.73613257313369,0.48115695880189085,93.50082591783449,0.8490447778700057,95.47130601587892,0.5332201518634977,95.4425321042255,0.5237218310403363,96.07875526189588,0.3411256975645956,96.63904726381412,0.351477732623509,94.90888261309746,0.8828199676557796,80.18596472531571,1.1051729676888609
90.33597101217596,1.0844182255868005,92.77196067460635,1.7959331009961228,94.6471105427224,0.797745766753194,93.26432739189514,0.8968572290823043,87.60290943969308,1.0524881533015216,93.5643300562172,0.6307989972096801,96.20973543281912,0.3899391673063308,95.87456371726213,0.5115626025281117,93.59310473450032,0.8395972142117127,93.73591239709057,0.703924225636517,93.23501984919938,0.7602141942498639,95.69818559667493,0.9262911001033172,95.77864812298512,0.48565585303390035,93.80225401646553,0.7888641458581255,95.42376042416006,0.4695805468553589,95.47331681453655,0.48987312560466134,96.07651932965658,0.32175083952486344,96.70769722644071,0.3039477713969534,94.9327258679029,0.7675351420590103,80.24192044334319,0.9124630543626763
90.17371842694233,1.047639212233019,92.71874666950866,1.7766011435154805,94.55477992113398,0.9094600774676141,93.297452840243,0.7228279831152378,87.65080464670147,1.1173096283006074,93.6512842374507,0.6103563315562293,96.1896514973889,0.41599265213084485,95.94665885111372,0.4628351365666636,93.58547372908451,0.6128234340092112,93.71416391346051,0.6328231340836811,93.1527762975594,0.8658953174394945,95.62480017052115,1.005131428500359,95.71512309495897,0.5631178167731036,94.15245657039326,0.7322186946500517,95.5371416391346,0.4759265328943898,95.50676755835022,0.5071568416758941,96.12757113929447,0.33603309951907984,96.76782478951294,0.26869832597125337,94.96696152616434,0.8107297556041257,80.4167110732175,0.9452731849853663
90.19157496469587,1.1867008368940566,92.92344994804294,1.764635109415888,94.59540113506168,0.8642727893777409,93.28768218272896,0.7714300305281188,87.82259998401324,1.2893231379313135,93.57251338893181,0.6826948089171516,96.13679358397059,0.42153379052257506,95.93855745916707,0.4507278601360884,93.70813460872347,0.6433631894014176,93.6226053129413,0.5424985546568782,93.29967227092268,0.8429785255643581,95.56340092190457,1.0354852211118142,95.74138711998083,0.5522246199794525,94.3190962137966,0.7320921765270236,95.56846340358638,0.5640536336266017,95.5284964429405,0.563444125644534,96.13945804801362,0.34693010112000483,96.71524872771843,0.33241749180245356,94.96149849457782,0.8139237709043707,80.54168553995365,1.1704729732524612
90.32960298427923,1.3603953450288047,92.98987476685318,1.935289585209873,94.62163602451372,0.9753495841884313,93.27018385291765,0.7036199590734825,87.96029842792433,1.3540338895981654,93.71409539035437,0.6541142639497318,96.16466826538768,0.4319180887960577,95.94857447375432,0.39413553346188696,93.81801225686118,0.840735290134731,93.79456434852118,0.6937319995713009,93.42392752464694,0.9297150395231975,95.62350119904076,0.8967553931686096,95.74846789235278,0.512963065210845,94.19131361577405,0.7614250965406355,95.60191846522781,0.5326634135506286,95.45989874766853,0.6323503049285729,96.11590727418066,0.2920044728821914,96.6869171329603,0.30971068028399806,94.9685584865441,0.7279849611637492,80.57847055688784,1.1766838036546814
90.33467451837245,1.2815425717657436,92.9427909083642,2.000804838909172,94.65693197260785,0.9584146029840437,93.38884595912494,0.7767849449255093,87.89789229662395,1.184809696393604,93.66356684164248,0.6860757751260294,96.1746915718511,0.40021318253379906,95.91595832556156,0.3815675839896605,93.92656345759279,0.8843217265225435,93.83356870686667,0.7378368697013092,93.39630685603133,0.6936743366232659,95.58075088598149,0.9808409034818114,95.77846465400091,0.4775150219862261,94.03821045058488,0.9374394579019619,95.69879293346477,0.4318483855948896,95.513602813824,0.661055463038278,96.17309280822832,0.3165812142836894,96.68789469476937,0.35377700519309807,95.07207759332783,0.7202930394699075,80.64350235817635,1.068810683371802
90.177201023236,1.3422790807366551,92.97298017480281,2.0264358030289675,94.79242165849499,0.75247011896199,93.39826263056918,0.5776885237773342,87.85200383713494,1.2297075742553902,93.69670645917714,0.6881238897965785,96.17219143039863,0.4088838169148611,95.91718183756129,0.368845208205599,93.99275207844809,0.8253922193400873,93.86991046685142,0.6390018331976131,93.56933489661053,0.7788993203310393,95.61367512257515,0.9627374895624945,95.82738222127479,0.604365495048375,94.03298870176936,1.0194868053185422,95.6893519505436,0.48715521889116375,95.56331272649756,0.734877154745329,96.17885312300149,0.3225404166958884,96.68407589000213,0.3321607310237057,95.18332978043061,0.6324297581796543,80.96141547644426,1.3257446081210331
