mcvopt : rwll : avg,mcvopt : rwll : std,random : rwll : avg,random : rwll : std,soptfull : rwll : avg,soptfull : rwll : std,unc : rwll : avg,unc : rwll : std,unc : rwll0010 : avg,unc : rwll0010 : std,uncnorm : rwll : avg,uncnorm : rwll : std,uncnorm : rwll0010 : avg,uncnorm : rwll0010 : std,uncnormdecaytau : rwll0010 : avg,uncnormdecaytau : rwll0010 : std,uncnormdecaytaukde : rwll0010 : avg,uncnormdecaytaukde : rwll0010 : std,uncnormkde : rwll0010 : avg,uncnormkde : rwll0010 : std,uncnormprop : rwll0010 : avg,uncnormprop : rwll0010 : std,uncnormprop++ : rwll0010 : avg,uncnormprop++ : rwll0010 : std,uncnormprop++decaytau : rwll0010 : avg,uncnormprop++decaytau : rwll0010 : std,uncnormprop++decaytaukde : rwll0010 : avg,uncnormprop++decaytaukde : rwll0010 : std,uncnormprop++kde : rwll0010 : avg,uncnormprop++kde : rwll0010 : std,uncnormprop++switchK : rwll0010 : avg,uncnormprop++switchK : rwll0010 : std,uncnormprop++switchKkde : rwll0010 : avg,uncnormprop++switchKkde : rwll0010 : std,uncnormpropdecaytau : rwll0010 : avg,uncnormpropdecaytau : rwll0010 : std,uncnormpropswitchK : rwll0010 : avg,uncnormpropswitchK : rwll0010 : std,uncnormswitchK : rwll0010 : avg,uncnormswitchK : rwll0010 : std,vopt : rwll0100 : avg,vopt : rwll0100 : std,voptfull : rwll : avg,voptfull : rwll : std
65.68406505793558,7.199308451316713,65.68406505793558,7.199308451316713,65.68406505793558,7.199308451316713,65.68406505793558,7.199308451316713,65.68406505793558,7.199308451316713,65.68406505793558,7.199308451316713,65.68406505793558,7.199308451316713,65.68406505793558,7.199308451316713,65.68406505793558,7.199308451316713,65.68406505793558,7.199308451316713,65.68406505793558,7.199308451316713,65.68406505793558,7.199308451316713,65.68406505793558,7.199308451316713,65.68406505793558,7.199308451316713,65.68406505793558,7.199308451316713,65.68406505793558,7.199308451316713,65.68406505793558,7.199308451316713,65.68406505793558,7.199308451316713,65.68406505793558,7.199308451316713,65.68406505793558,7.199308451316713,65.68406505793558,7.199308451316713,65.68406505793558,7.199308451316713
67.13716214420496,8.256977978650024,57.1326441119409,10.926546002551037,58.490977223802055,14.03091794174503,65.65604486140272,8.204178228012383,64.79575836500385,6.2533878937088,63.15146038748772,7.658476561717853,64.92784436707684,6.41558502921684,64.92784436707684,6.41558502921684,64.86193424934223,6.534715839193646,64.86193424934223,6.534715839193646,58.5632657400271,6.795064602508848,65.7618199697026,4.864831773119035,67.75639833098572,6.734435756866921,63.237568767108726,8.872687877538986,67.44678023759535,5.716397573163869,66.89451723496425,5.526246260913489,65.90825736837908,7.128968682721597,60.65883541074229,10.57555736189144,59.39112871076621,10.218121749762192,64.92784436707684,6.41558502921684,67.18207670024185,8.016162531544568,58.490977223802055,14.03091794174503
66.34056237707968,8.807223649821069,61.73629936745867,6.252284984029223,63.24828575984691,9.28138130750121,67.46983468877903,7.608255267520242,68.05666294583533,6.863329526703331,63.00377398607346,8.44069248440495,70.06165949077764,5.852301534678998,70.08611066815499,5.845982038095425,69.9362143198852,7.6426690897151195,68.99936214319885,6.822635121593294,61.45325041194917,8.172909936717,70.64450114282678,6.7458862608726164,67.10147238611599,9.455986264188727,68.06197841917823,6.611091309352645,68.94514431510126,9.002524326456856,67.91633444958273,5.184273938293298,68.27486312656143,9.854005242057388,64.76505607824376,7.744337405012726,65.59958539307925,7.272202627678696,70.06165949077764,5.852301534678998,67.56657630361983,7.903529767653455,63.24828575984691,9.28138130750121
69.99468438538204,10.395012902435305,56.544584717607975,9.384388929079735,60.820996677740865,11.740468746632647,70.56372093023256,6.382633937313701,71.82936877076412,6.9763433063122955,67.42139534883721,8.724260329489688,71.4830564784053,8.08899969263301,71.66591362126246,7.96714615036405,71.48013289036547,7.954624948695834,71.49953488372094,7.995922100592217,57.88837209302325,10.245418901641123,71.95322259136213,6.671183618441462,72.2389368770764,6.271236381503722,72.97275747508306,5.123761573374333,70.62511627906977,8.3311712060375,71.82219269102988,8.355167826709343,74.72983388704318,5.8530652855148055,72.34764119601329,8.718459629414571,67.35574750830565,7.586584235872367,71.4830564784053,8.08899969263301,73.11096345514952,6.5893369517730305,60.820996677740865,11.740468746632647
71.63512651499042,8.698406269990876,54.05007442058261,12.820691994849053,66.90304061237507,9.933372230834404,72.7487773761429,6.285500696717269,77.33335105251966,5.370759505460691,71.09796938124602,6.292511587433128,77.8011375717627,3.8210895159180507,77.88539230278545,3.753112874779865,78.1251328938975,3.5544947303287766,78.14347225175419,3.574716414924485,64.7251754199447,8.733964873303224,74.80916436317243,7.159874856937188,76.90596427812035,7.413487943977827,76.58595577291092,5.1791632409943125,72.44843716776526,8.211496183699959,76.04082500531575,7.19100569389347,80.94088879438657,5.968686365607686,66.46581968955985,9.25224978395798,67.48405273229854,7.540734272163508,77.8011375717627,3.8210895159180507,73.01350201998723,5.496320301544112,66.90304061237507,9.933372230834404
74.14772878292533,8.831923581812605,55.76907742604258,9.231662271898543,71.29761050421284,6.419371340883627,73.21638359514128,11.467190849763197,83.20203067272679,3.897670495817229,69.02240650665816,7.054063178936838,83.36549451133615,3.870244270583336,83.59115434707493,3.8212141517048406,83.44762512293012,4.0197013931926815,83.38303697206496,3.9977589411823424,65.14366212157456,12.843987810994758,76.82082768519255,7.108440308373934,80.5456768466098,4.719643819136257,78.57347898891636,5.1390579380357195,76.07979161683012,6.095972190270728,80.08824389336311,4.710525684844155,80.78462642532493,3.949147643623738,71.76408048268345,5.636393900362973,71.92382319325944,6.7871712685519325,83.36549451133615,3.870244270583336,68.7124897004492,6.469562856616446,71.29761050421284,6.419371340883627
79.20365743447984,5.966462611810979,58.47536016160757,8.834059553687522,76.26176173515496,5.10211772725821,75.82637818297805,11.993763608715069,82.80686832172664,4.067356111068027,73.75976822072194,7.841554962683008,82.42118972941364,4.086333744815961,81.87071394396895,4.4323463874923315,82.57641805326672,4.20155018866151,82.49401945670087,4.301105105040434,69.75200680452926,15.037655978666717,80.028175003987,6.175494674342321,84.90005847642337,2.9151502847863027,82.26064536707246,6.177778876998194,81.96799744830153,4.821098276405208,83.36106533411302,5.249420777932729,82.98787943224708,3.367674099120986,74.06916166073043,6.729518513754899,74.2472489500824,6.386197111713421,82.42118972941364,4.086333744815961,75.18951677210143,3.7995088229778293,76.26176173515496,5.10211772725821
80.98801201456634,3.674061864600052,62.65091305387947,7.124946919113602,77.9317402514553,5.097784574650505,78.33444087079025,9.464687147287377,83.10491480821882,4.233934292771624,77.44690465431542,7.271967055557163,80.73841737327557,2.982953959541918,80.83862736237741,2.9686368729584856,82.41567209803036,3.6520625294632336,82.4021158395577,3.7231160753677495,74.8047632970947,11.28831832979863,82.07065202945164,4.052350900732627,85.12240503973844,3.14814149983353,83.99324845166264,5.259682035340428,83.86858403551209,6.5281292564853635,83.68251774275006,6.082206172972094,83.6968714281917,4.61747279903768,76.20850057148934,6.166294576971281,78.08963079131335,4.588130880046602,80.73841737327557,2.982953959541918,79.21161053666836,4.671386474408678,77.6491852954467,4.944777156737754
82.17118553960658,3.483726402294666,67.04811270600744,8.625667284074853,76.63716108452951,7.10238080601488,81.78096757044125,7.982230419230435,86.36390217969165,2.344631852975146,77.35752259436468,6.966148146726592,86.19324827219566,2.015177602193469,86.20042530568847,1.9907458276298948,86.02658160552897,2.206769862700259,86.1323763955343,2.195874882752828,75.92025518341308,12.018696015007828,86.18341307814993,2.1894004544836414,85.95560871876661,2.3638528000998567,85.91360978203083,2.970825224471651,82.72461456671984,5.6795951827386,84.00850611376926,4.238153213241865,85.60419989367358,2.9994573550186314,75.62280701754385,7.471976788333056,80.73577884104199,5.464638266985919,86.19324827219566,2.015177602193469,77.5074428495481,5.119141749519677,75.70069112174374,5.86542845927785
84.61628432441054,2.8797316467262797,68.20356734628778,9.809015181218319,77.41194609107102,6.422829368441275,83.11970015151918,8.279643056721357,88.47683351497913,2.2335905255426938,78.6785932640421,5.743173892876684,88.35508652542597,2.2445714784981528,88.37422579015922,2.289718109550466,87.74555410829635,2.8330946399890227,88.51192216699008,2.3124888374116055,77.36462957548046,10.079943625632918,86.65780589595684,3.2640294960503637,87.3034902575826,3.2740187692644422,87.74980727823706,3.5775212407861705,86.0743241447141,2.6460749849821865,85.89250112974825,3.861442119740546,85.84545043727903,3.189048156818247,79.84927829022567,6.221648644945107,81.67362237167389,4.741875420503593,88.35508652542597,2.2445714784981528,75.35819665594514,7.302356418236115,75.16175336930806,6.216006237094165
83.78116858950503,4.479771837059984,68.82077728746876,11.662848866909128,79.0929873996491,6.559811324215075,84.30379073847625,8.428959016818082,89.06746770163218,2.7581762447686047,81.07262480727312,6.369167417094238,88.96193311712477,2.3359063099050754,89.01802328672441,2.3459431376280793,88.6176830240842,2.803142662137375,89.1288744749854,2.262288069526059,79.01058004146951,7.270834083634766,88.14556861077145,1.942717930237282,88.33351055345847,3.6614140079057482,88.62034132596098,2.225013534422812,85.82168111010688,3.250766532062835,87.02828433196875,4.052150454395568,85.57180073369132,3.7060822559807582,82.96666489446541,3.331593268924157,83.3518528364081,4.1153633261762375,88.96193311712477,2.3359063099050754,78.10542825243235,5.82410100316661,75.29294486681906,5.610006623958388
84.82069277188506,3.4373143518837335,67.34800754977803,10.502169753092156,80.71084881835341,6.328950492620972,85.54749182550441,8.350360846736185,88.26142435600926,3.233368165799739,81.43658452295504,6.328479490651432,89.56907781056438,1.6105845220800823,89.50846691655369,1.699359403944236,89.08259563495227,3.034213319394107,89.70811069463275,1.526641231216365,81.5423877502193,6.4779134449549565,88.80187149427123,1.246195146590943,88.55597203392082,2.8334915566927,89.5855597203392,1.938806774705017,86.02892309328229,5.097009542352075,86.64912140787409,4.546081450131253,87.33870324587288,2.221017617704377,85.52011058829785,3.9084682803180497,83.33891591567642,2.6400571175796803,89.56907781056438,1.6105845220800823,75.0291091793604,5.72145497901231,78.7492357178935,5.60865307366534
85.95571033602722,3.3014691256602062,72.9104636324968,9.786187200780669,81.4039238621863,4.658679655323105,85.78344321565291,6.3159463832482885,87.93757975329648,3.9244275510576805,82.71878987664823,7.226004210841306,89.41594002552105,1.855649369995008,89.66344108889834,2.29193046898279,89.15381752445766,2.917619434868932,90.12282007656317,1.3987318578893158,82.98224159931945,5.467441362989637,89.0480114844747,1.6528711367680249,88.38047639302424,3.5609925366625848,90.0069119523607,1.6835259933994557,88.446671629094,2.7365920587269494,87.23681412165035,3.537723546457334,87.85569970225437,4.034066445772453,87.82326669502339,3.9956157795672835,82.9572522330923,4.049649193821636,89.41594002552105,1.855649369995008,74.61186729051468,10.412307815046978,81.18034878774988,5.235503512000722
84.50671274757408,3.915156824393738,74.98019407151402,10.035907529476919,82.07550179449689,4.186927456236555,86.32141432938988,5.564104166321188,88.12362089591919,2.546123043022662,84.89086800478532,4.66870964860284,88.9554698923302,1.6088012570196308,89.32154725508443,1.4280254072980036,88.76831051442244,2.427650253998457,89.27342815366211,1.0271596326493364,83.10408081882227,6.54927874921455,88.75927156719396,1.4319752846895255,89.4220390801542,2.2040178327173683,90.437591386415,1.8175450661254628,87.40156852319554,4.60458158477315,87.87079622491028,4.37095245473225,88.8108467366742,2.298506524195932,87.71420975674599,3.180172955323436,86.61863618237405,3.171127299508018,88.9554698923302,1.6088012570196308,74.19247640568923,8.31203754923712,82.09304798617572,4.828801283234453
85.53650236614027,2.8032373515544133,78.60344552560217,7.888811452783599,83.37693412027436,4.637587585366992,87.79443824108044,4.84662912905471,89.23379592704843,2.963899061909281,85.11857287180305,5.414248206372695,89.52198649439039,1.5953890217451527,89.26888924336683,1.7812898337191174,89.65704259052481,2.0418148272520265,90.23156271601002,1.7811746998814968,83.241612165683,6.265038023859422,88.81294198968469,1.7802821849911796,88.42159834104322,3.421607110023059,90.75876003615676,1.6143353711536885,89.16706545435211,2.067829594649655,88.26979316212048,3.2002240192215217,89.00595522943584,2.7444693675838923,88.99771361727018,2.3908091551239568,87.77901845057691,2.752102695158038,89.52198649439039,1.5953890217451527,74.7615249641091,8.405798134542763,83.98840857127666,4.321810351360431
84.67072554701831,4.375896469277175,78.01770664397947,9.78931346987842,84.01377183420625,5.618593259988562,88.93706963018104,3.108003570991215,90.32435594076517,1.7524237447832791,86.61127801557973,4.356996967381353,89.43689681758967,1.4682462805824121,89.51984686145747,1.5190502895172366,89.24680296705927,2.3658026096347657,89.62645893706963,1.794835220784052,84.63642889426528,5.744253776029882,89.50176800574268,1.6119363649097307,89.15507936085928,2.3227633257466325,91.26631749661023,1.6476920207043058,89.62247095419139,1.4514178566693519,87.56972323398826,3.549176745590404,90.12256400712519,2.759217900009817,88.97641772791323,3.136138071707852,88.66216467710632,2.2719011845956762,89.43689681758967,1.4682462805824121,75.82883577486507,7.0635384951403815,84.72017653470873,5.579254249786267
86.4389024779326,5.006660813694409,79.14123152185472,8.205699410957507,83.33856216101245,5.067313893433698,89.79102414123153,2.5809319084363214,90.562586408593,1.766294797159964,87.36280974157184,4.909074258410562,90.0015952355631,1.214288308933263,90.22891630330744,1.7720405189034942,90.03243645645007,1.4516784838069727,90.48043177709242,1.417168389424953,84.41188982239711,4.643244529146522,88.97479527810273,1.5802469477620469,90.00000000000001,1.8458589654948119,91.97038179304477,1.7157537170006492,90.60539189620336,1.562343578542985,87.67919812825694,3.057700463449357,90.6519196001276,1.6379119932191766,89.13485057960226,3.1886290279242133,89.48713176645751,2.533106059816956,90.0015952355631,1.214288308933263,77.02648091034777,6.410986224952685,85.51074125279166,6.836428701053909
86.86315173752361,3.9577842184856458,78.80433915609795,8.391566904854093,82.89090957432666,5.204250232929274,90.60753502964559,1.9459427918087993,90.84204089229215,1.315707439224243,88.48501768099759,4.758464519411479,91.21214538299967,1.5284555800042698,90.58732817526786,1.7737130231116063,91.10393236021376,1.7253883530534726,91.07362207864722,1.797725261251475,85.56512722341868,5.128170076044123,89.75512483050173,1.365968405812947,90.97524660338732,1.4474280058001974,92.54739304990562,1.5651037463745985,90.25524447634999,1.7429584895602372,89.09308446996889,2.5422177640524595,90.19568743186835,2.038087631062119,89.5623620749249,3.007390488409915,89.7904868256627,1.912072795984467,91.21214538299967,1.5284555800042698,77.72141128925048,7.681333293515874,85.32503788785195,5.962621516376516
86.69396437117788,3.9438480218900978,78.49641052911461,9.42042968040494,85.7498005849508,5.329159921159721,91.76469024195694,1.5882748123986794,91.61473012496677,1.4879977719554989,89.22281308162725,4.321862847555182,91.17654879021538,2.007400542906521,90.72427545865462,1.853535372004141,91.39510768412654,1.9280389325203764,91.58601435788356,2.3371695584651384,85.68731720287157,5.319705032455507,90.16750864131879,1.7216628899050122,91.87051316139323,1.6244884054353779,92.62908800850838,1.278781844870198,90.97793140122307,1.6404391721607403,89.10236639191704,3.0620858419924075,90.59771337410264,1.734658082817971,90.02313214570593,3.6777767765736398,90.18931135336348,2.2237396119230812,91.17654879021538,2.007400542906521,77.53310289816537,6.38695460407115,85.6987503323584,5.929681178297382
87.73910500146243,4.123384310813308,78.22941317237897,7.80432988034797,87.1256880002127,4.183473821614862,92.26541519317185,1.7822448998366884,92.63101917094312,1.0352746506901103,88.71201042303703,3.989539231466063,91.62434523651254,1.307275199439357,90.95136802361137,1.8542932954989582,91.1941290648515,1.7357329889167206,91.48156026483022,1.4717888702599464,87.47533834986305,3.291754358266985,90.3214656066367,2.1107821672802345,92.34677869658859,1.3999696527228187,93.22077162381345,1.4363976950381245,91.81206626073546,1.219612988098656,89.91783881517722,3.3246397699174244,90.41293307453005,2.24421778520708,90.50280517961127,2.7294715113625125,91.00853519104471,2.5223982139044905,91.62434523651254,1.307275199439357,76.68935627110531,6.276598151244803,86.72259299635725,4.822966934071773
89.41209317166562,3.938171175683955,79.1182727079345,7.263640926891054,89.01430546692191,3.5896958978736824,92.17506913422675,2.2248928123926683,92.7539353329079,1.0759602155641939,88.813550308445,4.445248041768242,92.4893639651138,1.1017837428239894,92.30722186768773,1.2435825612444933,92.3681131674112,1.200274769731133,92.49282067645183,1.1520696818175473,88.19267177196342,2.971504348704095,90.6392256966603,1.6172340242632623,92.67655817911084,1.1364429076519207,93.37827058072752,1.353468376097314,91.75813656668794,1.1202440034592525,90.51797489895766,2.569456413907555,90.94793660923207,2.14546779780888,90.33928951286958,3.7651641990382987,91.4792065517975,2.27483790701065,92.4893639651138,1.1017837428239894,75.24223569453308,7.552727536851601,87.92384599021484,4.232651509706634
89.57933363469567,3.5810677594215763,79.89443454675991,7.130448926981578,88.82521870928284,3.6093056007164086,92.17858377429734,2.591847752632889,93.05794134070786,1.2242946017341965,90.22389448772836,3.3349892295915327,93.62140027122611,0.8288200001398013,93.24833142765974,0.9043000582663755,92.8609035551892,1.2513842495515588,93.28529263169091,0.9237894514493996,89.78408275055176,3.2018780091123165,91.54279788337277,1.777035246865285,92.91621240726461,0.8349526336640223,93.49828489376978,1.2824359649521022,91.97941872523732,1.260900613009831,90.59829287100806,1.9025850060839185,91.51487754939241,2.5063055771091105,90.29648735607734,3.057007236853956,91.1949902943601,2.000578353652023,93.62140027122611,0.8288200001398013,76.12784853883586,7.6783786929061275,87.78950727258223,4.265914640254029
90.22629367654096,4.190680778234249,79.89842046481944,8.523939186717982,88.46061798649154,4.474504018622134,93.11891719406478,1.4729795904875025,93.49571876828168,0.9288704892413043,90.15928309312342,3.4439992092335285,95.00611604531193,0.4220013457216088,93.59304366324523,1.2694473047913573,93.24150401531669,1.922427326122121,93.95043344147211,1.497110028051382,90.5472530979099,1.9226890492868227,91.64973674413656,2.306240854856877,93.77625910758923,1.0855797641076523,93.98021592299101,1.1125795189765326,92.90831250332394,0.8762893896283919,91.36414401957134,2.2662416349659122,91.83773865872466,2.0106288557510243,90.2635217784396,2.3401071902982915,91.5989469765463,1.6562356252327768,95.00611604531193,0.4220013457216088,74.69845237462108,7.2504326790095055,87.73546774450884,3.427102914840458
90.67411248504189,3.4683264469090913,79.08256880733944,8.415507617594393,88.78845898151842,4.287231190637841,93.37534902273634,1.6280934086233545,93.77423214998007,1.1454038101350514,90.32628639808536,3.4844544706787963,95.07911182023668,0.5923897168465084,93.7391304347826,1.5733772691472374,93.67584097859327,1.222078379548985,94.04042015689403,1.8531142383298718,90.90493285467358,1.7823100363834052,91.89841776359526,2.1153025262530627,94.34782608695653,0.9029394081977331,94.33452998271505,1.064690559625504,93.1761733811993,1.2357862791477014,92.33479590479989,1.6776405563730736,92.11753756149449,2.3843342280036186,90.47786198643796,3.3824655319735886,91.77795505916768,1.558489211138244,95.07911182023668,0.5923897168465084,74.83207020343039,4.613927523932888,87.16819571865443,3.1224206580423335
90.72678438463994,4.238728812352263,79.97686416338688,7.595536073328064,88.71183916604619,4.851911646451389,94.24609084139986,1.2632754864443794,94.41681735985534,1.2413994869036065,89.86703542176365,3.6482210666008243,95.18216147218382,0.5386021365456422,93.4610679714924,1.7176369980634552,93.82592277417297,1.6717631927109153,94.23412402935857,1.7899978941444739,91.38123603871928,1.8474292003088248,92.08461865758963,1.5781385370722214,94.54818636315287,0.9121730188456706,94.38596957770451,0.8335633718382869,92.690139346878,1.2467199037570456,92.74146367407721,1.2993959581461678,92.49547920433996,2.1290262358528556,91.43309222423147,2.1704424370444655,91.69795766407829,2.1867399812251107,95.18216147218382,0.5386021365456422,73.47968301244549,6.001688676287291,87.41171152005106,3.0497821982609397
91.37808153604766,3.7915324572117153,80.95125388931734,7.231407289083411,88.81179693109591,5.826258865415558,94.39087306863814,0.9131955801644474,94.44219876073717,1.0253395027361474,89.57556577932611,3.40110966255904,94.6118660745153,0.5524698897783131,93.78028348801956,1.2478779752278713,93.89410419381433,0.933295985664608,94.28529638592666,1.0987418139677865,91.6325825067149,1.3633164145156167,92.45645294258438,1.3475643419213323,94.48421668483897,0.9415933631619946,94.42384916097122,0.8361254942726519,93.14549371060819,0.985536305192175,93.17341701459989,1.456589313311107,92.44368800361674,2.330952569362637,90.48400393585618,2.8649575509573526,91.4331303353456,2.058526508883293,94.6118660745153,0.5524698897783131,74.29540196260936,5.131595081242923,87.79299523974151,2.8320272552190446
91.71666400723365,2.718982783540417,82.32062124355089,6.1711161419938145,90.07340035104515,4.3210431519244565,94.17876708685708,1.1387029129699517,94.00457422477528,1.0654036491832573,89.026647518749,3.601466944428969,94.82314770490932,0.6037594737481703,93.95484282750917,1.5887050580779003,93.9317057603319,1.1014970866978235,94.26253922663687,1.2371356498168666,92.0280836125738,1.234370724481039,92.43018988351686,1.5936019388045721,94.79283016860806,1.0535631772992327,94.83697675655552,0.8199461104658482,93.36019360672306,1.1387380671850498,93.21179724482741,1.4010600084330194,92.62459443646615,1.9971007000868621,90.60209563321101,2.372198680822473,91.79059624488059,2.0734831716748445,94.82314770490932,0.6037594737481703,73.4854529014414,5.883776372761078,87.4357746928355,2.903174085122577
91.7238903220659,1.5133989845342766,82.88981676019255,6.0612958712412865,91.46724821148375,3.7986279793867066,94.56424031275762,0.7187605422230793,94.27249275285232,0.8975359784318746,89.1611925214755,3.1832342804885214,94.9956118188346,0.6225761919346657,94.24057870801309,1.5125302710223394,93.83979149490705,1.5128369313771133,94.51716709661977,1.0076137726718761,92.302332384777,0.9908714193631327,92.93954948006701,1.4725606626436256,95.00438818116541,1.035858235517829,95.20970186963112,1.013471099587195,93.67623201510598,0.8425044233631629,93.21347836493712,1.5459353686127304,92.97093162415892,1.8722286751948523,90.66673758676632,3.4068971989782497,91.52549134331534,2.5205157455869522,94.9956118188346,0.6225761919346657,74.12010318874498,5.814071336826148,87.34129411451823,3.2126710029939787
91.21356382978725,2.0852410704708157,82.72446808510637,5.823935805854204,92.1593085106383,2.4038685464883125,94.35053191489362,0.9292378117679982,94.59281914893617,0.8203900948717602,89.51808510638298,3.2617682693742127,95.17978723404255,0.6327990089952911,94.19228723404255,1.4869324080400106,94.10053191489361,1.7058025489190116,94.67393617021277,1.1175380010512255,92.1962765957447,1.2155225995970964,92.90585106382979,1.2708665768063376,94.96382978723406,0.8593678983409613,95.40957446808511,0.9906648932600258,94.00239361702127,0.9495436602021837,93.4712765957447,1.4089133335123987,93.0563829787234,1.909808481482863,90.87952127659574,2.771411625840077,91.2061170212766,1.8360833238298777,95.17978723404255,0.6327990089952911,73.2595744680851,5.0651812127029805,86.87579787234043,3.371960355537482
91.37610042820289,1.9485956424322046,83.41365461847388,5.885238608730783,91.7197265884731,2.872184596093858,94.58017500465438,0.8755581094133648,94.59400515971168,1.4920932916594263,89.60770233250884,3.5360450988708867,95.1583818718583,0.5886404731042939,94.32032766828905,1.5127117591446704,94.37458443043697,1.4220431487074023,94.40809595999892,1.4548338273397603,92.32399797866965,1.5422766098407517,93.54663687864038,1.654643580701095,95.1956169047049,0.9063961594564277,95.65839517008432,0.8653679550553403,93.59956381818665,0.7593221845011621,93.87935849357696,1.5172925301947167,93.42854863161254,2.081118515217732,90.67156041384081,3.6658074601615573,90.90055586584751,2.6222901465263297,95.1583818718583,0.5886404731042939,73.53360461714408,5.93753046653583,87.06321976648314,3.202559940501938
91.56976434916751,1.7021792211877718,83.77626469493059,5.588734451140377,92.0165966274802,2.303466397218139,94.87259960636203,0.939951140069825,94.81355391244215,1.127677530237619,89.04037448800469,3.2807281229089837,94.77339220171285,0.5801345318695759,94.19995744454494,1.3256489858817693,93.94888025958828,1.5878831402090785,94.74626309910101,1.1408470428416422,92.56183839565934,1.3712548267755045,93.21958614819938,2.0189031259345813,95.18618011596362,0.7836874123970223,95.60934092238948,0.9765858348391878,93.60311718708444,1.0279892953085616,93.96510452683654,1.5034384029830457,93.53689026012023,2.1250844100036757,89.78669078142454,4.388622540224844,91.31044204478961,2.4705389562654583,94.77339220171285,0.5801345318695759,73.94781637321134,4.566183017140517,87.13495398691421,3.0320439775322368
91.60597920046813,1.5814405643888936,84.26842567226109,5.779462135106988,92.21427241535228,2.48838554829059,94.49450754049525,1.6781965981434106,94.90438066867037,0.9675884292839814,89.10311992978164,3.378102589590273,95.19748916136925,0.5834631166314691,94.51605181264463,0.8383011351235722,94.130914700641,1.091055521182299,94.70117296592812,1.5355106792614566,92.87416549192754,1.1823913806737623,93.41250631699339,1.7527380959477579,95.06875548581004,0.8004402546979369,95.38952576003405,0.9154182080549369,93.82184748783148,0.751599244035129,94.61100619730298,1.228962173114574,93.25238715854988,1.8561158777387368,89.8912147245791,3.939108736393013,91.52884538660001,2.129861269505202,95.19748916136925,0.5834631166314691,73.99632949437456,4.259626777315721,87.59688273000505,3.7296654861742873
91.36636876263432,2.397685678601491,84.21959782955635,5.358845970956944,92.68645600595808,2.460184141520936,94.81301202255558,1.2206192402665998,94.89546760293649,1.1299802237945757,89.75263325885732,3.316040793058394,95.22608788168955,0.6152829216993365,94.46935844238752,1.205448473795382,94.47441217150761,1.0296776382318098,95.1002766251729,1.1685613441933331,93.19555271837427,1.1126923450383484,93.5325566549633,1.5948533772640159,95.24124906904989,0.9900048317471054,95.42132141717204,1.0925075503429604,93.9081285243111,0.8734431150887733,95.07607192254495,1.213041272165964,93.75598467922119,1.6744127880925224,89.823385466539,4.312301766786134,92.12176827322057,1.9455105127482526,95.67081604426002,0.4433882612716417,74.1969890413874,4.5946924902207575,87.84179167996595,3.6702113876349434
91.30389679478652,2.034084855741014,84.62002925921,6.287166799912643,92.69211331294056,2.772780941736122,95.25788003723899,0.7438253149653504,94.84186726958372,1.281098181304557,89.1270115706876,3.3263811721656062,95.5334485968879,0.7252788670042932,94.70168905439553,1.2492261167571874,94.82856762867401,0.7988166011049476,94.98896129804496,1.1619560379982967,93.24378241787471,1.0262435896283886,93.71325974198696,1.8596799000782256,95.2408564968746,1.1388710433753189,95.4533847586115,0.9973844354823044,94.14895597818858,0.8226518014320411,95.14536507514296,1.3072741704964927,94.52240989493284,1.4342302418410906,90.04282484372922,3.5777865692001116,92.85117701822053,1.5435456668116339,95.67096688389412,0.37500695391665123,73.05705545950259,4.239421841200321,88.10506716318659,4.048551804710233
92.27749108900358,1.609602171966809,84.27621428951429,5.861165998409958,93.29520668191734,2.900036242582919,95.25429589828164,0.8714868173027386,94.73772410491037,1.4534809842684866,89.3107942756823,3.2602972823574867,95.48810980475606,0.838918121027915,94.88854604458159,0.8166900259938431,94.51002819598872,1.1181196921664842,94.89386604245357,0.8396864612015668,93.1760387295845,1.0845733932861579,93.60110655955737,1.8518385322858708,95.33462786614884,0.9207412164730977,95.55434377826249,1.0508491014264367,94.07139437144225,0.874706828192308,95.35590785763685,0.8952455130254775,94.75634409746236,1.1613459396821728,91.25152949938821,2.457156779268977,93.14544874182049,1.3898322366878513,95.67936372825451,0.5329911096935279,73.1332127467149,4.696429677454046,88.33643666542532,3.815507109879114
92.44380602771794,1.726350883672429,84.93256723326151,5.486013878861999,93.15191658021439,2.9721486627196687,95.07860505945257,0.9545125157857646,94.78945548373368,1.2487194491155336,90.46657622429707,3.0997719094586555,95.28156837709147,0.9080940294879684,94.80940600643736,0.7957388966374941,94.38884898784349,0.9308246381770382,94.89692229936425,1.0119271532580818,93.21203415529487,1.0417811041688836,93.77357486766155,1.7303862950408764,95.30923310190727,0.9235363570835924,95.54331923496396,0.9561196370276703,93.86614529300667,1.1133346328965963,95.39861144361983,0.9928218283292127,94.71124943473521,1.4255237791936837,91.38882238714653,2.2247312187448354,93.69058069321417,1.4106204116966634,95.76171095682709,0.7001109889169951,72.06687415210277,3.934776754549753,88.5449418774772,4.081234248090509
91.78256011917429,2.1745841868254128,85.82783570972548,5.1608977952276325,93.2589380719302,2.256059599836356,95.36630134071079,0.7261028187841109,94.6701425835284,1.1740337552799116,90.48042136624812,3.0881570890641914,95.06676952543094,0.7311015061151253,94.69913811449246,0.5558141162224854,94.56666311981273,0.8618134590727204,94.98696531176847,0.7944742279081835,93.19456267290914,1.0065298341207987,93.92769738242178,1.3867111138465669,95.48361353479466,1.0660784942741999,95.61449244520111,0.9666792298570946,94.37380293679504,1.1592359820230622,95.35965098957226,0.992130543341073,94.79649925516065,1.3519374239154953,90.71664183868907,2.79634612499788,94.06336454564801,1.2502954733390488,95.64508406043839,0.7509425734564219,70.50755479889338,3.3380478236648954,89.42939987231325,3.74129572803208
91.77170067303342,2.568258747742605,86.28155675560639,4.847790495401748,93.60857652097577,2.1581515689473743,95.70615306855365,0.5824653205831866,94.26165837567504,1.3189017371746026,91.11436248038093,3.2732415005443487,95.01210396105452,0.9429741487618318,94.61945678486872,0.7212668118827856,94.4627703439653,1.0739034153006446,94.7263972759437,1.001684652510307,93.54872176850843,0.7098462978785542,94.0054800351148,1.5540188928660275,95.5869756058631,0.8365037884913546,95.48934585406082,1.0563733257972057,94.28134393870872,1.0577570178201978,95.427894974861,0.9925119723469968,95.13553776169829,1.3294852108511315,90.09230932936076,3.5684538165166795,94.0632066186055,1.1689780850860623,95.58883775371767,0.6987244170407186,69.39533398951878,2.848732295467958,89.91487324093534,3.5122692183317983
92.0925778132482,2.084239923871283,87.07741420590584,4.817503355394151,93.75312583133812,1.7809962278173033,95.49587656291568,0.7029675734017482,94.4418728385209,0.8673327534446269,91.32003192338388,3.3309437006663973,95.08592710827347,0.7997161650050021,94.56876828943868,0.5123031782439987,94.39718010109071,1.1562171007885653,94.63394519819101,0.9017064557100283,93.57940941739824,0.8140525918379213,94.10321894120776,1.5993947191286835,95.7241287576483,0.8191181046739626,95.34769885607872,1.20716362487198,94.39664804469274,1.0410965558533414,95.42059058260176,0.9984043624370191,95.22638999733972,0.9217201059130792,91.18355945730248,2.5638073324828157,94.03298749667465,1.2850241500548436,95.71508379888267,0.6867300900638041,69.35301942005853,3.060473961895241,89.79462623038043,3.7408882693293473
92.15568384367768,1.6543741998168813,87.614993748171,4.607089537416372,93.94902764106521,1.718725118060411,95.3837558860305,1.5295889249896983,94.48322647583069,0.8906438704787765,91.25169597488627,2.918014133959991,94.9541089148421,0.7584087164197428,94.73010721221635,0.7286146734943565,94.61331772593046,1.156088303481971,94.69472452047142,0.8242731148651766,93.69230359945729,0.7985127590648498,94.1823405783607,1.2871922682487789,95.77908430657905,0.6439616728257581,95.09963021096597,1.3098670377911257,94.54601080103221,0.832164510272549,95.71470376971986,0.8494076021714094,95.32629226635451,0.8475708547572882,91.10351432599961,2.8443541864347694,94.28742451249035,1.4130385751912302,95.64047992763841,0.7591343995202742,70.29955572108862,4.526687664241723,90.76192503125914,2.400066184560159
92.52660423539429,1.6004080471219482,87.81712248589976,5.083293200670862,93.69240183037141,1.7795717828773387,95.43630946046609,0.8199839680454202,94.60412897733318,0.8403265187364161,91.89315739065661,3.068797065106193,95.07023518144088,0.4723192204769989,94.59588166436097,0.6859571276609319,94.46339257209746,1.0468876154040752,94.73342556134936,0.9719741528185069,93.98025965733744,1.0259057144788484,94.20293710758753,1.2122111183298212,96.04953708630413,0.5206340110345804,95.2221453655422,1.0545587694439262,94.44796211556879,0.7974824913085594,95.47568372884963,0.8049187810274143,95.4474832393317,0.7233972904510926,91.41667553474512,3.564082355688549,94.41045014366287,1.3456484328310636,95.67760987549218,0.8056314663281363,70.07449185910397,5.263177849477391,90.65792274130042,2.419985435962274
92.55859738739457,1.946336256880906,87.98494160214969,4.976085257289981,93.82392848591267,1.848198968270039,95.38776704711735,0.8207357198126733,94.61356320004258,0.7359440901990912,91.60028733338655,3.550934729105063,95.3183281453694,0.47300274495373096,94.6130311011786,0.7722987468327326,94.53853726022295,1.0355830520150537,94.9229786894405,0.7982343583046909,93.98914518317504,0.9672424960830582,94.2841940032458,1.6074539352943518,95.95684678213212,0.7685551058966298,95.56735041370686,1.0783397018740286,94.62819591880171,0.7599663255737668,95.52185596083751,0.852138347408705,95.35690531300716,0.757107503675875,91.53510522255034,3.325667927364689,94.53800516135898,1.3167565591257095,95.90124245084738,0.6911114225221854,70.04709074946125,4.83260777223794,90.78750631867402,2.3576465603108296
92.32719629649338,2.1845055645028384,88.66679082637151,4.961589422471271,94.08556377374553,1.581607830376066,95.49672750492205,0.8423075159046917,94.54876815835682,1.0475225973440245,91.71074336189005,2.9177570212340185,95.30064385675516,0.4902159613068532,94.59107114351089,0.7875056983473624,94.67993401798542,1.0233885028386125,94.76400787527271,0.8371991381492637,94.2428031713936,1.0232807675044024,94.30000532113021,1.3446134901573081,96.01633586973871,0.7336168037358424,95.73404991220136,0.9078284793978301,94.64268610652903,0.9896681368989523,95.6167189911137,0.5908039272105347,95.4637364976321,0.7983655021131716,92.00393763635397,2.544744000011847,94.59107114351087,1.3838749787144053,95.92428031713936,0.6878231820538281,69.66131006225723,4.342956796075989,90.82823391688395,2.2768357118676734
92.77930025276041,1.871532761466205,88.65691100172941,5.153402417758479,94.10030597312758,1.59296125995053,95.7669282958627,0.5823073815890749,94.76120792869497,1.02769037412015,92.40282027404548,1.9922617706297567,95.0238126912332,0.5386641843610006,94.68830650525476,0.6661630840649392,94.63110283357722,0.9089189005515351,94.79446587734468,0.8210269283338545,94.47731807902088,0.9937993635492149,94.34162564853,1.1799547026088442,95.99308234668085,0.670025037049735,95.66795264068114,1.07901877840917,94.6087534920846,0.8649980986768424,95.587069309565,0.6712855537375482,95.37421843820673,0.9185971704877918,92.35572701875749,2.2259848728474414,94.77557536251166,1.318530832638304,95.9773845949182,0.7604611708041249,68.6821870427032,3.349169908011535,91.09059465212187,2.3976983423622755
92.93928267347806,1.8645552253410453,88.94396551724137,5.234403335854394,94.04134738186461,1.5102538877841407,95.59200723712219,1.0840661077145672,94.74244359301831,0.7703984196130234,92.51170710940826,2.4518299338395604,95.14820136228181,0.24205778140961504,94.7232865048957,0.6787668740540027,94.56736909323118,0.8987131475404042,94.76825244785016,0.8376232996144608,94.69960621541081,1.028391495370761,94.44417837377607,1.2310463016700979,95.92220093656876,0.6798094642421357,95.62473392933164,0.7540399554274636,94.50297999148573,0.9038095940771489,95.43582375478927,0.7733793326392139,95.48078969774373,0.9096101634689981,92.78762239250746,1.777816054492133,94.95343763303535,0.9989010490151706,95.96477224350787,0.7450018624839829,69.12303107705404,4.252784172921522,91.0640166028097,2.208494014962468
92.81244179549263,1.8558727601830143,89.27999361413406,5.333473396092447,94.06753053242159,1.433382931036395,95.13716307905167,1.5665875993757614,94.65715882180773,0.691922892411447,92.58680786525822,2.277749994049938,95.01955671447197,0.19958598110590572,94.68802384056622,0.6273661917924641,94.56057259931353,1.0297573577616643,94.93707261261741,0.6973489152436437,94.87374610861293,0.9824786721196005,94.6462496341431,0.7572887299217557,95.843067344278,0.8628389377804853,95.79783412713195,0.745943686948869,94.6121916824096,0.7965502573082829,95.62461751323737,0.6542637029517208,95.22656520235212,1.1005395091472319,92.8978527525743,1.5752255721527562,94.77476518638746,1.0608608902114864,95.82763483489876,0.6657969758027796,68.06242183966154,3.7497674315467786,91.17207247957853,2.448102916309097
92.90777499866958,1.8391282844812322,89.29833430897772,5.035246795908198,93.72598584428717,1.4992261259196835,95.73466020967484,0.5268452713969874,94.74216380182001,0.6201397909576822,92.66031610877548,1.9113457539253431,95.06412644351022,0.2456007644386437,94.77728699909531,0.4594720263000649,94.71981267628121,0.7235493792480843,94.85205683571922,0.8328566050271559,94.8278431163855,0.9651662210436652,94.75307327976158,0.8877105500865831,96.00952583683679,0.6027100938814984,95.82778989941994,0.6993345096399328,94.70171890798785,0.9269417771344219,95.58432228194349,0.7050627882726578,95.45420680112821,0.9978487569130365,92.84790591240487,1.658295404524827,95.23867809057529,0.968860276425701,95.77377467936779,0.6291733720892281,67.15023149380022,3.421537239198114,91.1803522963121,2.27589687346047
93.25430403661423,1.8772965913651527,89.4491897501397,4.859044940450322,93.37564194672841,1.4503679906004798,95.57861685426145,1.304440071712018,94.69545781112795,0.5473275111706706,92.62845586865703,1.7757922349081585,95.00997844655544,0.2858947977839286,94.7790106702855,0.5563859632390364,94.71035895798407,0.9992765862605154,94.85325031265799,0.6847292977595216,94.72765493201351,1.045937668777421,94.58689231260477,1.0941957133489288,96.13634549373353,0.6343387763213292,95.85615071445677,0.6269941310453323,94.65022218674328,0.9730026392022756,95.57914903807777,0.6669817540371027,95.61294271041217,0.8935032267662885,92.6867299965408,2.0499687445599477,95.13078417285331,1.0124623671652166,95.55200766344696,0.7606936136366442,66.15843112210956,3.242413701691642,91.19422048375509,2.0038996470328727
93.10963278339543,2.102254160347984,89.91218733368814,4.737173241830122,93.3291644491751,1.5995088036199168,95.94811069717936,0.6338107576286689,94.74321447578498,0.6329121236610351,92.8951569984034,1.5915175640475423,94.85657264502393,0.3956981437912829,94.6551357104843,0.5876718904376427,94.6306546035125,1.025305889182018,94.50904736562,0.9052265601695945,94.95130388504525,0.9515924935396745,94.85657264502393,0.9757683017277332,96.23629590207557,0.5575281222581842,95.81506120276742,0.5928313422359973,94.78206492815326,0.9322176796419607,95.67349654071313,0.5816310959275162,95.5447046301224,0.8615618341232745,93.02847259180415,2.2113711188987604,94.97525279403938,0.9750471537132217,95.59552953698777,0.816054754492242,65.90287386907929,2.8089392244626024,91.3839808408728,1.8373742865958194
93.51100348598952,1.620174410202078,90.44785651560711,4.661427992373566,93.6706671279172,1.5688776408941294,95.94028579791906,0.5650682035175507,94.73961521062294,0.5219924077709162,92.83695681098487,1.5823557490506013,94.99507703770723,0.3330151343444828,94.50943346017722,0.5135709957442403,94.61667420633864,1.0546626554162113,94.56371909843264,0.93652737516686,95.12413848159875,0.9684923375834887,94.82503525905425,0.8925873930892884,96.28994917374067,0.5706741301042124,95.86205061337449,0.5100344742296081,94.6350355251603,0.9263315883989321,95.64810133319139,0.6156410942196325,95.44426408366375,1.044833553892882,92.92051411692701,2.116920600639872,95.19492269618671,0.7386943933387031,95.66193884882514,0.7360917187529772,66.65158732270683,2.265568693641998,91.46305117219724,1.3994186274188118
93.82484432380647,1.1210120337939253,90.34967268082387,4.4009950655600285,93.91000053222629,1.4125025621267169,95.95268508169673,0.6497984582403665,94.74107190377347,0.604360250261531,92.81175155676195,1.581335524960112,94.99787109478952,0.39894621805000335,94.72271009633296,0.5505346018717997,94.75011975091809,1.029515948733876,94.72084730427379,0.7115606912613207,94.94065676725745,1.0664012978552269,94.86348395337697,0.8494953698222515,96.35850763744745,0.3181987848425551,95.9761030390122,0.5122570333953441,94.8264942253446,0.8848608021378788,95.57294161477459,0.6669819168811247,95.53169407632126,1.0263701363302433,92.8977061046357,2.5534561394565536,95.47926978551278,0.8635450076530656,95.72755335568684,0.658376252299992,66.9192080472617,2.501429494503249,91.50806322848476,1.5062203947796864
93.88668600473694,0.9643213199458487,90.14769672938233,4.5494241654141465,93.94017617159432,1.7186878063339246,95.81472709370092,0.7565766401726612,94.71006200601431,0.6469128345701232,93.13808978896665,1.726281256345755,95.06240519466695,0.42980386728930936,94.67014397104612,0.5712217337893928,94.77925326662586,0.9240089986776211,94.49689969928413,0.85121746244419,95.03978497485164,0.9978518370812959,94.89288660616867,0.8244278117657016,96.32674242222637,0.4090070595705776,96.00101125688586,0.5547672489289741,94.88117731591133,1.0983960702001407,95.53263964659233,0.6224939076426858,95.51347898980761,1.0040793981441596,93.3158581046917,2.3188154208308345,95.53955877265348,0.7138378993260759,95.70641615882055,0.47470837194294296,67.08305612475718,2.2657395380173275,91.12329350400512,1.6098251463018463
93.88838620395998,0.9551570353733322,90.08170108579945,4.898225812629708,93.76224185650416,1.825897726057775,95.68873749201617,0.9738478123979522,94.71684053651268,0.7031210588441174,93.08814136682989,1.8374859880587224,94.95715350223547,0.3754083070340284,94.75542899723226,0.6267216911201656,95.02528209495422,1.016889187318042,94.61943793911007,0.7287378420631447,95.1602086438152,0.7763560990603783,95.03965296998084,0.8774354805255683,96.26703214817968,0.4581071575600256,96.0032999787098,0.39753542158158023,94.84644453906749,1.1068441084034215,95.43565041515862,0.6346792782739791,95.46306152863532,1.079252282699516,93.52086438152011,1.8659670765392176,95.6099638066851,0.8035028446487136,95.74036619118587,0.5337563974418914,67.60405578028528,1.580481909185229,90.94155844155844,1.7297934848679104
94.09208250166334,0.7595994631611179,89.87624750499003,5.259926453305666,93.83579507651363,1.830834369837556,95.91616766467067,0.5576938224914731,94.68290086493678,0.7362563264201553,93.03819028609449,1.7641211748770378,95.10578842315367,0.39998326664892986,95.07491683300067,0.6188276602355202,95.37325349301396,0.8516294494342425,94.65628742514969,0.5578959710032004,95.42009314703924,0.7583938036248159,95.09594145043248,0.7594638753838792,96.25735196274118,0.48131647480623846,95.92628077178975,0.38510861234633986,95.0600133067199,0.8763113486497633,95.4709248170326,0.6545897828430749,95.28170326014637,1.1814547641210622,93.61889554224884,1.8566940416064321,95.56992681304058,0.8414092260812652,95.65748502994013,0.5231149666465382,67.79933466400533,1.885620036385221,90.98868928809048,1.795394012109206
94.04322137648373,0.6572194530633347,89.71815617182094,5.355208123218106,93.63948475009315,1.793447030193969,95.9168574013946,0.6342724955930628,94.7812317027732,0.9470445182781242,92.7018683131953,1.8685261721639879,95.0026614148081,0.3336910075467572,95.48970032469262,0.6254857625586674,95.62330334805985,0.830205516534876,94.71469633257038,0.6231604312003104,95.58444669186142,0.8318685712661428,95.01463778144463,0.7137543376274986,96.22744450950125,0.6031816453073515,95.94879437909194,0.49444875674683475,95.05109916431576,0.8214509727255338,95.43886730185768,0.5735627396153862,95.32469260658966,1.0617911421230148,93.36562516633843,2.074434407177539,95.60520572736466,0.7978938017709492,95.57193804226327,0.6560145109029456,68.50694629264918,2.325704949868658,90.79310161281738,1.6374659082476917
94.27035371144174,0.3758801764122567,89.71468873925426,5.710228359737305,93.72155537220877,1.7553562164479564,95.93458068293722,0.6634547755165696,94.67064115189098,0.9759157963171069,92.77486492960371,1.714737201023019,94.89846432278497,0.5488571933735777,95.73417081414847,0.6783247163641529,95.72565406009635,0.812605221388409,94.74755808692412,0.6871626582250301,95.48399116386767,0.8840290322898969,94.94184653873792,0.7653418848067377,96.27551699358581,0.5926157425590645,95.86005908498123,0.5248612313443085,95.03819231895243,0.7335056841645887,95.46403002155803,0.6666605030436418,95.54893141351502,0.7143223186290277,93.86873552817181,1.7701160841035837,95.6934500838368,0.7196092668900876,95.71713730604424,0.4657231812263004,68.46405663641444,2.7650448313717284,90.99699252122534,1.491145185435303
94.02267646119452,0.5753923162259804,89.82087724901524,5.250817786845591,94.23214095603109,1.3649833073095694,95.84770573831577,0.8101503802752541,94.82673267326733,0.8230004759354239,92.90695198552113,1.6937636026984322,94.98003832641328,0.4595413695064366,96.0007452358139,0.5591197266265516,95.92648781007134,0.6749806406720911,94.79160012775472,0.7435709091029522,95.35105929947834,0.9922381430593101,95.03060789949961,0.6173875398558318,96.32758437134036,0.5014796201799309,95.74284041307357,0.5177685148198697,95.17912275098477,0.48711871814603785,95.38832109017353,0.6305687912498794,95.66352603002235,0.5796196027151097,93.828116682636,1.8752989431815021,95.46577238369,0.7932922564518903,95.68348770360907,0.444490769207518,68.81507505589269,2.808085577862201,90.77956989247312,1.6532212805353659
94.0667003806127,0.6465758404216997,89.74528226557717,5.3649134877712426,94.33765404168108,1.2622059760642017,95.9607143807724,0.6185042351134804,94.64134571877246,0.8897538275298101,92.60866093529584,1.9382652892963057,94.9277368182907,0.3954018265641937,96.14303585211998,0.4198466321512449,96.10284527960394,0.7281609173106234,94.88035985201353,0.6852201740601631,95.4262596151287,0.8120983925982395,95.01237656703307,0.6173454508598474,96.31710627877885,0.4236773149379983,95.78957174416439,0.5608705602568043,95.30329243299354,0.49495992612098433,95.40097415559872,0.6246714570252281,95.69455164887812,0.5701702731425283,94.0065476032046,1.8308482114389,95.4813553006308,0.8984670250013816,95.69881025258843,0.4285005064101339,68.70378749567486,2.1067643769403364,90.86449655319261,1.7056047828613234
94.04125632153315,0.5458571890554728,89.6904445035933,5.758020458830345,94.17620441841895,1.3040832537705946,96.05110460473782,0.613895393875878,94.78919350545648,0.7571743483587507,92.43066276284267,2.005067596965722,94.84295980835773,0.4133750930418188,96.50226244343892,0.24800528861150062,96.24381155177002,0.6935547837425404,95.19669949427735,0.5451482743345032,95.33058291189778,0.8153473156548202,94.98349747138676,0.6660779863189524,96.35640138408304,0.4247697514670825,95.81634282672346,0.4477982642512777,95.1168485493745,0.7262019930243402,95.41974980037263,0.5535600164542275,95.60713335107798,0.6194649455513861,94.30662762842692,1.7781896859630513,95.62017567207879,0.8586361457448886,95.7327655043918,0.34734049424531255,69.43997870641469,2.6694840079127076,90.79025818472186,1.9567248980410983
93.91679310069472,0.5960819986542728,89.9813676169182,5.743149850639222,94.10258457771035,1.3780485890024343,96.07522159227024,0.5166839217553754,94.79624158215552,0.9250396027522111,92.56168649684581,1.974636261063777,94.78399744470175,0.5371990633847875,96.4643722217786,0.281521682104146,96.46037956826108,0.46550649307842357,94.85346961590673,0.6308103350422973,95.30251004817802,0.7072524126368572,94.90244616572174,0.7430965482013095,96.31504698022306,0.48416136936350096,95.77231227874044,0.4220310943794033,95.29266150283476,0.5833116633767301,95.45023822832655,0.5771462256822968,95.49921477814155,0.693825157612338,94.29928930767389,1.9429717957891717,95.6738268253081,0.8611479324886165,95.78322553168836,0.3435781910769712,69.91721898373659,2.2570513614382772,91.1607974659959,1.4532916572327168
93.89507027257241,0.4303450931220418,90.38357112436115,5.1235811218553815,94.13303875638842,1.459050778798217,96.10359880749573,0.4784886497205773,94.77880110732538,0.8237783723477375,92.59902044293014,1.9275202749969809,94.78066439522998,0.6261265256074323,96.5233709540034,0.3266185980407795,96.4323360306644,0.4199773466556993,95.07000638841568,0.5395404950711512,95.2669825383305,0.5957926067735289,94.97950383304939,0.6234350032721019,96.22125212947188,0.5261188272156632,95.72189097103919,0.43203850431189067,95.25314097103919,0.6459019562598544,95.47141183986369,0.6318963960575228,95.4240310902896,0.7867215758421143,94.4838692504259,1.8520740717956918,95.799882879046,0.9191641395214953,95.72694846678024,0.4614912614975161,69.77241269165246,2.5728627156317576,90.94974446337308,1.2984950325569693
93.86589293795086,0.5291704438923365,90.76130646578115,4.748608794943962,94.24308568690607,1.2893236267758381,96.06835786727713,0.2494197560162698,94.72435914499428,0.8523623092251548,92.70104080709132,1.6844687975029928,94.83908749700535,0.590561316111148,96.59275427902148,0.2964990975407369,96.40029813400058,0.4268098881982191,95.19285543162883,0.5266635261714122,95.3717358319802,0.7353005477351909,95.00306119732745,0.758094040303412,96.15486996566135,0.5564670082896364,95.69222988260975,0.3965872679049318,95.26286368355206,0.6663312863309334,95.2806984853728,0.7649939150372048,95.41752069635585,0.6823503225633929,94.84441131844439,1.4264448110157597,95.75638193095004,1.0320504895038456,95.60039396278648,0.4308774290592605,70.46343865626747,2.5508258616528043,91.12226155934731,0.8624676585636036
93.87797476441463,0.41941511359789874,90.83213544162274,4.491083707279754,94.25837193206624,1.2191099389955067,96.15796198690305,0.3889191527417888,94.83788532183357,1.0390166623371837,92.62311664803279,1.7937730032894836,95.0364691476335,0.47560187930074566,96.62860033008572,0.25922083573367644,96.37970505244104,0.44259556622978197,95.16530905606133,0.5510980825081859,95.3982324442315,0.787139490724006,95.16690624500878,0.7420449244915814,96.26790182611937,0.4120984786029997,95.65431507213971,0.3717278804728022,95.40728318160038,0.5452451165298456,95.34552520896554,0.741251941381084,95.56407389660862,0.5839846427366354,94.72661449182772,1.5981518508658845,95.76531970398766,0.9670871732353087,95.62316988766437,0.4995750127322369,70.84730873662355,2.708905817951796,90.80498322951604,1.0288197552500278
93.89564754425663,0.3531199269651419,90.56488752828429,4.840749980596063,94.30453879941433,1.2434265725711493,96.15147078397445,0.3493482124235277,94.94103553840009,0.8422552192861229,92.82896313057367,1.7764930485560013,95.00705443897245,0.5195644444697364,96.5592972181552,0.2696496190090321,96.31997870358047,0.510952101760642,95.31319046985226,0.3208280158079619,95.28310927725275,0.7377790336983517,95.13376813523226,0.6945906485844923,96.24144815652869,0.4456031680961498,95.71888726207905,0.442607028138593,95.50512445095168,0.4836184455073962,95.26261147344603,0.8079039270159569,95.55836549980033,0.6457112618577423,94.93677625449222,1.2719575169259174,95.85518434713164,0.8811200563431256,95.64754425662186,0.5504954530088314,70.30107813123918,2.5437805378563296,90.59390389990685,1.1554891228815
93.70035140027686,0.42442161042147547,91.02172292620594,4.032505656612494,94.3437866041955,1.1545165966408384,96.09812586519008,0.5022532177195402,95.02449153444788,0.7401794382127797,92.55430731551486,1.9481270139428333,95.15813012458737,0.5026647146505231,96.6246938558194,0.2717907957451653,96.27968267490151,0.5624875048288,95.43392609945693,0.3950142495008677,95.27260142689809,0.7862055580220857,95.1562666382707,0.6986542165005282,96.28766904483015,0.47960831572135937,95.7986369928655,0.5334722416916597,95.70466404003834,0.2934796263238172,95.33249920136299,0.753058221427926,95.58060909381322,0.668706564311075,95.15786391225642,1.1768713630896037,95.76083484186987,0.9178468422380965,95.69401554680013,0.5749671771680482,70.11367266531786,2.7446623652700834,90.62799488872324,1.2603523320156254
93.69592418070974,0.6003622697417218,90.79546362111651,4.446166238830486,94.45331842504592,1.052786054323462,96.12943588105315,0.4484710065522165,94.96898543779784,0.7355848228314261,92.71224343103586,1.7190615693217006,95.07653808268776,0.3840858914750504,96.62327290152545,0.3000759338678686,96.37169555147352,0.45056478414993184,95.38295663285679,0.5175788192382459,95.35234139978171,0.6690659124920636,95.20112877033252,0.7288066665442295,96.24444266964832,0.5172514497249998,95.76365040066023,0.689032274058059,95.83872427654873,0.2871678395251026,95.2274844927189,0.7965559477443765,95.65130580624552,0.6613109510762918,95.37896334158613,1.1557754685844819,95.72318504911748,0.8699619227110246,95.66248702180336,0.5742977324274066,69.71301546734819,2.1658369230111205,90.27580331709395,1.126107540435141
93.88264735637081,0.7427545834253927,91.08247697140726,4.399387679034103,94.56365475746767,1.1072238420392708,96.05319205580108,0.48739849662669865,95.07454342154305,0.7726730262726115,92.8755124860231,1.7979821249671548,95.29923859219424,0.6291310866968609,96.5992226186039,0.26449626769722556,96.32713912997177,0.48829773228442275,95.26249933443373,0.4091551486946984,95.34130238006496,0.6165859319613378,95.37378201373728,0.7845257868612764,96.21319418561312,0.5905203959568454,95.65944305415047,0.8616894538407484,95.7776476225973,0.2986629513694776,95.29897236568873,0.8339630166970291,95.49810979181086,0.6595704586870574,95.69591608540546,1.0256426139333539,95.73159043714392,0.916288089650838,95.6256322879506,0.6773552067231082,69.99920132048345,2.0735091844618365,90.2127149779032,1.2435810538375924
94.1915816937781,0.8295738375365598,90.8048241527116,4.804971590169179,94.6907696813184,0.8835873830117591,96.06666489177606,0.529019213637096,95.13511354862757,0.5006240094048927,92.747796917015,2.08766762842524,95.22004206490776,0.6068142864908014,96.56931391602993,0.22633989508645055,96.25329464071777,0.5007542497002849,95.39336013418173,0.434349398520711,95.39522376933522,0.6677679883493937,95.39682117089534,0.8670954704368417,96.26154788211177,0.43299732677907093,95.66358723143686,0.8525602812052735,95.85554165224568,0.42582238531687877,95.32147706397595,0.7917610261658619,95.4513990575331,0.598921744946653,95.74026250632305,1.1823595442389507,95.82625595697667,1.020180624141869,95.51449641915818,0.6726261990107479,70.35435691275525,1.7781174664196713,90.09451292564094,1.2934592464257673
94.1951544195953,0.7430281364833565,90.85889243876463,4.448573506480952,94.75186368477102,0.9859355095687975,96.2398828541001,0.46594408889428945,95.21938232161874,0.6014850177100923,92.8426517571885,2.1266058562783923,95.28194888178913,0.5790994326625157,96.49840255591053,0.2332116401796515,96.23748668796593,0.44755652502712373,95.59797657082004,0.37461151930234954,95.5045260915868,0.5725638790386501,95.49680511182109,0.8723583847369822,96.11900958466455,0.4865581052878166,95.53194888178913,1.1413702930245504,95.87326943556975,0.45247601875637433,95.4709797657082,0.7387202153625932,95.42758253461129,0.579025679541864,95.68264110756124,1.2145672285352203,95.77875399361024,1.0135949190372286,95.5114483493078,0.6162128352958254,70.72124600638978,1.9319251803379422,89.7390841320554,1.2026041780763508
94.2546393673953,0.6731188590325671,90.96408317580341,4.018525638811221,94.72296919513299,1.051826297684894,96.21928166351606,0.5133047099799708,95.40110226576851,0.4589821981065922,92.73090337868419,1.9676448057888405,95.56111717564366,0.36570815233706144,96.41630501344551,0.2774194446387454,96.22221038898799,0.43107553147751637,95.65137516973293,0.40398666535398703,95.5765595463138,0.6235318143060243,95.55179850368754,0.7099096759769397,96.02332330466733,0.6180553037309446,95.4937564897894,1.0901987920311367,95.77944034718709,0.5181496279380122,95.59067067813308,0.6100972813308988,95.48257408344203,0.6377243268170225,95.60105434116988,1.2692273321518956,95.67560371681887,1.1119252810287503,95.56617588327698,0.5856204892769886,70.54980164541121,1.5652356555375786,89.45552330999229,1.4638796344093308
94.33649289099526,0.650402855314173,91.23994887906703,3.6151226368945695,94.58357740028757,1.0870837668988318,96.26550934554555,0.5419894795364197,95.49044145055646,0.423151016403417,92.72591724798977,1.9139957921899757,95.57298045689333,0.36491109962050566,96.35789978167102,0.3921319453802935,96.22477235209543,0.4691988576307126,95.7074391607647,0.5900039464838639,95.53783481548541,0.6689691883407625,95.59987219766762,0.5781057058155553,96.11028276266042,0.536684801719475,95.61824378294904,0.6752099863595378,95.64433675914586,0.5061202332914103,95.57697427978061,0.6276523331188297,95.53863358006282,0.744693660299107,95.57404547632993,1.3183875186312224,95.87091964428352,1.0258636292584253,95.68081367484956,0.5847065826785519,71.0019170349859,1.8511693209754385,89.43979977634592,1.3017950228557909
94.28734989482652,0.7383662753153709,91.25436003940678,3.866168639198725,94.6571877412999,1.055191230858758,96.29416620070826,0.40126090843636564,95.4871262347898,0.37186119324977707,92.95524136645632,1.4977630085928886,95.56407593790773,0.2990893338722869,96.3833639534574,0.37921918099170954,96.23585483398568,0.437352656390622,95.7355486327449,0.5352821503020485,95.64608461804723,0.7222463206885501,95.60268392044091,0.5111040108263887,95.96533269430465,0.6918980037643505,95.73980882392097,0.41926408267351734,95.73954256197246,0.382151203558746,95.6657880022366,0.5687043575351372,95.55209415022497,0.6829349078666141,95.33668823388449,1.285908600066848,95.88758420534121,0.9061049028031833,95.55662060334957,0.5847427627057867,70.63849615251485,1.5741198545983273,88.98394440450515,1.4818395088574872
94.23634039833848,0.8308466148975229,90.99744381723295,4.239741619909489,94.75396740866971,1.208154382226497,96.30072425178402,0.5112324622843734,95.46197678133986,0.4634826223134557,93.0607625945255,1.3926387191017053,95.4151134306103,0.3420027565590356,96.44797102992864,0.2764662589389662,96.18862498668656,0.41097347302198545,95.77191394184685,0.5875351074975816,95.7357013526467,0.7305854236520729,95.58632442219618,0.5417318018637513,95.91676429864734,0.8702356962463573,95.83475343487058,0.3604382974996987,95.81265310469698,0.35781090296249296,95.63212269677283,0.6123831300079599,95.40659282138672,0.794908698311107,95.4798168069017,1.0594658661529341,96.08717648311854,0.7694891885869497,95.6084247523698,0.6194141841942972,70.8840132069443,1.66443572453602,88.97805943124935,1.7453232500092555
94.15230994541339,0.8452146664000011,91.16123019571295,3.866572582121287,94.9836240181068,1.1796696354103242,96.35894022100919,0.5160445107047917,95.44614565304218,0.4663738021155332,92.83823725203035,1.6208900498578154,95.56437225402742,0.3636552104482688,96.45000665690321,0.2614305482934298,96.24364265743574,0.3647750688179037,95.69484755691653,0.3731607001111658,95.77366529090666,0.6838599308925271,95.47596857941684,0.7337431862042346,96.00505924643855,0.7334871153800308,95.81254160564505,0.3810451402954416,95.72307282652109,0.44128759490608466,95.60990547197443,0.7126984413633604,95.39155904673147,0.8214893030740207,95.61043802423114,1.033888350002316,96.08866995073893,0.8102056265815917,95.58540806816669,0.6244745207627058,71.42590866728798,1.670034968403975,88.73758487551592,1.877187481066193
94.22138786813655,0.605685692958355,91.46455770357352,3.378430222169507,94.93209777919796,1.1746982716129841,96.32049848218567,0.5338826468431513,95.52377909144165,0.41982992916269735,92.97651382009906,1.4546875550180196,95.61884220056453,0.3374178258504728,96.52021089630932,0.29716491397875927,96.25685679288492,0.34691921021751376,95.83586302391224,0.3680912598405008,95.71710070831337,0.6520505621650113,95.54614688182353,0.6885696856829361,96.05954092773074,0.6532007144717589,95.79219257602385,0.458192568210917,95.78207381370827,0.4409910590609958,95.65612185120094,0.737175694755267,95.44842094051232,0.6650900364024399,95.70352026415297,0.8540622771537285,96.1165255365607,0.7242494326004971,95.59114874580605,0.6279859961984479,71.97688661660541,1.9978819460169455,88.3855248442243,2.1486237823335554
94.20046334513886,0.6633734169759969,92.03898490133945,2.8063727173337294,95.06643943226906,1.2561363268731038,96.3318509839427,0.5056084480967452,95.5143397331771,0.5275106184739401,93.01893324101934,1.499496883363514,95.7771682688467,0.40095716676696475,96.4167975927356,0.3510655747029999,96.22533486006446,0.3620182237405984,95.85066439432269,0.32541024504554683,95.87276649002744,0.5752147452093647,95.52339360370675,0.6585143997136017,95.9659680984209,0.7203322198505049,95.86903842569167,0.5323356425365977,95.81737810561074,0.49296234352497764,95.50821505605413,0.800409315947564,95.3939765131947,0.6182628490626615,95.71512262668762,0.783326746411383,96.18592389422949,0.6823987814256026,95.56120682768353,0.7120300634349154,72.14550102521767,1.5340701623495934,88.18895960376003,2.0291556436146423
94.30070302513847,0.7609452774915394,92.23929484448232,2.662728485166302,95.07562846186622,0.9294884094200738,96.33601406050278,0.677848460956441,95.52087771623349,0.4607191316247144,92.891190881977,1.7649091033347442,95.71341073711122,0.39783628530941434,96.32829143587558,0.3694242787784068,96.14081806561568,0.4209753431573912,95.75042607584149,0.3724410735140428,95.85481465700894,0.6058967568234859,95.52007882403069,0.729016116938055,95.81487004686834,0.9173218429984186,95.88171069450362,0.5009410860996101,95.82099488708991,0.43179620607606206,95.48972092032382,0.8467897673196001,95.20851086493396,0.7344152576721603,95.69530251384747,0.7090937770176625,96.20685982104816,0.6696288413577206,95.55949083936942,0.7346239882822451,72.51358116744781,1.0139289189803173,88.02141031103535,1.764702786315063
94.48217091422332,0.5773098143282906,92.44893611355224,2.2120086183020433,94.89840483608957,0.9256217436453308,96.36361215413703,0.611965464127362,95.45338339857793,0.4338280005033455,92.61324598545977,2.4162450422222514,95.79425314905062,0.4921059877604779,96.29170994114669,0.43865814727464064,96.17107400601849,0.41399309613474766,95.64725306915928,0.42756801409869877,95.8784053686986,0.6257736839756536,95.56017150009322,0.5544492791017193,95.8320683869937,0.9388526644577896,95.84884557002476,0.48915111916077564,95.71436180128357,0.32808248743780694,95.4523181806077,0.7969786963264786,95.26643764480306,0.9796931125617292,95.91249234374584,0.42747711103824476,96.24377513248649,0.6676750739937299,95.47308993102716,0.610322548209793,72.73414822508056,1.345669144138165,88.34491757875956,1.4790917836576745
94.46924101198402,0.6494594290672449,92.4988015978695,2.5959809706827226,94.85565912117177,0.9117429422674344,96.32703062583224,0.5810108311059632,95.40798934753663,0.4346121020831875,92.7363515312916,1.861397674744383,95.87376830892144,0.5160692502470783,96.29960053262316,0.4136158428595565,96.18162450066578,0.39699867443561904,95.58348868175764,0.23795264211819273,95.84553928095873,0.6669178009530826,95.63142476697737,0.6512548387633303,95.82876165113183,0.8434219061490776,95.90066577896138,0.41939813365438117,95.66071904127828,0.2854462678766888,95.47563249001334,0.70816797214342,95.18961384820238,0.9219236653766312,95.98135818908125,0.4286723199279592,96.35312916111852,0.4134219528989856,95.42343541944074,0.6079389527172129,73.90093209054594,1.496689017146208,88.04926764314247,1.4331029087932188
94.26855575381502,0.7572367313068082,92.42802737755997,2.9077884459601298,94.96018535779913,0.8788743917119137,96.34131401635197,0.5308216943232628,95.32424298916082,0.41759252601002755,92.72976643852033,1.9724843679837862,95.79962182747875,0.5014177437775509,96.24144451250366,0.4533398677547985,96.14636874484009,0.4491841682981739,95.67471836799915,0.36441008460399577,95.90827984766571,0.5454349543884536,95.69655649950731,0.7028204378856957,95.84383072784895,0.893100546720019,95.92159578151217,0.42569888831903185,95.58869743535112,0.45000796038478136,95.4414232070095,0.6690739867643709,95.18788782657329,0.8657335317007959,96.02332951609897,0.4082497670352013,96.30962209379746,0.4571211722825526,95.3490106261152,0.6006855394490396,74.14072278888918,0.8656278413763687,88.51580601347572,1.7955247070013214
94.20208799403431,0.6410832483996995,92.4065196548418,3.253690886680097,95.13129860445297,0.8862643370630029,96.33855331841909,0.5457063762460842,95.4125386172366,0.4234114898578847,92.71625652498135,2.0779020727281683,95.7779375732396,0.46322780006890096,96.25705763289658,0.479578989042106,96.09087035261534,0.47793389319976304,95.63199105145412,0.45843546785632694,95.83999147757538,0.47103384840038964,95.6671460530521,0.6531679002235663,95.89245765420262,0.7845190976203623,95.8581016299137,0.4570072606326513,95.53531479705977,0.4406547989690427,95.4213273676361,0.6227284252259443,95.16645360605092,0.7889542558810124,96.04479599446042,0.416810380343032,96.39128582081602,0.43057884720753653,95.27724512623841,0.5915491042799418,74.67028869713434,1.036246704186917,88.48673697666986,1.6029386780620862
94.1702399659094,0.755346904084949,92.32055823368046,3.620041143211304,95.11492263030334,0.927099913533156,96.36322475830293,0.600925381161339,95.59858310916984,0.5800216139763203,92.67984126561376,1.768559406184771,95.73894052787173,0.5246046902997673,96.29664154259993,0.5041410954204616,96.07558526646604,0.5652625615827647,95.74826217807016,0.5588564706236842,95.83828268570059,0.4627163867896166,95.789543771806,0.6175689415506438,95.79673475910192,0.9193776476795537,95.93948917356913,0.4190816781385073,95.5642261698671,0.37944021507125897,95.48113031666978,0.6139247480447279,95.09468133272965,0.8957426323639551,96.05561030175514,0.3751532600277508,96.41888832663062,0.4528100445469702,95.30907928729326,0.4774421248408993,74.15532532559192,0.9586884005272502,88.10637334540709,1.4543793860171568
94.26010760134234,0.5581362702900949,92.17146966387898,4.008796111249653,95.37740371810578,0.8735968431551243,96.25818995365685,0.6630874888157713,95.46982368294891,0.619990507307365,92.6844404197518,1.6625267981612852,95.70659990411761,0.5277403748943607,96.27923081020614,0.5043694035343911,96.01875033292495,0.5607513116446056,95.9050231715762,0.6029318374242344,95.88344963511426,0.4080032573172902,95.67437276940286,0.6481222357991947,95.92659670803815,0.7613225973814848,95.90049539231876,0.48468135157897646,95.59127470303096,0.3678540496989046,95.58434986416663,0.6484242474064507,95.1984232674586,0.848898436697506,95.95269802375752,0.33680411954801026,96.48191551696586,0.41252517052827997,95.18697064933683,0.5291437653872012,74.32589357055345,0.9345042837987245,87.92334736057104,1.3080443345883783
94.13130909575177,0.5625110976226981,92.28605673192169,3.5407661947794584,95.46570781728593,0.8660287341479088,96.34678385936877,0.5673332218699151,95.54428019709681,0.5198429192087028,92.7721400985484,1.7637561393557577,95.66706618724197,0.5448028485643425,96.2157411106672,0.5115441781532474,95.98401917698763,0.5248764480448633,95.94699693700893,0.7458650037759597,95.83353309362099,0.42319193759237556,95.66280463443869,0.6264425999202372,95.92222666133974,0.6272752944989957,95.91290451458251,0.45952122579669313,95.66759888134239,0.4060865871520038,95.63004394726326,0.6473527111248675,95.31761885737116,0.654309054757175,95.96937008922626,0.3726252347114483,96.55373551737912,0.3790698716048901,95.269676388334,0.5847734255513451,74.70235717139433,1.288488920483505,87.92409109069116,1.2304313865418346
94.2787129767739,0.5526935142407569,92.53622416364797,3.0554001128524813,95.49035797997018,0.7507582199757369,96.38663967611335,0.5684102286213892,95.6360536969955,0.5611838471907356,92.91657788195184,1.6605758084189297,95.74552525037289,0.503722166734821,96.27370551885788,0.44321521721788626,95.98178137651823,0.5318515377670581,96.04384189217986,0.6391478916511232,95.8664500319625,0.42380192073756145,95.71755806520349,0.4867359454854015,95.84380992968251,0.7413245951211974,95.8925527381206,0.47504536084212406,95.6778712976774,0.31873377513219847,95.61048369912636,0.6799067144776246,95.41391434050715,0.6071213057913557,95.86112294907308,0.40618692645312987,96.56802684849777,0.3578401267458719,95.19736842105266,0.6432300384793327,74.99946729171106,2.179428623032765,87.61879394843385,1.16456245914439
94.18746504008735,0.6095539468445115,92.35223610260236,3.2942284370685857,95.53525290999653,0.7474846244134465,96.43768478810964,0.592595034930571,95.61276403057828,0.47791241358471204,93.01867192286178,1.6948044677169936,95.87459712862585,0.4775178810148584,96.29757877633647,0.4374345782299766,95.90043416881976,0.4671454468160566,95.929467543883,0.6359564101889199,95.89244333164638,0.44667032613157187,95.71930852622326,0.44927087902187,95.85568548064887,0.8539521801628512,95.88258796579922,0.46106784265623213,95.63300748475082,0.35452520828597267,95.52965932397515,0.5806064671222633,95.42338118956931,0.677890975778706,95.77897344378445,0.450813623412777,96.5503555922542,0.35191239262778945,95.32269664118479,0.6660245474310488,75.34773459766134,2.2267932770024976,87.51218602668939,1.1118423838047127
94.15001864578339,0.5936749643553313,92.35815886207448,3.1279320448014087,95.57029460337756,0.6292486084393347,96.36646955409941,0.6719565054926006,95.61797453518726,0.5122553942964108,93.04618826913857,1.6368416275111541,95.97650631292953,0.3456066263657925,96.27803526716744,0.36970168777482476,95.96425336955943,0.47511547131781373,95.93228916946353,0.6865769244508894,95.90432049437963,0.48119894810591735,95.77113632731341,0.4290584528915999,95.90964786106228,0.8023933902657476,95.9107133343988,0.4806022962480876,95.80869426242609,0.3193849631557471,95.40860902455915,0.5954998177644306,95.43071759629215,0.639178777766085,95.85104682755313,0.49539669455331503,96.62324862820309,0.3766848529380663,95.27302754248576,0.6874090966153895,75.09163070694157,1.9904504367415168,87.29769325022642,0.8079290565400399
94.05769691803629,0.5889352919814345,92.38459284515596,3.0942737794298507,95.55765696172185,0.5773370817531353,96.34612823313176,0.6442256032495988,95.66180975466824,0.4614160695598711,92.8872432806798,1.4440422096948262,95.97133800378252,0.41440894617690155,96.29818065581631,0.38411493955376347,95.87863935430596,0.48980611012587966,95.90740790069523,0.7506762082590818,95.922857675608,0.4341579573380172,95.8139101249301,0.5406217147201279,95.81710663008444,0.9554438108227727,95.88769611890999,0.5004978125397708,96.00490130790337,0.42967735703985754,95.44844303561439,0.4864164867112275,95.43539063956742,0.6428916772746732,95.87437734743348,0.5068373393982217,96.58559974427959,0.4239485259200061,95.23507631656055,0.6712362730756591,75.02384060094298,1.9035159305196117,87.26192695985722,0.9782856604391992
93.9248801278636,0.673290672548618,92.52610548748004,2.9372968564466264,95.5713905167821,0.5586610622402203,96.31113478955781,0.6805860307957718,95.70751198721364,0.48713083324359135,92.7650506126798,1.4153187096364128,95.89184869472561,0.335762043963453,96.35029302077783,0.3017949428444552,95.82525306339906,0.5721594040903719,95.91315929675014,0.7131849753563072,95.90410229088971,0.45811784864410593,95.87160362280234,0.5972529089612012,95.81832711774108,1.0413266006626636,95.80980287693129,0.5588652053379635,95.92248268513585,0.39460424131365013,95.38412360149172,0.5253220092307154,95.38865210442195,0.653399411373213,95.84816196057538,0.4146476539067173,96.52424080980286,0.40755621009440496,95.13718700053275,0.5049101407257528,75.37506659563131,1.7737799297715398,87.47975492807673,1.0681204860780966
93.86371506966088,0.7073768113340162,92.46303844002236,2.9944200905568334,95.60323929779696,0.46327177176706535,96.3595194331229,0.5851097495712918,95.64106662404433,0.48104102051697734,93.02005913849595,1.2293168424720164,95.99456565172221,0.27991503469986306,96.28706145608567,0.2989665454523943,95.75934361597272,0.6346376463609745,96.00095900263726,0.6726512543498101,95.9173126614987,0.42930107034824,95.71299182183863,0.5221685754005518,95.85417832121263,0.9876978902423622,95.76387223953755,0.5503880346284673,95.97751671594872,0.29545239170099885,95.337648845201,0.5624125292901345,95.4282213164975,0.6200286967912514,95.89493593329604,0.31079118984345916,96.59980287168013,0.31076196203223533,95.06593143131144,0.5446189714709279,76.24044327233011,2.1801680273755997,87.4053650869762,0.8677356818203885
93.67201236080771,0.7147838470030883,92.70925462198306,2.6829786218665927,95.57408492727367,0.5749791630799163,96.46997708988225,0.43917411853057897,95.70302093878203,0.5394385539139924,93.09366508604614,1.3540613944422235,95.93585167030741,0.2370158413164189,96.27017955138793,0.30588201999815734,95.79279663274549,0.5694874615271773,96.05040225904416,0.47932491339894867,96.02669295114285,0.47209113888602117,95.68517235867652,0.5804527740915694,95.84634237306196,1.009990590468284,95.70675049283392,0.5124232103896529,95.97634397144228,0.29093692821423656,95.3274015664127,0.5335122222697647,95.35856998241783,0.6174016796102823,95.93691725717937,0.3092883104934646,96.7179924343332,0.306495183768761,94.93819596142575,0.6458496560425775,76.57866695082319,1.9936812326229214,87.78384570302094,0.9115183651806802
93.47950022644325,0.8399448241695724,92.82041718837414,2.4857052031632385,95.61632522577723,0.6392806258695342,96.46002610757387,0.44844997378956053,95.73167807763005,0.48144085851828866,93.20004262461039,1.1889236940620118,95.87979859871594,0.2337811494994345,96.21839784745717,0.3747199544775756,95.76737618882701,0.5580785418363597,96.05962117377521,0.5504826641228842,96.0590883661454,0.4735308888066484,95.71302981058687,0.5991821567226938,95.80334070383887,0.9642140419027356,95.72981325092576,0.49400125062131567,95.93973945706904,0.37120377191152576,95.37309854277113,0.5238935162392818,95.33047393238671,0.5854302480182195,95.95199403255455,0.32817068314777625,96.69073181127953,0.2851038641522783,94.86480006393693,0.7293231518076833,76.60628180195542,2.6024743243746356,87.8122918720196,0.8574217853477611
93.41485507246378,0.769076948239879,92.88523017902813,2.522397087658553,95.59862531969308,0.637348729164389,96.43968456947997,0.47107777616252106,95.78671142369991,0.4193213819059569,93.18227834612107,1.2024671003187812,95.93110613810742,0.22358860186533672,96.29156010230179,0.3049607934461374,95.77685421994885,0.5845601809583291,96.11333120204606,0.5925717140782261,96.01395993179881,0.6434314964313398,95.8253410059676,0.5662808190356565,95.80376172208015,0.8961363373768398,95.72277280477408,0.5804594922475498,95.89034526854218,0.41978819790695004,95.42599104859336,0.6252493839923164,95.40574381926683,0.44532598146673175,95.97293265132139,0.28815563877695216,96.62031116794545,0.3833600262263632,94.9768222506394,0.7427727819757058,77.03777706734869,2.1200589543190973,87.63373827791987,0.873596113736832
93.17969894764886,0.9336132508934175,92.7973891035034,2.5956753406344117,95.70267750099906,0.7413173879300171,96.345810576795,0.6439331565254494,95.80658052484348,0.417702319347002,93.28493406154256,1.2959812284650456,95.88996936192886,0.16051569019256223,96.2586918875716,0.3168203050597649,95.86812308512056,0.4887176068434095,95.93685893166376,0.5851360166523516,96.00479552417744,0.5590732264945928,95.88171040362329,0.40989395694196856,95.73651258825096,1.0814208943183605,95.68722525642735,0.5145783686089657,95.87531637138672,0.4169434193680539,95.46556547222595,0.5890585942498865,95.40082589583055,0.36419458882811456,96.09004928733182,0.326381526321002,96.66258159051553,0.35350577958747165,94.88184361262822,0.8716157034014801,77.3384840815239,2.0223815520376864,87.61262821366725,0.8577825872661411
93.15394042734587,0.8400939214210666,92.98502690893591,2.335466752239216,95.77023498694517,0.5395541934013169,96.3627644269196,0.581657694480849,95.85735599722918,0.5267264811766917,93.19603559439443,1.3511267012804629,96.01055043427291,0.3202163804132528,96.24846805562956,0.3097401288147745,95.83470986305748,0.5443739777970915,95.95460116161347,0.6323701942320518,96.06676613204027,0.4817022683759775,95.9335535780892,0.42096693063430546,95.69217243032983,0.9752093940052304,95.73613257313369,0.48115695880189085,95.8994511642777,0.4238361258432484,95.47130601587892,0.5332201518634977,95.4425321042255,0.5237218310403363,96.07875526189588,0.3411256975645956,96.63904726381412,0.351477732623509,94.90888261309746,0.8828199676557796,77.38557041615603,2.048474184792248,87.90456652634944,0.9521777289677253
93.14203500919191,0.8090243668013816,92.956065329177,2.3747022886004268,95.75919857192339,0.4736907629793881,96.35893746836118,0.5832214993563343,95.87989236138864,0.4849581425194086,93.26565955292675,1.1890217149672917,96.0674606346415,0.3868408468192623,96.20973543281912,0.3899391673063308,95.87456371726213,0.5115626025281117,95.97767298110998,0.6221212556328384,96.06213199051501,0.47558708557262713,95.80688993685557,0.5113344247563536,95.69818559667493,0.9262911001033172,95.77864812298512,0.48565585303390035,96.02509791383581,0.36598602363459887,95.42376042416006,0.4695805468553589,95.47331681453655,0.48987312560466134,96.07651932965658,0.32175083952486344,96.70769722644071,0.3039477713969534,94.9327258679029,0.7675351420590103,77.53896571017505,1.6469312606499353,87.82218314549861,1.2020764794153656
93.04593413620378,0.8392550521269236,92.95001598635831,2.4918776430055445,95.73004369604605,0.5062616034169375,96.26905041031655,0.7333870010185789,95.91495257380369,0.2972531394282819,93.16290099115423,1.2812896645226985,96.09906213364594,0.3697836811957622,96.1896514973889,0.41599265213084485,95.94665885111372,0.4628351365666636,96.01220292017476,0.39374293777037306,96.0670894170308,0.4375959596617253,95.76441436640732,0.5466917077706839,95.62480017052115,1.005131428500359,95.71512309495897,0.5631178167731036,96.09399978684856,0.31171576839324194,95.5371416391346,0.4759265328943898,95.50676755835022,0.5071568416758941,96.12757113929447,0.33603309951907984,96.76782478951294,0.26869832597125337,94.96696152616434,0.8107297556041257,77.77603112011084,1.6771897982119828,87.51039113289993,1.279995719046107
92.95302549892091,0.9685213546968434,93.1843009778583,2.304418225691291,95.74192001278944,0.3915537567195529,96.18901707921452,0.8896030971915277,95.90471876582026,0.35657458218859056,93.18989635234871,1.4081632977035783,95.98944872238948,0.4277669023705564,96.13679358397059,0.42153379052257506,95.93855745916707,0.4507278601360884,96.1333297807146,0.4422702121765101,96.0216887373105,0.4032161704264026,95.8506301457462,0.5622613237059013,95.56340092190457,1.0354852211118142,95.74138711998083,0.5522246199794525,96.15198102901601,0.29659877368365195,95.56846340358638,0.5640536336266017,95.5284964429405,0.563444125644534,96.13945804801362,0.34693010112000483,96.71524872771843,0.33241749180245356,94.96149849457782,0.8139237709043707,78.01710585915643,1.995101925971345,87.35152274120063,1.4806829444039142
92.94164668265387,1.1464339663827132,93.25393018918199,2.566785147321766,95.76711963762322,0.47229843759793944,96.25126565414337,0.6852368238245771,95.87636557420731,0.33260655639963554,93.11377564614975,1.568228706387014,96.09086064481748,0.29985538944884793,96.16466826538768,0.4319180887960577,95.94857447375432,0.39413553346188696,96.20383693045562,0.5412746341265914,96.16200373034906,0.35695064518907543,95.9555022648548,0.6033856509381306,95.62350119904076,0.8967553931686096,95.74846789235278,0.512963065210845,96.11297628563815,0.3581135091926459,95.60191846522781,0.5326634135506286,95.45989874766853,0.6323503049285729,96.11590727418066,0.2920044728821914,96.6869171329603,0.30971068028399806,94.9685584865441,0.7279849611637492,78.00932587263523,1.6979233709937684,87.00399680255795,1.5081062121801143
92.87484345439526,1.1402782962497615,93.2207093181273,2.6081181867217946,95.76354286018812,0.4485307686277151,96.28447334061657,0.5297853326402538,95.95646033733911,0.34696864437973635,93.09360761011484,1.3398811629795317,96.06570918489702,0.3574353232871766,96.1746915718511,0.40021318253379906,95.91595832556156,0.3815675839896605,96.25196514695301,0.5280724824250576,96.13978523275334,0.35003644657294836,95.95352927069732,0.5488715898186322,95.58075088598149,0.9808409034818114,95.77846465400091,0.4775150219862261,96.10674411788219,0.4787511097519508,95.69879293346477,0.4318483855948896,95.513602813824,0.661055463038278,96.17309280822832,0.3165812142836894,96.68789469476937,0.35377700519309807,95.07207759332783,0.7202930394699075,78.09027685256736,1.4684625502132689,87.1587305816835,1.6046534550023088
92.60925175868684,1.2502517017168617,93.22186101044554,2.7137940316107074,95.84816670219568,0.45376946428229176,96.39415902792582,0.3733340916230847,95.92757407802173,0.2820307322429368,93.0790343210403,1.2135110394361763,96.0949157962055,0.3472765336723871,96.17219143039863,0.4088838169148611,95.91718183756129,0.368845208205599,96.27344915796206,0.4822553828784866,96.11729908335109,0.33455113106550266,96.06533788104882,0.5251891200832254,95.61367512257515,0.9627374895624945,95.82738222127479,0.604365495048375,96.0962481347261,0.5130731677053567,95.6893519505436,0.48715521889116375,95.56331272649756,0.734877154745329,96.17885312300149,0.3225404166958884,96.68407589000213,0.3321607310237057,95.18332978043061,0.6324297581796543,78.67485610743977,1.925787169843433,87.32306544446814,1.7236556488834183
